player,team,season,position,age,minutes,goals,assists,shots,key_passes,dribbles,tackles,interceptions,market_value_eur_m
Bukayo Saka,Arsenal,2022-23,FW,21,2101,8,4,50,19,29,12,6,44.7
Bukayo Saka,Arsenal,2023-24,FW,22,1702,8,3,46,22,32,10,7,44.5
Bukayo Saka,Arsenal,2024-25,FW,23,1464,6,3,49,15,26,10,7,30.7
Martin Odegaard,Arsenal,2022-23,MF,24,2604,5,9,42,63,43,61,39,57.8
Martin Odegaard,Arsenal,2023-24,MF,25,2894,6,9,64,67,66,66,53,53.6
Martin Odegaard,Arsenal,2024-25,MF,26,1816,3,6,54,52,35,47,35,38.5
Gabriel Martinelli,Arsenal,2022-23,FW,22,2438,23,8,102,62,44,26,15,155.3
Gabriel Martinelli,Arsenal,2023-24,FW,23,2643,20,11,135,48,92,29,23,117.7
Gabriel Martinelli,Arsenal,2024-25,FW,24,1895,20,5,127,50,49,23,13,126.2
Kai Havertz,Arsenal,2022-23,FW,24,2703,18,6,77,46,68,21,14,89.8
Kai Havertz,Arsenal,2023-24,FW,25,2693,14,6,94,39,61,21,15,71.7
Kai Havertz,Arsenal,2024-25,FW,26,2448,12,7,104,42,64,20,14,77.3
Declan Rice,Arsenal,2022-23,MF,24,2187,4,5,33,37,27,50,28,30.0
Declan Rice,Arsenal,2023-24,MF,25,3010,7,6,52,69,28,60,26,51.3
Declan Rice,Arsenal,2024-25,MF,26,2216,4,6,36,47,25,42,18,34.0
William Saliba,Arsenal,2022-23,DF,22,2416,1,2,11,7,14,56,46,22.5
William Saliba,Arsenal,2023-24,DF,23,2208,1,2,9,16,13,52,34,18.8
William Saliba,Arsenal,2024-25,DF,24,2300,1,2,14,17,11,59,44,17.1
Gabriel Magalhaes,Arsenal,2022-23,DF,25,2017,1,2,14,12,14,63,48,16.1
Gabriel Magalhaes,Arsenal,2023-24,DF,26,1705,1,2,8,14,16,34,45,17.5
Gabriel Magalhaes,Arsenal,2024-25,DF,27,2757,2,2,17,19,20,97,55,20.6
Ben White,Arsenal,2022-23,DF,25,1690,1,1,10,5,9,42,36,11.1
Ben White,Arsenal,2023-24,DF,26,2004,1,1,9,12,11,44,24,10.8
Ben White,Arsenal,2024-25,DF,27,1873,1,2,6,8,11,28,39,12.3
Leandro Trossard,Arsenal,2022-23,FW,28,2495,13,5,62,26,31,15,12,45.0
Leandro Trossard,Arsenal,2023-24,FW,29,2244,11,3,57,28,39,12,9,37.8
Leandro Trossard,Arsenal,2024-25,FW,30,2605,10,5,67,35,36,14,7,54.6
David Raya,Arsenal,2022-23,GK,27,2173,0,0,1,4,3,3,10,13.7
David Raya,Arsenal,2023-24,GK,28,3012,0,1,2,9,4,5,13,17.5
David Raya,Arsenal,2024-25,GK,29,2241,0,1,1,7,3,3,8,15.2
Erling Haaland,Manchester City,2022-23,FW,23,2765,13,6,79,40,53,18,15,66.4
Erling Haaland,Manchester City,2023-24,FW,24,2531,15,6,88,35,50,19,14,74.4
Erling Haaland,Manchester City,2024-25,FW,25,2404,12,4,87,40,49,18,14,51.5
Phil Foden,Manchester City,2022-23,MF,23,3502,4,13,78,73,80,102,67,86.3
Phil Foden,Manchester City,2023-24,MF,24,4071,12,13,103,104,104,163,81,106.4
Phil Foden,Manchester City,2024-25,MF,25,2723,3,11,50,86,52,114,68,69.3
Bernardo Silva,Manchester City,2022-23,MF,28,2425,4,6,31,62,45,55,25,36.9
Bernardo Silva,Manchester City,2023-24,MF,29,2403,2,5,33,40,28,46,29,26.4
Bernardo Silva,Manchester City,2024-25,MF,30,1990,3,5,27,40,28,33,24,23.0
Rodri,Manchester City,2022-23,MF,27,2425,5,5,47,44,46,59,50,46.2
Rodri,Manchester City,2023-24,MF,28,3129,5,9,59,64,87,64,46,59.7
Rodri,Manchester City,2024-25,MF,29,1807,4,5,41,48,30,47,31,37.6
Josko Gvardiol,Manchester City,2022-23,DF,22,1873,1,1,7,6,7,24,22,11.4
Josko Gvardiol,Manchester City,2023-24,DF,23,1384,1,1,6,8,8,24,24,9.7
Josko Gvardiol,Manchester City,2024-25,DF,24,2148,1,2,16,9,14,50,38,15.8
Ruben Dias,Manchester City,2022-23,DF,26,2204,1,2,14,14,13,45,39,20.0
Ruben Dias,Manchester City,2023-24,DF,27,1958,1,1,8,10,16,56,44,15.0
Ruben Dias,Manchester City,2024-25,DF,28,3262,2,3,18,30,26,99,75,25.4
Kyle Walker,Manchester City,2022-23,DF,33,3284,1,1,11,11,10,59,21,20.9
Kyle Walker,Manchester City,2023-24,DF,34,2396,0,1,6,8,6,34,23,13.2
Kyle Walker,Manchester City,2024-25,DF,35,2293,1,1,6,6,9,34,25,15.7
Jeremy Doku,Manchester City,2022-23,FW,21,1618,4,3,33,14,17,7,4,25.9
Jeremy Doku,Manchester City,2023-24,FW,22,1752,5,2,29,16,26,7,5,27.1
Jeremy Doku,Manchester City,2024-25,FW,23,1588,6,2,32,22,25,8,5,22.3
Savinho,Manchester City,2022-23,FW,19,2706,12,4,62,37,41,19,9,102.5
Savinho,Manchester City,2023-24,FW,20,2689,16,6,83,49,66,20,11,109.3
Savinho,Manchester City,2024-25,FW,21,3648,19,8,116,50,80,26,19,157.9
Ederson,Manchester City,2022-23,GK,30,2563,0,1,1,4,3,2,6,10.4
Ederson,Manchester City,2023-24,GK,31,3284,0,1,1,5,2,2,6,17.6
Ederson,Manchester City,2024-25,GK,32,2702,0,0,1,5,2,2,5,12.2
Mohamed Salah,Liverpool,2022-23,FW,31,3333,23,10,148,52,74,27,18,145.1
Mohamed Salah,Liverpool,2023-24,FW,32,2600,16,5,43,32,55,18,10,78.8
Mohamed Salah,Liverpool,2024-25,FW,33,1941,7,3,57,24,32,10,9,54.6
Luis Diaz,Liverpool,2022-23,FW,26,2327,14,6,76,33,57,12,11,59.7
Luis Diaz,Liverpool,2023-24,FW,27,2792,18,9,101,23,67,16,16,62.0
Luis Diaz,Liverpool,2024-25,FW,28,2933,16,7,115,53,61,26,16,81.4
Cody Gakpo,Liverpool,2022-23,FW,24,1871,8,4,53,28,37,12,8,44.3
Cody Gakpo,Liverpool,2023-24,FW,25,2013,11,4,60,33,42,10,8,41.8
Cody Gakpo,Liverpool,2024-25,FW,26,1935,9,4,51,36,52,9,9,47.1
Dominik Szoboszlai,Liverpool,2022-23,MF,23,2309,4,4,39,35,29,57,32,31.6
Dominik Szoboszlai,Liverpool,2023-24,MF,24,1829,3,4,25,29,22,31,27,22.8
Dominik Szoboszlai,Liverpool,2024-25,MF,25,1996,3,3,31,40,27,47,30,30.3
Alexis Mac Allister,Liverpool,2022-23,MF,25,3377,6,8,80,94,77,77,54,54.4
Alexis Mac Allister,Liverpool,2023-24,MF,26,2296,4,9,49,56,33,54,36,46.4
Alexis Mac Allister,Liverpool,2024-25,MF,27,3312,8,11,62,56,63,100,57,63.8
Virgil van Dijk,Liverpool,2022-23,DF,32,2230,0,1,6,8,6,26,22,13.5
Virgil van Dijk,Liverpool,2023-24,DF,33,2044,1,1,5,5,5,26,14,13.7
Virgil van Dijk,Liverpool,2024-25,DF,34,2008,1,1,5,5,4,20,17,12.2
Trent Alexander-Arnold,Liverpool,2022-23,DF,25,2965,2,3,18,20,20,64,49,23.7
Trent Alexander-Arnold,Liverpool,2023-24,DF,26,3031,2,3,19,20,23,65,57,24.3
Trent Alexander-Arnold,Liverpool,2024-25,DF,27,1980,1,2,12,12,16,62,43,14.7
Ibrahima Konate,Liverpool,2022-23,DF,24,1023,0,0,3,3,4,11,11,3.3
Ibrahima Konate,Liverpool,2023-24,DF,25,855,0,0,3,3,2,7,8,2.4
Ibrahima Konate,Liverpool,2024-25,DF,26,1013,0,0,3,3,4,15,9,2.9
Ryan Gravenberch,Liverpool,2022-23,MF,21,2470,3,5,30,42,20,30,28,38.6
Ryan Gravenberch,Liverpool,2023-24,MF,22,1736,2,3,26,26,23,33,16,21.8
Ryan Gravenberch,Liverpool,2024-25,MF,23,2789,4,6,40,60,39,63,40,41.4
Alisson,Liverpool,2022-23,GK,31,3460,0,1,1,7,3,2,7,15.5
Alisson,Liverpool,2023-24,GK,32,1979,0,0,1,3,1,1,4,11.9
Alisson,Liverpool,2024-25,GK,33,1374,0,0,0,2,0,1,3,6.8
Bruno Fernandes,Manchester United,2022-23,MF,29,2764,4,9,57,75,43,80,48,68.4
Bruno Fernandes,Manchester United,2023-24,MF,30,3607,7,11,81,97,75,111,49,89.7
Bruno Fernandes,Manchester United,2024-25,MF,31,1591,2,4,24,40,20,25,19,35.6
Marcus Rashford,Manchester United,2022-23,FW,26,1857,9,3,49,25,37,12,7,32.7
Marcus Rashford,Manchester United,2023-24,FW,27,2209,8,4,41,35,44,12,6,35.5
Marcus Rashford,Manchester United,2024-25,FW,28,2052,9,4,51,27,25,9,12,38.8
Alejandro Garnacho,Manchester United,2022-23,FW,19,2254,8,3,35,23,29,12,5,43.3
Alejandro Garnacho,Manchester United,2023-24,FW,20,2533,7,5,64,21,30,11,8,47.9
Alejandro Garnacho,Manchester United,2024-25,FW,21,2434,9,4,39,23,36,12,7,55.1
Rasmus Hojlund,Manchester United,2022-23,FW,21,2289,15,5,47,37,44,13,9,83.9
Rasmus Hojlund,Manchester United,2023-24,FW,22,2945,15,6,91,45,68,20,12,83.4
Rasmus Hojlund,Manchester United,2024-25,FW,23,2205,13,5,80,53,59,17,13,84.2
Kobbie Mainoo,Manchester United,2022-23,MF,18,1580,1,2,10,10,9,12,6,21.1
Kobbie Mainoo,Manchester United,2023-24,MF,19,1923,1,2,15,17,12,18,13,20.2
Kobbie Mainoo,Manchester United,2024-25,MF,20,2206,1,3,23,32,14,33,14,25.5
Lisandro Martinez,Manchester United,2022-23,DF,26,3860,4,5,27,57,41,162,103,64.5
Lisandro Martinez,Manchester United,2023-24,DF,27,3281,3,7,32,36,40,160,70,45.0
Lisandro Martinez,Manchester United,2024-25,DF,28,3358,3,4,24,40,34,140,83,45.4
Diogo Dalot,Manchester United,2022-23,DF,24,3371,2,4,20,29,29,77,70,35.6
Diogo Dalot,Manchester United,2023-24,DF,25,2284,2,2,13,13,15,70,48,22.0
Diogo Dalot,Manchester United,2024-25,DF,26,2467,2,3,18,18,18,74,39,23.0
Luke Shaw,Manchester United,2022-23,DF,28,3567,4,3,21,27,34,156,141,55.4
Luke Shaw,Manchester United,2023-24,DF,29,2568,2,4,17,23,22,114,73,39.1
Luke Shaw,Manchester United,2024-25,DF,30,2736,2,3,21,22,17,109,91,36.0
Casemiro,Manchester United,2022-23,MF,32,3318,5,8,48,75,36,84,39,67.4
Casemiro,Manchester United,2023-24,MF,33,2682,3,5,32,42,24,37,28,53.2
Casemiro,Manchester United,2024-25,MF,34,2090,2,4,26,38,15,37,26,42.1
Andre Onana,Manchester United,2022-23,GK,27,3636,0,1,3,7,5,5,16,25.1
Andre Onana,Manchester United,2023-24,GK,28,2494,0,1,2,9,3,4,11,19.2
Andre Onana,Manchester United,2024-25,GK,29,2969,0,1,2,7,3,3,12,20.7
Cole Palmer,Chelsea,2022-23,FW,21,2352,11,4,37,24,36,16,9,58.9
Cole Palmer,Chelsea,2023-24,FW,22,1823,8,3,36,21,28,12,8,45.0
Cole Palmer,Chelsea,2024-25,FW,23,2518,12,5,67,41,47,20,14,57.4
Nicolas Jackson,Chelsea,2022-23,FW,22,500,1,0,5,4,5,2,1,5.5
Nicolas Jackson,Chelsea,2023-24,FW,23,513,1,1,9,4,5,2,1,5.9
Nicolas Jackson,Chelsea,2024-25,FW,24,1235,4,1,18,11,15,6,4,11.4
Enzo Fernandez,Chelsea,2022-23,MF,23,4100,5,11,68,111,95,140,78,82.1
Enzo Fernandez,Chelsea,2023-24,MF,24,2591,5,9,40,61,35,88,46,63.5
Enzo Fernandez,Chelsea,2024-25,MF,25,2468,4,7,56,86,33,62,57,58.2
Moises Caicedo,Chelsea,2022-23,MF,22,588,0,1,3,4,3,5,2,3.3
Moises Caicedo,Chelsea,2023-24,MF,23,800,1,1,5,6,4,4,4,4.0
Moises Caicedo,Chelsea,2024-25,MF,24,687,1,1,6,6,3,5,3,3.7
Christopher Nkunku,Chelsea,2022-23,FW,26,1164,2,1,23,10,10,5,3,9.6
Christopher Nkunku,Chelsea,2023-24,FW,27,842,2,1,11,5,8,4,1,7.0
Christopher Nkunku,Chelsea,2024-25,FW,28,1330,4,1,14,11,16,4,3,9.2
Reece James,Chelsea,2022-23,DF,24,3675,4,7,40,48,48,161,115,68.0
Reece James,Chelsea,2023-24,DF,25,2910,4,6,37,40,41,143,111,65.4
Reece James,Chelsea,2024-25,DF,26,4170,6,10,48,66,65,200,188,89.3
Levi Colwill,Chelsea,2022-23,DF,21,3435,1,2,17,18,18,86,57,36.2
Levi Colwill,Chelsea,2023-24,DF,22,2684,1,3,12,20,17,73,56,26.3
Levi Colwill,Chelsea,2024-25,DF,23,3155,2,2,16,18,23,60,58,31.2
Marc Cucurella,Chelsea,2022-23,DF,25,2215,1,1,12,13,10,61,31,16.9
Marc Cucurella,Chelsea,2023-24,DF,26,1970,1,2,11,12,6,46,42,14.4
Marc Cucurella,Chelsea,2024-25,DF,27,1798,1,1,7,13,11,44,30,10.7
Noni Madueke,Chelsea,2022-23,FW,21,1426,3,2,25,10,16,4,3,19.0
Noni Madueke,Chelsea,2023-24,FW,22,1548,4,2,27,12,16,5,3,15.2
Noni Madueke,Chelsea,2024-25,FW,23,840,3,1,16,10,9,3,3,11.8
Robert Sanchez,Chelsea,2022-23,GK,26,1617,0,0,1,2,1,1,4,5.8
Robert Sanchez,Chelsea,2023-24,GK,27,2120,0,0,1,3,2,2,5,6.6
Robert Sanchez,Chelsea,2024-25,GK,28,1924,0,0,1,2,1,1,3,6.7
Son Heung-min,Tottenham Hotspur,2022-23,FW,31,2150,10,4,67,28,30,20,10,60.3
Son Heung-min,Tottenham Hotspur,2023-24,FW,32,2077,8,4,41,15,28,11,6,50.1
Son Heung-min,Tottenham Hotspur,2024-25,FW,33,3342,10,5,67,29,60,9,10,78.0
James Maddison,Tottenham Hotspur,2022-23,MF,27,2048,2,4,26,26,19,36,37,20.3
James Maddison,Tottenham Hotspur,2023-24,MF,28,2697,4,6,28,54,35,55,36,32.0
James Maddison,Tottenham Hotspur,2024-25,MF,29,1582,2,3,20,26,18,38,19,15.2
Dejan Kulusevski,Tottenham Hotspur,2022-23,MF,23,1988,3,4,18,45,21,48,25,23.6
Dejan Kulusevski,Tottenham Hotspur,2023-24,MF,24,2177,3,6,37,21,34,44,23,31.9
Dejan Kulusevski,Tottenham Hotspur,2024-25,MF,25,3033,5,6,45,60,37,48,33,34.5
Brennan Johnson,Tottenham Hotspur,2022-23,FW,23,832,1,1,9,6,7,3,1,4.8
Brennan Johnson,Tottenham Hotspur,2023-24,FW,24,615,1,1,10,3,5,1,1,3.6
Brennan Johnson,Tottenham Hotspur,2024-25,FW,25,978,2,1,11,6,7,4,2,5.9
Cristian Romero,Tottenham Hotspur,2022-23,DF,26,1641,1,1,5,8,6,28,20,8.0
Cristian Romero,Tottenham Hotspur,2023-24,DF,27,1343,0,1,3,6,6,21,19,5.9
Cristian Romero,Tottenham Hotspur,2024-25,DF,28,1994,1,1,7,9,7,29,22,8.0
Micky van de Ven,Tottenham Hotspur,2022-23,DF,22,1919,1,1,10,10,13,42,36,20.1
Micky van de Ven,Tottenham Hotspur,2023-24,DF,23,2895,1,2,12,16,15,41,55,28.1
Micky van de Ven,Tottenham Hotspur,2024-25,DF,24,2694,1,2,19,19,17,61,45,25.0
Destiny Udogie,Tottenham Hotspur,2022-23,DF,21,4268,2,3,24,33,28,114,81,44.6
Destiny Udogie,Tottenham Hotspur,2023-24,DF,22,2838,2,3,23,25,21,65,69,30.3
Destiny Udogie,Tottenham Hotspur,2024-25,DF,23,3278,2,3,22,31,25,83,86,34.3
Pape Matar Sarr,Tottenham Hotspur,2022-23,MF,21,3205,7,5,52,76,61,89,44,78.9
Pape Matar Sarr,Tottenham Hotspur,2023-24,MF,22,3239,7,8,70,108,67,101,73,77.0
Pape Matar Sarr,Tottenham Hotspur,2024-25,MF,23,3666,5,14,73,105,70,161,87,116.5
Dominic Solanke,Tottenham Hotspur,2022-23,FW,26,2191,15,6,85,34,55,19,13,62.3
Dominic Solanke,Tottenham Hotspur,2023-24,FW,27,2542,15,8,91,51,49,20,17,77.7
Dominic Solanke,Tottenham Hotspur,2024-25,FW,28,2578,10,7,96,52,65,19,15,58.7
Guglielmo Vicario,Tottenham Hotspur,2022-23,GK,27,938,0,0,0,1,0,0,1,1.9
Guglielmo Vicario,Tottenham Hotspur,2023-24,GK,28,1050,0,0,0,1,0,0,1,2.0
Guglielmo Vicario,Tottenham Hotspur,2024-25,GK,29,1406,0,0,0,1,1,1,2,2.5
Alexander Isak,Newcastle United,2022-23,FW,24,2439,18,8,136,43,80,31,15,87.7
Alexander Isak,Newcastle United,2023-24,FW,25,2247,14,9,134,42,66,22,16,103.5
Alexander Isak,Newcastle United,2024-25,FW,26,2562,21,10,126,69,55,17,16,93.8
Anthony Gordon,Newcastle United,2022-23,FW,23,3160,18,10,98,46,70,18,11,103.2
Anthony Gordon,Newcastle United,2023-24,FW,24,2463,17,7,95,25,51,15,12,66.9
Anthony Gordon,Newcastle United,2024-25,FW,25,2856,15,8,120,47,57,28,15,78.6
Bruno Guimaraes,Newcastle United,2022-23,MF,26,1978,2,3,25,40,22,42,26,22.9
Bruno Guimaraes,Newcastle United,2023-24,MF,27,2093,2,5,25,42,23,35,30,24.3
Bruno Guimaraes,Newcastle United,2024-25,MF,28,1753,2,3,14,28,24,28,22,14.6
Sandro Tonali,Newcastle United,2022-23,MF,23,1256,1,2,9,18,10,17,10,7.6
Sandro Tonali,Newcastle United,2023-24,MF,24,1057,1,2,11,10,7,15,11,8.7
Sandro Tonali,Newcastle United,2024-25,MF,25,1142,1,1,9,9,9,17,10,8.2
Sven Botman,Newcastle United,2022-23,DF,24,2639,1,1,14,14,17,55,59,18.2
Sven Botman,Newcastle United,2023-24,DF,25,2282,1,2,14,12,15,45,41,20.1
Sven Botman,Newcastle United,2024-25,DF,26,2348,1,2,13,18,14,79,45,18.4
Kieran Trippier,Newcastle United,2022-23,DF,33,3336,1,2,12,11,10,36,32,29.3
Kieran Trippier,Newcastle United,2023-24,DF,34,2800,1,1,7,8,8,48,28,21.9
Kieran Trippier,Newcastle United,2024-25,DF,35,2514,1,1,8,11,11,32,31,17.8
Fabian Schar,Newcastle United,2022-23,DF,32,3774,2,3,27,28,38,100,80,67.0
Fabian Schar,Newcastle United,2023-24,DF,33,2369,1,2,16,15,15,56,55,44.0
Fabian Schar,Newcastle United,2024-25,DF,34,2629,2,1,16,19,18,78,40,48.2
Joelinton,Newcastle United,2022-23,MF,27,2656,7,11,53,93,57,98,48,83.4
Joelinton,Newcastle United,2023-24,MF,28,3124,8,7,59,90,48,107,79,84.8
Joelinton,Newcastle United,2024-25,MF,29,3353,9,11,67,61,80,102,76,94.1
Harvey Barnes,Newcastle United,2022-23,FW,26,3449,20,9,153,68,91,26,18,128.3
Harvey Barnes,Newcastle United,2023-24,FW,27,2347,12,8,123,36,60,18,14,61.6
Harvey Barnes,Newcastle United,2024-25,FW,28,3124,21,7,149,51,70,21,16,106.2
Nick Pope,Newcastle United,2022-23,GK,31,2753,0,0,2,6,3,3,7,15.4
Nick Pope,Newcastle United,2023-24,GK,32,3234,0,1,1,5,3,2,5,18.3
Nick Pope,Newcastle United,2024-25,GK,33,2954,0,0,1,3,2,2,4,17.6
Ollie Watkins,Aston Villa,2022-23,FW,28,2964,23,10,108,55,109,37,17,149.0
Ollie Watkins,Aston Villa,2023-24,FW,29,3382,27,10,177,74,110,26,23,192.0
Ollie Watkins,Aston Villa,2024-25,FW,30,2752,22,8,113,57,74,20,10,126.0
Morgan Rogers,Aston Villa,2022-23,MF,21,1066,1,1,8,9,10,13,9,11.1
Morgan Rogers,Aston Villa,2023-24,MF,22,1623,1,2,19,16,12,24,11,11.9
Morgan Rogers,Aston Villa,2024-25,MF,23,1091,1,1,11,11,9,18,12,8.0
John McGinn,Aston Villa,2022-23,MF,29,3241,4,8,53,62,43,91,32,44.6
John McGinn,Aston Villa,2023-24,MF,30,2548,4,7,37,46,26,54,25,42.2
John McGinn,Aston Villa,2024-25,MF,31,3286,4,6,48,60,50,53,43,53.0
Youri Tielemans,Aston Villa,2022-23,MF,26,2547,4,7,36,63,33,62,34,38.6
Youri Tielemans,Aston Villa,2023-24,MF,27,2236,3,6,27,47,37,38,20,29.7
Youri Tielemans,Aston Villa,2024-25,MF,28,2104,2,4,36,34,31,51,19,22.6
Ezri Konsa,Aston Villa,2022-23,DF,26,2136,1,2,13,11,17,61,42,16.8
Ezri Konsa,Aston Villa,2023-24,DF,27,1510,1,2,6,7,11,35,30,13.1
Ezri Konsa,Aston Villa,2024-25,DF,28,3014,2,2,16,15,20,74,58,21.4
Pau Torres,Aston Villa,2022-23,DF,27,2444,2,2,16,21,21,101,56,26.7
Pau Torres,Aston Villa,2023-24,DF,28,2472,2,3,18,15,21,82,67,29.1
Pau Torres,Aston Villa,2024-25,DF,29,1200,1,1,8,11,9,36,25,12.4
Lucas Digne,Aston Villa,2022-23,DF,30,1880,1,1,7,8,4,35,22,11.6
Lucas Digne,Aston Villa,2023-24,DF,31,1943,1,1,6,8,6,19,17,9.4
Lucas Digne,Aston Villa,2024-25,DF,32,2036,1,1,6,7,8,28,17,12.4
Leon Bailey,Aston Villa,2022-23,FW,26,2004,7,3,39,17,29,8,6,23.4
Leon Bailey,Aston Villa,2023-24,FW,27,1547,5,3,27,18,18,8,5,16.4
Leon Bailey,Aston Villa,2024-25,FW,28,1377,3,2,29,13,22,7,3,16.8
Amadou Onana,Aston Villa,2022-23,MF,22,1514,1,2,10,18,15,19,9,12.3
Amadou Onana,Aston Villa,2023-24,MF,23,1547,1,2,15,20,8,24,14,11.2
Amadou Onana,Aston Villa,2024-25,MF,24,1206,1,2,12,14,10,14,11,9.3
Emiliano Martinez,Aston Villa,2022-23,GK,31,1973,0,0,1,3,2,2,6,10.5
Emiliano Martinez,Aston Villa,2023-24,GK,32,2384,0,0,1,4,2,2,4,12.6
Emiliano Martinez,Aston Villa,2024-25,GK,33,3329,0,0,1,4,2,2,5,16.1
Kaoru Mitoma,Brighton & Hove Albion,2022-23,FW,26,1754,7,3,43,22,24,13,5,25.5
Kaoru Mitoma,Brighton & Hove Albion,2023-24,FW,27,1536,8,3,31,22,29,7,6,22.3
Kaoru Mitoma,Brighton & Hove Albion,2024-25,FW,28,2049,10,4,60,25,41,16,10,33.5
Danny Welbeck,Brighton & Hove Albion,2022-23,FW,33,2949,10,4,49,23,25,10,9,59.0
Danny Welbeck,Brighton & Hove Albion,2023-24,FW,34,2516,7,3,55,21,30,12,6,47.3
Danny Welbeck,Brighton & Hove Albion,2024-25,FW,35,2944,10,5,43,23,31,11,6,62.4
Georginio Rutter,Brighton & Hove Albion,2022-23,FW,21,1589,7,3,46,16,29,11,6,41.7
Georginio Rutter,Brighton & Hove Albion,2023-24,FW,22,2432,10,6,68,42,45,18,10,60.1
Georginio Rutter,Brighton & Hove Albion,2024-25,FW,23,1807,9,5,56,19,26,13,7,49.3
Carlos Baleba,Brighton & Hove Albion,2022-23,MF,19,2783,3,4,29,31,22,48,26,47.6
Carlos Baleba,Brighton & Hove Albion,2023-24,MF,20,2689,3,5,23,34,19,35,24,38.5
Carlos Baleba,Brighton & Hove Albion,2024-25,MF,21,2875,4,8,40,48,31,68,43,51.4
Jack Hinshelwood,Brighton & Hove Albion,2022-23,MF,18,2769,3,4,25,40,25,59,32,55.5
Jack Hinshelwood,Brighton & Hove Albion,2023-24,MF,19,2135,3,3,25,29,20,32,24,39.4
Jack Hinshelwood,Brighton & Hove Albion,2024-25,MF,20,2843,4,6,37,54,44,58,39,61.0
Lewis Dunk,Brighton & Hove Albion,2022-23,DF,32,2650,1,1,5,9,11,48,27,18.3
Lewis Dunk,Brighton & Hove Albion,2023-24,DF,33,2121,1,1,5,8,6,25,18,15.2
Lewis Dunk,Brighton & Hove Albion,2024-25,DF,34,1726,0,0,6,5,4,20,19,9.3
Jan Paul van Hecke,Brighton & Hove Albion,2022-23,DF,23,1953,1,1,8,13,9,43,28,12.5
Jan Paul van Hecke,Brighton & Hove Albion,2023-24,DF,24,2208,1,2,11,14,15,48,36,15.6
Jan Paul van Hecke,Brighton & Hove Albion,2024-25,DF,25,1726,1,2,6,9,9,42,33,13.9
Pervis Estupinan,Brighton & Hove Albion,2022-23,DF,25,2970,2,3,23,17,22,77,76,30.9
Pervis Estupinan,Brighton & Hove Albion,2023-24,DF,26,2382,2,2,13,16,20,71,61,22.6
Pervis Estupinan,Brighton & Hove Albion,2024-25,DF,27,3275,2,4,22,22,21,125,76,28.5
Yankuba Minteh,Brighton & Hove Albion,2022-23,FW,19,2121,6,3,31,19,24,9,5,49.4
Yankuba Minteh,Brighton & Hove Albion,2023-24,FW,20,1985,6,3,40,17,22,8,5,45.3
Yankuba Minteh,Brighton & Hove Albion,2024-25,FW,21,2767,9,5,92,30,46,16,9,55.9
Bart Verbruggen,Brighton & Hove Albion,2022-23,GK,21,2926,0,0,1,5,2,2,9,21.4
Bart Verbruggen,Brighton & Hove Albion,2023-24,GK,22,2755,0,1,1,5,3,2,7,18.4
Bart Verbruggen,Brighton & Hove Albion,2024-25,GK,23,3011,0,1,1,5,3,4,9,21.3
Jarrod Bowen,West Ham United,2022-23,FW,27,2504,15,6,111,29,62,17,13,78.4
Jarrod Bowen,West Ham United,2023-24,FW,28,2415,7,6,82,43,63,17,14,50.9
Jarrod Bowen,West Ham United,2024-25,FW,29,3664,23,10,125,57,100,28,16,89.5
Lucas Paqueta,West Ham United,2022-23,MF,26,1831,3,5,33,45,31,53,22,29.4
Lucas Paqueta,West Ham United,2023-24,MF,27,2579,4,8,40,59,38,69,40,46.0
Lucas Paqueta,West Ham United,2024-25,MF,28,3066,5,8,64,63,56,81,45,54.3
Mohammed Kudus,West Ham United,2022-23,FW,23,1821,5,3,37,15,28,7,5,26.6
Mohammed Kudus,West Ham United,2023-24,FW,24,1568,5,2,27,20,25,8,5,23.9
Mohammed Kudus,West Ham United,2024-25,FW,25,1440,5,3,30,16,28,6,4,18.1
Tomas Soucek,West Ham United,2022-23,MF,28,2176,3,5,34,37,31,50,34,35.6
Tomas Soucek,West Ham United,2023-24,MF,29,1971,3,5,29,30,30,46,33,32.1
Tomas Soucek,West Ham United,2024-25,MF,30,1933,3,5,27,31,28,49,24,27.7
Edson Alvarez,West Ham United,2022-23,MF,26,736,0,1,4,8,6,8,4,3.4
Edson Alvarez,West Ham United,2023-24,MF,27,568,0,0,4,5,4,6,3,1.8
Edson Alvarez,West Ham United,2024-25,MF,28,1051,0,1,5,10,6,9,6,4.0
Max Kilman,West Ham United,2022-23,DF,26,1531,1,1,7,8,8,28,21,8.6
Max Kilman,West Ham United,2023-24,DF,27,1637,1,1,6,6,11,26,26,7.2
Max Kilman,West Ham United,2024-25,DF,28,1435,1,1,5,7,6,25,21,9.0
Aaron Wan-Bissaka,West Ham United,2022-23,DF,26,2322,2,3,22,23,20,94,79,33.5
Aaron Wan-Bissaka,West Ham United,2023-24,DF,27,3796,3,5,32,30,43,158,87,57.1
Aaron Wan-Bissaka,West Ham United,2024-25,DF,28,2134,2,3,20,22,22,101,70,27.8
Emerson,West Ham United,2022-23,DF,29,2558,1,2,18,12,18,79,42,20.2
Emerson,West Ham United,2023-24,DF,30,3435,2,3,19,18,18,111,59,26.8
Emerson,West Ham United,2024-25,DF,31,3212,2,3,13,25,23,89,44,33.1
Niclas Fullkrug,West Ham United,2022-23,FW,30,2985,20,6,83,53,81,17,16,96.2
Niclas Fullkrug,West Ham United,2023-24,FW,31,2873,13,7,81,33,43,17,13,69.3
Niclas Fullkrug,West Ham United,2024-25,FW,32,2109,10,4,44,28,47,13,6,50.3
Alphonse Areola,West Ham United,2022-23,GK,30,2833,0,1,2,5,3,2,8,18.7
Alphonse Areola,West Ham United,2023-24,GK,31,2448,0,0,1,4,3,2,6,13.4
Alphonse Areola,West Ham United,2024-25,GK,32,3557,0,1,1,5,2,3,9,19.4
Eberechi Eze,Crystal Palace,2022-23,MF,25,3266,7,7,60,82,39,97,46,61.9
Eberechi Eze,Crystal Palace,2023-24,MF,26,2837,3,7,52,78,46,52,48,40.1
Eberechi Eze,Crystal Palace,2024-25,MF,27,2746,3,7,50,56,40,65,33,45.5
Jean-Philippe Mateta,Crystal Palace,2022-23,FW,26,2203,11,6,72,24,55,15,11,46.2
Jean-Philippe Mateta,Crystal Palace,2023-24,FW,27,2034,8,2,46,22,42,10,8,31.2
Jean-Philippe Mateta,Crystal Palace,2024-25,FW,28,1456,6,3,39,23,27,10,6,27.1
Ismaila Sarr,Crystal Palace,2022-23,FW,25,2628,21,9,103,54,70,25,21,123.7
Ismaila Sarr,Crystal Palace,2023-24,FW,26,3398,21,12,162,72,87,36,20,132.7
Ismaila Sarr,Crystal Palace,2024-25,FW,27,2161,16,7,80,29,48,21,11,86.6
Adam Wharton,Crystal Palace,2022-23,MF,19,3122,3,5,45,54,26,58,37,80.0
Adam Wharton,Crystal Palace,2023-24,MF,20,2359,3,7,26,55,32,28,35,52.0
Adam Wharton,Crystal Palace,2024-25,MF,21,3092,4,8,56,87,69,84,49,92.1
Daniel Munoz,Crystal Palace,2022-23,DF,27,2256,1,2,17,15,16,65,41,16.4
Daniel Munoz,Crystal Palace,2023-24,DF,28,2142,1,2,10,15,14,56,41,14.4
Daniel Munoz,Crystal Palace,2024-25,DF,29,2885,1,2,13,14,12,67,48,21.9
Marc Guehi,Crystal Palace,2022-23,DF,23,3403,2,3,26,14,22,121,88,33.8
Marc Guehi,Crystal Palace,2023-24,DF,24,2618,1,3,18,23,18,84,35,26.7
Marc Guehi,Crystal Palace,2024-25,DF,25,2601,2,3,12,22,15,84,48,27.9
Maxence Lacroix,Crystal Palace,2022-23,DF,23,804,0,0,2,2,2,11,6,2.8
Maxence Lacroix,Crystal Palace,2023-24,DF,24,854,0,0,2,3,2,9,9,2.9
Maxence Lacroix,Crystal Palace,2024-25,DF,25,611,0,0,1,2,2,8,7,1.8
Tyrick Mitchell,Crystal Palace,2022-23,DF,24,2395,1,2,12,14,15,49,52,20.1
Tyrick Mitchell,Crystal Palace,2023-24,DF,25,2048,1,1,12,14,15,69,54,13.3
Tyrick Mitchell,Crystal Palace,2024-25,DF,26,3039,2,1,19,17,21,70,61,21.9
Will Hughes,Crystal Palace,2022-23,MF,28,2373,3,4,28,44,38,43,21,30.4
Will Hughes,Crystal Palace,2023-24,MF,29,2231,4,4,36,46,25,25,26,27.1
Will Hughes,Crystal Palace,2024-25,MF,30,1799,2,3,23,26,21,34,18,20.4
Dean Henderson,Crystal Palace,2022-23,GK,26,1650,0,0,0,1,1,1,4,4.5
Dean Henderson,Crystal Palace,2023-24,GK,27,1473,0,0,0,2,1,1,4,5.1
Dean Henderson,Crystal Palace,2024-25,GK,28,1632,0,0,0,2,1,1,4,4.8
Iliman Ndiaye,Everton,2022-23,FW,23,1705,5,2,39,16,23,7,6,22.6
Iliman Ndiaye,Everton,2023-24,FW,24,1296,4,2,22,15,15,6,4,17.2
Iliman Ndiaye,Everton,2024-25,FW,25,1726,6,3,34,17,31,10,6,17.8
Dwight McNeil,Everton,2022-23,MF,24,2256,3,6,29,40,27,32,20,33.6
Dwight McNeil,Everton,2023-24,MF,25,2164,2,6,34,56,33,28,28,28.5
Dwight McNeil,Everton,2024-25,MF,26,2566,4,5,24,58,37,58,35,33.7
Abdoulaye Doucoure,Everton,2022-23,MF,30,3088,5,6,36,58,36,51,41,48.4
Abdoulaye Doucoure,Everton,2023-24,MF,31,1867,2,4,23,31,24,34,20,21.5
Abdoulaye Doucoure,Everton,2024-25,MF,32,2479,2,2,29,33,24,42,25,28.7
Idrissa Gueye,Everton,2022-23,MF,34,3192,3,5,27,51,33,33,20,55.0
Idrissa Gueye,Everton,2023-24,MF,35,3184,3,3,33,39,28,41,24,50.5
Idrissa Gueye,Everton,2024-25,MF,36,3404,4,5,43,51,32,46,31,57.7
Jarrad Branthwaite,Everton,2022-23,DF,21,1803,1,1,6,6,9,35,22,11.6
Jarrad Branthwaite,Everton,2023-24,DF,22,2029,1,1,9,6,8,34,24,14.0
Jarrad Branthwaite,Everton,2024-25,DF,23,1922,1,1,8,9,11,41,31,12.1
James Tarkowski,Everton,2022-23,DF,31,3460,3,4,22,33,29,96,99,54.8
James Tarkowski,Everton,2023-24,DF,32,3423,2,3,19,19,21,75,80,49.9
James Tarkowski,Everton,2024-25,DF,33,3486,1,2,15,21,16,77,40,38.2
Vitalii Mykolenko,Everton,2022-23,DF,24,2425,2,3,11,21,13,57,52,22.5
Vitalii Mykolenko,Everton,2023-24,DF,25,2421,2,2,13,12,12,51,52,17.6
Vitalii Mykolenko,Everton,2024-25,DF,26,2560,1,2,11,18,17,88,56,21.8
Jake O'Brien,Everton,2022-23,DF,22,2997,1,2,8,13,18,69,44,28.2
Jake O'Brien,Everton,2023-24,DF,23,3444,2,3,19,16,18,95,56,31.3
Jake O'Brien,Everton,2024-25,DF,24,2718,1,2,13,21,21,71,61,23.5
Beto,Everton,2022-23,FW,25,2544,16,6,91,41,49,23,13,85.3
Beto,Everton,2023-24,FW,26,2006,15,4,108,41,61,15,11,82.3
Beto,Everton,2024-25,FW,27,3521,17,10,127,64,79,28,21,101.9
Jordan Pickford,Everton,2022-23,GK,29,2878,0,1,2,11,6,6,20,24.9
Jordan Pickford,Everton,2023-24,GK,30,2952,0,1,2,12,4,5,16,27.9
Jordan Pickford,Everton,2024-25,GK,31,3630,0,1,3,12,6,5,16,30.5
