date,season,home_team,away_team,home_score,away_score,neutral,home_shots,away_shots
2021-08-13,2021-22,M'gladbach,Bayern Munich,1,1,0,11.0,20.0
2021-08-14,2021-22,Augsburg,Hoffenheim,0,4,0,7.0,15.0
2021-08-14,2021-22,Bielefeld,Freiburg,0,0,0,10.0,14.0
2021-08-14,2021-22,Stuttgart,Greuther Furth,5,1,0,30.0,8.0
2021-08-14,2021-22,Union Berlin,Leverkusen,1,1,0,8.0,16.0
2021-08-14,2021-22,Wolfsburg,Bochum,1,0,0,21.0,7.0
2021-08-14,2021-22,Dortmund,Ein Frankfurt,5,2,0,12.0,12.0
2021-08-15,2021-22,Mainz,RB Leipzig,1,0,0,7.0,15.0
2021-08-15,2021-22,FC Koln,Hertha,3,1,0,15.0,11.0
2021-08-20,2021-22,RB Leipzig,Stuttgart,4,0,0,26.0,11.0
2021-08-21,2021-22,Bochum,Mainz,2,0,0,9.0,16.0
2021-08-21,2021-22,Ein Frankfurt,Augsburg,0,0,0,20.0,4.0
2021-08-21,2021-22,Freiburg,Dortmund,2,1,0,8.0,19.0
2021-08-21,2021-22,Greuther Furth,Bielefeld,1,1,0,20.0,9.0
2021-08-21,2021-22,Hertha,Wolfsburg,1,2,0,12.0,12.0
2021-08-21,2021-22,Leverkusen,M'gladbach,4,0,0,13.0,11.0
2021-08-22,2021-22,Hoffenheim,Union Berlin,2,2,0,7.0,11.0
2021-08-22,2021-22,Bayern Munich,FC Koln,3,2,0,18.0,10.0
2021-08-27,2021-22,Dortmund,Hoffenheim,3,2,0,23.0,9.0
2021-08-28,2021-22,Augsburg,Leverkusen,1,4,0,13.0,13.0
2021-08-28,2021-22,Bielefeld,Ein Frankfurt,1,1,0,14.0,12.0
2021-08-28,2021-22,FC Koln,Bochum,2,1,0,21.0,10.0
2021-08-28,2021-22,Mainz,Greuther Furth,3,0,0,17.0,8.0
2021-08-28,2021-22,Stuttgart,Freiburg,2,3,0,17.0,14.0
2021-08-28,2021-22,Bayern Munich,Hertha,5,0,0,17.0,8.0
2021-08-29,2021-22,Union Berlin,M'gladbach,2,1,0,12.0,18.0
2021-08-29,2021-22,Wolfsburg,RB Leipzig,1,0,0,8.0,12.0
2021-09-11,2021-22,Freiburg,FC Koln,1,1,0,10.0,15.0
2021-09-11,2021-22,Greuther Furth,Wolfsburg,0,2,0,7.0,10.0
2021-09-11,2021-22,Hoffenheim,Mainz,0,2,0,12.0,11.0
2021-09-11,2021-22,Leverkusen,Dortmund,3,4,0,11.0,15.0
2021-09-11,2021-22,Union Berlin,Augsburg,0,0,0,15.0,13.0
2021-09-11,2021-22,RB Leipzig,Bayern Munich,1,4,0,10.0,18.0
2021-09-12,2021-22,Ein Frankfurt,Stuttgart,1,1,0,18.0,9.0
2021-09-12,2021-22,Bochum,Hertha,1,3,0,19.0,5.0
2021-09-12,2021-22,M'gladbach,Bielefeld,3,1,0,17.0,18.0
2021-09-17,2021-22,Hertha,Greuther Furth,2,1,0,15.0,10.0
2021-09-18,2021-22,Augsburg,M'gladbach,1,0,0,8.0,11.0
2021-09-18,2021-22,Bayern Munich,Bochum,7,0,0,22.0,5.0
2021-09-18,2021-22,Bielefeld,Hoffenheim,0,0,0,9.0,16.0
2021-09-18,2021-22,Mainz,Freiburg,0,0,0,10.0,7.0
2021-09-18,2021-22,FC Koln,RB Leipzig,1,1,0,14.0,18.0
2021-09-19,2021-22,Stuttgart,Leverkusen,1,3,0,18.0,7.0
2021-09-19,2021-22,Dortmund,Union Berlin,4,2,0,13.0,9.0
2021-09-19,2021-22,Wolfsburg,Ein Frankfurt,1,1,0,15.0,6.0
2021-09-24,2021-22,Greuther Furth,Bayern Munich,1,3,0,11.0,12.0
2021-09-25,2021-22,Ein Frankfurt,FC Koln,1,1,0,10.0,15.0
2021-09-25,2021-22,Hoffenheim,Wolfsburg,3,1,0,11.0,13.0
2021-09-25,2021-22,Leverkusen,Mainz,1,0,0,16.0,14.0
2021-09-25,2021-22,RB Leipzig,Hertha,6,0,0,18.0,5.0
2021-09-25,2021-22,Union Berlin,Bielefeld,1,0,0,17.0,9.0
2021-09-25,2021-22,M'gladbach,Dortmund,1,0,0,14.0,8.0
2021-09-26,2021-22,Bochum,Stuttgart,0,0,0,14.0,8.0
2021-09-26,2021-22,Freiburg,Augsburg,3,0,0,19.0,8.0
2021-10-01,2021-22,FC Koln,Greuther Furth,3,1,0,18.0,7.0
2021-10-02,2021-22,Dortmund,Augsburg,2,1,0,17.0,5.0
2021-10-02,2021-22,Hertha,Freiburg,1,2,0,12.0,9.0
2021-10-02,2021-22,Stuttgart,Hoffenheim,3,1,0,12.0,13.0
2021-10-02,2021-22,Wolfsburg,M'gladbach,1,3,0,10.0,19.0
2021-10-02,2021-22,RB Leipzig,Bochum,3,0,0,15.0,9.0
2021-10-03,2021-22,Mainz,Union Berlin,1,2,0,11.0,15.0
2021-10-03,2021-22,Bayern Munich,Ein Frankfurt,1,2,0,21.0,5.0
2021-10-03,2021-22,Bielefeld,Leverkusen,0,4,0,10.0,19.0
2021-10-15,2021-22,Hoffenheim,FC Koln,5,0,0,14.0,10.0
2021-10-16,2021-22,Dortmund,Mainz,3,1,0,11.0,5.0
2021-10-16,2021-22,Ein Frankfurt,Hertha,1,2,0,13.0,12.0
2021-10-16,2021-22,Freiburg,RB Leipzig,1,1,0,15.0,13.0
2021-10-16,2021-22,Greuther Furth,Bochum,0,1,0,12.0,9.0
2021-10-16,2021-22,Union Berlin,Wolfsburg,2,0,0,6.0,13.0
2021-10-16,2021-22,M'gladbach,Stuttgart,1,1,0,31.0,5.0
2021-10-17,2021-22,Leverkusen,Bayern Munich,1,5,0,7.0,27.0
2021-10-17,2021-22,Augsburg,Bielefeld,1,1,0,14.0,10.0
2021-10-22,2021-22,Mainz,Augsburg,4,1,0,19.0,6.0
2021-10-23,2021-22,Bayern Munich,Hoffenheim,4,0,0,15.0,9.0
2021-10-23,2021-22,Bielefeld,Dortmund,1,3,0,13.0,14.0
2021-10-23,2021-22,RB Leipzig,Greuther Furth,4,1,0,13.0,8.0
2021-10-23,2021-22,Wolfsburg,Freiburg,0,2,0,17.0,11.0
2021-10-23,2021-22,Hertha,M'gladbach,1,0,0,10.0,10.0
2021-10-24,2021-22,FC Koln,Leverkusen,2,2,0,17.0,9.0
2021-10-24,2021-22,Stuttgart,Union Berlin,1,1,0,8.0,11.0
2021-10-24,2021-22,Bochum,Ein Frankfurt,2,0,0,19.0,14.0
2021-10-29,2021-22,Hoffenheim,Hertha,2,0,0,14.0,5.0
2021-10-30,2021-22,Bielefeld,Mainz,1,2,0,15.0,16.0
2021-10-30,2021-22,Dortmund,FC Koln,2,0,0,7.0,19.0
2021-10-30,2021-22,Freiburg,Greuther Furth,3,1,0,12.0,8.0
2021-10-30,2021-22,Leverkusen,Wolfsburg,0,2,0,12.0,13.0
2021-10-30,2021-22,Union Berlin,Bayern Munich,2,5,0,9.0,14.0
2021-10-30,2021-22,Ein Frankfurt,RB Leipzig,1,1,0,12.0,15.0
2021-10-31,2021-22,Augsburg,Stuttgart,4,1,0,20.0,12.0
2021-10-31,2021-22,M'gladbach,Bochum,2,1,0,14.0,11.0
2021-11-05,2021-22,Mainz,M'gladbach,1,1,0,19.0,11.0
2021-11-06,2021-22,Bayern Munich,Freiburg,2,1,0,29.0,14.0
2021-11-06,2021-22,Bochum,Hoffenheim,2,0,0,14.0,9.0
2021-11-06,2021-22,Stuttgart,Bielefeld,0,1,0,9.0,15.0
2021-11-06,2021-22,Wolfsburg,Augsburg,1,0,0,9.0,13.0
2021-11-06,2021-22,RB Leipzig,Dortmund,2,1,0,15.0,9.0
2021-11-07,2021-22,Hertha,Leverkusen,1,1,0,15.0,8.0
2021-11-07,2021-22,FC Koln,Union Berlin,2,2,0,16.0,9.0
2021-11-07,2021-22,Greuther Furth,Ein Frankfurt,1,2,0,20.0,14.0
2021-11-19,2021-22,Augsburg,Bayern Munich,2,1,0,6.0,18.0
2021-11-20,2021-22,Bielefeld,Wolfsburg,2,2,0,10.0,13.0
2021-11-20,2021-22,Dortmund,Stuttgart,2,1,0,20.0,12.0
2021-11-20,2021-22,Hoffenheim,RB Leipzig,2,0,0,24.0,4.0
2021-11-20,2021-22,Leverkusen,Bochum,1,0,0,11.0,19.0
2021-11-20,2021-22,M'gladbach,Greuther Furth,4,0,0,19.0,4.0
2021-11-20,2021-22,Union Berlin,Hertha,2,0,0,16.0,6.0
2021-11-21,2021-22,Freiburg,Ein Frankfurt,0,2,0,20.0,13.0
2021-11-21,2021-22,Mainz,FC Koln,1,1,0,11.0,12.0
2021-11-26,2021-22,Stuttgart,Mainz,2,1,0,8.0,18.0
2021-11-27,2021-22,Bochum,Freiburg,2,1,0,13.0,22.0
2021-11-27,2021-22,FC Koln,M'gladbach,4,1,0,15.0,15.0
2021-11-27,2021-22,Greuther Furth,Hoffenheim,3,6,0,14.0,20.0
2021-11-27,2021-22,Hertha,Augsburg,1,1,0,10.0,20.0
2021-11-27,2021-22,Wolfsburg,Dortmund,1,3,0,15.0,16.0
2021-11-27,2021-22,Bayern Munich,Bielefeld,1,0,0,23.0,8.0
2021-11-28,2021-22,Ein Frankfurt,Union Berlin,2,1,0,17.0,7.0
2021-11-28,2021-22,RB Leipzig,Leverkusen,1,3,0,14.0,11.0
2021-12-03,2021-22,Union Berlin,RB Leipzig,2,1,0,14.0,11.0
2021-12-04,2021-22,Augsburg,Bochum,2,3,0,16.0,12.0
2021-12-04,2021-22,Bielefeld,FC Koln,1,1,0,18.0,9.0
2021-12-04,2021-22,Hoffenheim,Ein Frankfurt,3,2,0,8.0,17.0
2021-12-04,2021-22,Leverkusen,Greuther Furth,7,1,0,13.0,8.0
2021-12-04,2021-22,Mainz,Wolfsburg,3,0,0,12.0,16.0
2021-12-04,2021-22,Dortmund,Bayern Munich,2,3,0,11.0,16.0
2021-12-05,2021-22,Stuttgart,Hertha,2,2,0,10.0,15.0
2021-12-05,2021-22,M'gladbach,Freiburg,0,6,0,19.0,15.0
2021-12-10,2021-22,FC Koln,Augsburg,0,2,0,14.0,12.0
2021-12-11,2021-22,Bayern Munich,Mainz,2,1,0,21.0,9.0
2021-12-11,2021-22,Bochum,Dortmund,1,1,0,4.0,23.0
2021-12-11,2021-22,Freiburg,Hoffenheim,1,2,0,14.0,14.0
2021-12-11,2021-22,Hertha,Bielefeld,2,0,0,18.0,9.0
2021-12-11,2021-22,RB Leipzig,M'gladbach,4,1,0,19.0,12.0
2021-12-11,2021-22,Wolfsburg,Stuttgart,0,2,0,19.0,12.0
2021-12-12,2021-22,Greuther Furth,Union Berlin,1,0,0,5.0,14.0
2021-12-12,2021-22,Ein Frankfurt,Leverkusen,5,2,0,15.0,11.0
2021-12-14,2021-22,Stuttgart,Bayern Munich,0,5,0,13.0,25.0
2021-12-14,2021-22,Bielefeld,Bochum,2,0,0,13.0,5.0
2021-12-14,2021-22,Mainz,Hertha,4,0,0,21.0,7.0
2021-12-14,2021-22,Wolfsburg,FC Koln,2,3,0,19.0,19.0
2021-12-15,2021-22,M'gladbach,Ein Frankfurt,2,3,0,19.0,12.0
2021-12-15,2021-22,Augsburg,RB Leipzig,1,1,0,9.0,13.0
2021-12-15,2021-22,Dortmund,Greuther Furth,3,0,0,12.0,7.0
2021-12-15,2021-22,Leverkusen,Hoffenheim,2,2,0,17.0,14.0
2021-12-15,2021-22,Union Berlin,Freiburg,0,0,0,18.0,8.0
2021-12-17,2021-22,Bayern Munich,Wolfsburg,4,0,0,24.0,7.0
2021-12-18,2021-22,Bochum,Union Berlin,0,1,0,13.0,9.0
2021-12-18,2021-22,Ein Frankfurt,Mainz,1,0,0,13.0,11.0
2021-12-18,2021-22,Greuther Furth,Augsburg,0,0,0,4.0,14.0
2021-12-18,2021-22,Hoffenheim,M'gladbach,1,1,0,21.0,11.0
2021-12-18,2021-22,RB Leipzig,Bielefeld,0,2,0,15.0,4.0
2021-12-18,2021-22,Hertha,Dortmund,3,2,0,14.0,9.0
2021-12-19,2021-22,Freiburg,Leverkusen,2,1,0,14.0,6.0
2021-12-19,2021-22,FC Koln,Stuttgart,1,0,0,8.0,6.0
2022-01-07,2021-22,Bayern Munich,M'gladbach,1,2,0,19.0,9.0
2022-01-08,2021-22,Freiburg,Bielefeld,2,2,0,18.0,15.0
2022-01-08,2021-22,Greuther Furth,Stuttgart,0,0,0,10.0,18.0
2022-01-08,2021-22,Hoffenheim,Augsburg,3,1,0,12.0,9.0
2022-01-08,2021-22,Leverkusen,Union Berlin,2,2,0,17.0,17.0
2022-01-08,2021-22,RB Leipzig,Mainz,4,1,0,16.0,2.0
2022-01-08,2021-22,Ein Frankfurt,Dortmund,2,3,0,12.0,21.0
2022-01-09,2021-22,Hertha,FC Koln,1,3,0,10.0,14.0
2022-01-09,2021-22,Bochum,Wolfsburg,1,0,0,12.0,12.0
2022-01-14,2021-22,Dortmund,Freiburg,5,1,0,20.0,4.0
2022-01-15,2021-22,FC Koln,Bayern Munich,0,4,0,11.0,19.0
2022-01-15,2021-22,Mainz,Bochum,1,0,0,20.0,12.0
2022-01-15,2021-22,Stuttgart,RB Leipzig,0,2,0,16.0,7.0
2022-01-15,2021-22,Union Berlin,Hoffenheim,2,1,0,6.0,12.0
2022-01-15,2021-22,Wolfsburg,Hertha,0,0,0,7.0,6.0
2022-01-15,2021-22,M'gladbach,Leverkusen,1,2,0,16.0,29.0
2022-01-16,2021-22,Augsburg,Ein Frankfurt,1,1,0,12.0,14.0
2022-01-16,2021-22,Bielefeld,Greuther Furth,2,2,0,13.0,6.0
2022-01-21,2021-22,Ein Frankfurt,Bielefeld,0,2,0,17.0,8.0
2022-01-22,2021-22,Freiburg,Stuttgart,2,0,0,16.0,7.0
2022-01-22,2021-22,Greuther Furth,Mainz,2,1,0,11.0,16.0
2022-01-22,2021-22,Hoffenheim,Dortmund,2,3,0,14.0,3.0
2022-01-22,2021-22,Leverkusen,Augsburg,5,1,0,22.0,14.0
2022-01-22,2021-22,M'gladbach,Union Berlin,1,2,0,12.0,6.0
2022-01-22,2021-22,Bochum,FC Koln,2,2,0,17.0,7.0
2022-01-23,2021-22,RB Leipzig,Wolfsburg,2,0,0,12.0,9.0
2022-01-23,2021-22,Hertha,Bayern Munich,1,4,0,5.0,29.0
2022-02-04,2021-22,Hertha,Bochum,1,1,0,13.0,9.0
2022-02-05,2021-22,Augsburg,Union Berlin,2,0,0,14.0,14.0
2022-02-05,2021-22,Bielefeld,M'gladbach,1,1,0,10.0,22.0
2022-02-05,2021-22,FC Koln,Freiburg,1,0,0,14.0,18.0
2022-02-05,2021-22,Mainz,Hoffenheim,2,0,0,9.0,12.0
2022-02-05,2021-22,Stuttgart,Ein Frankfurt,2,3,0,15.0,15.0
2022-02-05,2021-22,Bayern Munich,RB Leipzig,3,2,0,25.0,13.0
2022-02-06,2021-22,Dortmund,Leverkusen,2,5,0,14.0,10.0
2022-02-06,2021-22,Wolfsburg,Greuther Furth,4,1,0,11.0,8.0
2022-02-11,2021-22,RB Leipzig,FC Koln,3,1,0,6.0,9.0
2022-02-12,2021-22,Bochum,Bayern Munich,4,2,0,12.0,22.0
2022-02-12,2021-22,Ein Frankfurt,Wolfsburg,0,2,0,16.0,11.0
2022-02-12,2021-22,Freiburg,Mainz,1,1,0,16.0,20.0
2022-02-12,2021-22,Greuther Furth,Hertha,2,1,0,19.0,24.0
2022-02-12,2021-22,M'gladbach,Augsburg,3,2,0,14.0,14.0
2022-02-12,2021-22,Leverkusen,Stuttgart,4,2,0,20.0,8.0
2022-02-13,2021-22,Union Berlin,Dortmund,0,3,0,12.0,10.0
2022-02-13,2021-22,Hoffenheim,Bielefeld,2,0,0,25.0,8.0
2022-02-18,2021-22,Mainz,Leverkusen,3,2,0,17.0,8.0
2022-02-19,2021-22,Augsburg,Freiburg,1,2,0,18.0,15.0
2022-02-19,2021-22,Bielefeld,Union Berlin,1,0,0,11.0,11.0
2022-02-19,2021-22,Stuttgart,Bochum,1,1,0,15.0,13.0
2022-02-19,2021-22,Wolfsburg,Hoffenheim,1,2,0,14.0,10.0
2022-02-19,2021-22,FC Koln,Ein Frankfurt,1,0,0,13.0,10.0
2022-02-20,2021-22,Bayern Munich,Greuther Furth,4,1,0,22.0,8.0
2022-02-20,2021-22,Dortmund,M'gladbach,6,0,0,16.0,8.0
2022-02-20,2021-22,Hertha,RB Leipzig,1,6,0,8.0,16.0
2022-02-25,2021-22,Hoffenheim,Stuttgart,2,1,0,19.0,13.0
2022-02-26,2021-22,Freiburg,Hertha,3,0,0,16.0,17.0
2022-02-26,2021-22,Greuther Furth,FC Koln,1,1,0,13.0,17.0
2022-02-26,2021-22,Leverkusen,Bielefeld,3,0,0,21.0,8.0
2022-02-26,2021-22,M'gladbach,Wolfsburg,2,2,0,23.0,6.0
2022-02-26,2021-22,Union Berlin,Mainz,3,1,0,7.0,14.0
2022-02-26,2021-22,Ein Frankfurt,Bayern Munich,0,1,0,7.0,20.0
2022-02-27,2021-22,Bochum,RB Leipzig,0,1,0,13.0,6.0
2022-02-27,2021-22,Augsburg,Dortmund,1,1,0,8.0,11.0
2022-03-04,2021-22,Bielefeld,Augsburg,0,1,0,6.0,7.0
2022-03-05,2021-22,Bayern Munich,Leverkusen,1,1,0,20.0,9.0
2022-03-05,2021-22,Bochum,Greuther Furth,2,1,0,15.0,9.0
2022-03-05,2021-22,Hertha,Ein Frankfurt,1,4,0,10.0,12.0
2022-03-05,2021-22,RB Leipzig,Freiburg,1,1,0,14.0,4.0
2022-03-05,2021-22,Wolfsburg,Union Berlin,1,0,0,9.0,17.0
2022-03-05,2021-22,Stuttgart,M'gladbach,3,2,0,18.0,9.0
2022-03-06,2021-22,FC Koln,Hoffenheim,0,1,0,10.0,13.0
2022-03-12,2021-22,Freiburg,Wolfsburg,3,2,0,16.0,11.0
2022-03-12,2021-22,Hoffenheim,Bayern Munich,1,1,0,9.0,18.0
2022-03-12,2021-22,Union Berlin,Stuttgart,1,1,0,11.0,11.0
2022-03-12,2021-22,M'gladbach,Hertha,2,0,0,12.0,12.0
2022-03-13,2021-22,Leverkusen,FC Koln,0,1,0,15.0,6.0
2022-03-13,2021-22,Dortmund,Bielefeld,1,0,0,20.0,11.0
2022-03-13,2021-22,Ein Frankfurt,Bochum,2,1,0,14.0,8.0
2022-03-13,2021-22,Greuther Furth,RB Leipzig,1,6,0,7.0,12.0
2022-03-16,2021-22,Mainz,Dortmund,0,1,0,10.0,11.0
2022-03-18,2021-22,Bochum,M'gladbach,0,2,0,15.0,8.0
2022-03-19,2021-22,Greuther Furth,Freiburg,0,0,0,8.0,13.0
2022-03-19,2021-22,Hertha,Hoffenheim,3,0,0,13.0,8.0
2022-03-19,2021-22,Mainz,Bielefeld,4,0,0,14.0,6.0
2022-03-19,2021-22,Stuttgart,Augsburg,3,2,0,24.0,10.0
2022-03-19,2021-22,Bayern Munich,Union Berlin,4,0,0,16.0,9.0
2022-03-20,2021-22,RB Leipzig,Ein Frankfurt,0,0,0,14.0,5.0
2022-03-20,2021-22,Wolfsburg,Leverkusen,0,2,0,18.0,17.0
2022-03-20,2021-22,FC Koln,Dortmund,1,1,0,10.0,9.0
2022-04-01,2021-22,Union Berlin,FC Koln,1,0,0,13.0,6.0
2022-04-02,2021-22,Bielefeld,Stuttgart,1,1,0,10.0,14.0
2022-04-02,2021-22,Ein Frankfurt,Greuther Furth,0,0,0,20.0,4.0
2022-04-02,2021-22,Freiburg,Bayern Munich,1,4,0,8.0,21.0
2022-04-02,2021-22,Hoffenheim,Bochum,1,2,0,14.0,20.0
2022-04-02,2021-22,Leverkusen,Hertha,2,1,0,18.0,7.0
2022-04-02,2021-22,Dortmund,RB Leipzig,1,4,0,10.0,11.0
2022-04-03,2021-22,Augsburg,Wolfsburg,3,0,0,13.0,17.0
2022-04-03,2021-22,M'gladbach,Mainz,1,1,0,17.0,22.0
2022-04-06,2021-22,Augsburg,Mainz,2,1,0,14.0,17.0
2022-04-08,2021-22,Stuttgart,Dortmund,0,2,0,13.0,10.0
2022-04-09,2021-22,Bayern Munich,Augsburg,1,0,0,13.0,6.0
2022-04-09,2021-22,FC Koln,Mainz,3,2,0,13.0,9.0
2022-04-09,2021-22,Greuther Furth,M'gladbach,0,2,0,10.0,18.0
2022-04-09,2021-22,Wolfsburg,Bielefeld,4,0,0,11.0,6.0
2022-04-09,2021-22,Hertha,Union Berlin,1,4,0,12.0,17.0
2022-04-10,2021-22,Bochum,Leverkusen,0,0,0,11.0,9.0
2022-04-10,2021-22,Ein Frankfurt,Freiburg,1,2,0,17.0,12.0
2022-04-10,2021-22,RB Leipzig,Hoffenheim,3,0,0,11.0,4.0
2022-04-16,2021-22,Augsburg,Hertha,0,1,0,13.0,11.0
2022-04-16,2021-22,Dortmund,Wolfsburg,6,1,0,12.0,9.0
2022-04-16,2021-22,Freiburg,Bochum,3,0,0,14.0,10.0
2022-04-16,2021-22,Mainz,Stuttgart,0,0,0,9.0,6.0
2022-04-16,2021-22,M'gladbach,FC Koln,1,3,0,18.0,17.0
2022-04-17,2021-22,Bielefeld,Bayern Munich,0,3,0,8.0,24.0
2022-04-17,2021-22,Hoffenheim,Greuther Furth,0,0,0,16.0,7.0
2022-04-17,2021-22,Union Berlin,Ein Frankfurt,2,0,0,14.0,10.0
2022-04-17,2021-22,Leverkusen,RB Leipzig,0,1,0,12.0,4.0
2022-04-22,2021-22,Wolfsburg,Mainz,5,0,0,15.0,5.0
2022-04-23,2021-22,Ein Frankfurt,Hoffenheim,2,2,0,17.0,11.0
2022-04-23,2021-22,FC Koln,Bielefeld,3,1,0,19.0,16.0
2022-04-23,2021-22,Freiburg,M'gladbach,3,3,0,19.0,7.0
2022-04-23,2021-22,Greuther Furth,Leverkusen,1,4,0,9.0,10.0
2022-04-23,2021-22,RB Leipzig,Union Berlin,1,2,0,5.0,12.0
2022-04-23,2021-22,Bayern Munich,Dortmund,3,1,0,13.0,7.0
2022-04-24,2021-22,Bochum,Augsburg,0,2,0,18.0,12.0
2022-04-24,2021-22,Hertha,Stuttgart,2,0,0,7.0,12.0
2022-04-29,2021-22,Union Berlin,Greuther Furth,1,1,0,6.0,7.0
2022-04-30,2021-22,Augsburg,FC Koln,1,4,0,14.0,18.0
2022-04-30,2021-22,Bielefeld,Hertha,1,1,0,6.0,9.0
2022-04-30,2021-22,Dortmund,Bochum,3,4,0,19.0,12.0
2022-04-30,2021-22,Mainz,Bayern Munich,3,1,0,24.0,4.0
2022-04-30,2021-22,Stuttgart,Wolfsburg,1,1,0,18.0,15.0
2022-04-30,2021-22,Hoffenheim,Freiburg,3,4,0,17.0,9.0
2022-05-02,2021-22,Leverkusen,Ein Frankfurt,2,0,0,11.0,9.0
2022-05-02,2021-22,M'gladbach,RB Leipzig,3,1,0,9.0,10.0
2022-05-06,2021-22,Bochum,Bielefeld,2,1,0,16.0,14.0
2022-05-07,2021-22,FC Koln,Wolfsburg,0,1,0,17.0,5.0
2022-05-07,2021-22,Freiburg,Union Berlin,1,4,0,18.0,13.0
2022-05-07,2021-22,Greuther Furth,Dortmund,1,3,0,8.0,8.0
2022-05-07,2021-22,Hoffenheim,Leverkusen,2,4,0,12.0,15.0
2022-05-07,2021-22,Hertha,Mainz,1,2,0,10.0,13.0
2022-05-08,2021-22,Ein Frankfurt,M'gladbach,1,1,0,18.0,11.0
2022-05-08,2021-22,Bayern Munich,Stuttgart,2,2,0,25.0,15.0
2022-05-08,2021-22,RB Leipzig,Augsburg,4,0,0,14.0,6.0
2022-05-14,2021-22,Augsburg,Greuther Furth,2,1,0,8.0,6.0
2022-05-14,2021-22,Bielefeld,RB Leipzig,1,1,0,8.0,18.0
2022-05-14,2021-22,Dortmund,Hertha,2,1,0,9.0,4.0
2022-05-14,2021-22,Leverkusen,Freiburg,2,1,0,11.0,13.0
2022-05-14,2021-22,Mainz,Ein Frankfurt,2,2,0,13.0,13.0
2022-05-14,2021-22,M'gladbach,Hoffenheim,5,1,0,19.0,10.0
2022-05-14,2021-22,Stuttgart,FC Koln,2,1,0,24.0,16.0
2022-05-14,2021-22,Union Berlin,Bochum,3,2,0,17.0,5.0
2022-05-14,2021-22,Wolfsburg,Bayern Munich,2,2,0,10.0,25.0
2022-08-05,2022-23,Ein Frankfurt,Bayern Munich,1,6,0,8.0,23.0
2022-08-06,2022-23,Augsburg,Freiburg,0,4,0,10.0,19.0
2022-08-06,2022-23,Bochum,Mainz,1,2,0,16.0,13.0
2022-08-06,2022-23,M'gladbach,Hoffenheim,3,1,0,18.0,2.0
2022-08-06,2022-23,Union Berlin,Hertha,3,1,0,18.0,9.0
2022-08-06,2022-23,Wolfsburg,Werder Bremen,2,2,0,13.0,10.0
2022-08-06,2022-23,Dortmund,Leverkusen,1,0,0,13.0,8.0
2022-08-07,2022-23,Stuttgart,RB Leipzig,1,1,0,11.0,27.0
2022-08-07,2022-23,FC Koln,Schalke 04,3,1,0,30.0,6.0
2022-08-12,2022-23,Freiburg,Dortmund,1,3,0,16.0,16.0
2022-08-13,2022-23,Hertha,Ein Frankfurt,1,1,0,11.0,11.0
2022-08-13,2022-23,Hoffenheim,Bochum,3,2,0,24.0,11.0
2022-08-13,2022-23,Leverkusen,Augsburg,1,2,0,23.0,6.0
2022-08-13,2022-23,RB Leipzig,FC Koln,2,2,0,9.0,12.0
2022-08-13,2022-23,Werder Bremen,Stuttgart,2,2,0,5.0,14.0
2022-08-13,2022-23,Schalke 04,M'gladbach,2,2,0,14.0,14.0
2022-08-14,2022-23,Mainz,Union Berlin,0,0,0,10.0,10.0
2022-08-14,2022-23,Bayern Munich,Wolfsburg,2,0,0,24.0,7.0
2022-08-19,2022-23,M'gladbach,Hertha,1,0,0,11.0,18.0
2022-08-20,2022-23,Augsburg,Mainz,1,2,0,6.0,14.0
2022-08-20,2022-23,Dortmund,Werder Bremen,2,3,0,5.0,14.0
2022-08-20,2022-23,Leverkusen,Hoffenheim,0,3,0,14.0,10.0
2022-08-20,2022-23,Stuttgart,Freiburg,0,1,0,18.0,9.0
2022-08-20,2022-23,Wolfsburg,Schalke 04,0,0,0,16.0,9.0
2022-08-20,2022-23,Union Berlin,RB Leipzig,2,1,0,9.0,16.0
2022-08-21,2022-23,Ein Frankfurt,FC Koln,1,1,0,10.0,6.0
2022-08-21,2022-23,Bochum,Bayern Munich,0,7,0,13.0,22.0
2022-08-26,2022-23,Freiburg,Bochum,1,0,0,28.0,15.0
2022-08-27,2022-23,Hertha,Dortmund,0,1,0,12.0,24.0
2022-08-27,2022-23,Hoffenheim,Augsburg,1,0,0,24.0,12.0
2022-08-27,2022-23,Mainz,Leverkusen,0,3,0,17.0,7.0
2022-08-27,2022-23,RB Leipzig,Wolfsburg,2,0,0,16.0,9.0
2022-08-27,2022-23,Schalke 04,Union Berlin,1,6,0,12.0,12.0
2022-08-27,2022-23,Bayern Munich,M'gladbach,1,1,0,35.0,5.0
2022-08-28,2022-23,FC Koln,Stuttgart,0,0,0,6.0,13.0
2022-08-28,2022-23,Werder Bremen,Ein Frankfurt,3,4,0,10.0,12.0
2022-09-02,2022-23,Dortmund,Hoffenheim,1,0,0,16.0,7.0
2022-09-03,2022-23,Bochum,Werder Bremen,0,2,0,19.0,16.0
2022-09-03,2022-23,Leverkusen,Freiburg,2,3,0,15.0,5.0
2022-09-03,2022-23,Stuttgart,Schalke 04,1,1,0,13.0,13.0
2022-09-03,2022-23,Union Berlin,Bayern Munich,1,1,0,10.0,21.0
2022-09-03,2022-23,Wolfsburg,FC Koln,2,4,0,9.0,18.0
2022-09-03,2022-23,Ein Frankfurt,RB Leipzig,4,0,0,14.0,5.0
2022-09-04,2022-23,Augsburg,Hertha,0,2,0,8.0,16.0
2022-09-04,2022-23,M'gladbach,Mainz,0,1,0,13.0,12.0
2022-09-09,2022-23,Werder Bremen,Augsburg,0,1,0,11.0,14.0
2022-09-10,2022-23,Bayern Munich,Stuttgart,2,2,0,18.0,8.0
2022-09-10,2022-23,Ein Frankfurt,Wolfsburg,0,1,0,11.0,6.0
2022-09-10,2022-23,Hertha,Leverkusen,2,2,0,17.0,11.0
2022-09-10,2022-23,Hoffenheim,Mainz,4,1,0,21.0,10.0
2022-09-10,2022-23,RB Leipzig,Dortmund,3,0,0,14.0,4.0
2022-09-10,2022-23,Schalke 04,Bochum,3,1,0,20.0,9.0
2022-09-11,2022-23,FC Koln,Union Berlin,0,1,0,7.0,12.0
2022-09-11,2022-23,Freiburg,M'gladbach,0,0,0,13.0,14.0
2022-09-16,2022-23,Mainz,Hertha,1,1,0,12.0,4.0
2022-09-17,2022-23,Augsburg,Bayern Munich,1,0,0,9.0,21.0
2022-09-17,2022-23,Dortmund,Schalke 04,1,0,0,19.0,3.0
2022-09-17,2022-23,Leverkusen,Werder Bremen,1,1,0,19.0,19.0
2022-09-17,2022-23,Stuttgart,Ein Frankfurt,1,3,0,15.0,13.0
2022-09-17,2022-23,M'gladbach,RB Leipzig,3,0,0,21.0,13.0
2022-09-18,2022-23,Union Berlin,Wolfsburg,2,0,0,16.0,5.0
2022-09-18,2022-23,Bochum,FC Koln,1,1,0,7.0,18.0
2022-09-18,2022-23,Hoffenheim,Freiburg,0,0,0,10.0,14.0
2022-09-30,2022-23,Bayern Munich,Leverkusen,4,0,0,20.0,10.0
2022-10-01,2022-23,Ein Frankfurt,Union Berlin,2,0,0,14.0,14.0
2022-10-01,2022-23,FC Koln,Dortmund,3,2,0,20.0,21.0
2022-10-01,2022-23,Freiburg,Mainz,2,1,0,13.0,17.0
2022-10-01,2022-23,RB Leipzig,Bochum,4,0,0,17.0,2.0
2022-10-01,2022-23,Wolfsburg,Stuttgart,3,2,0,20.0,15.0
2022-10-01,2022-23,Werder Bremen,M'gladbach,5,1,0,14.0,13.0
2022-10-02,2022-23,Hertha,Hoffenheim,1,1,0,13.0,16.0
2022-10-02,2022-23,Schalke 04,Augsburg,2,3,0,16.0,11.0
2022-10-07,2022-23,Hoffenheim,Werder Bremen,1,2,0,16.0,8.0
2022-10-08,2022-23,Augsburg,Wolfsburg,1,1,0,18.0,12.0
2022-10-08,2022-23,Bochum,Ein Frankfurt,3,0,0,11.0,11.0
2022-10-08,2022-23,Leverkusen,Schalke 04,4,0,0,13.0,2.0
2022-10-08,2022-23,Mainz,RB Leipzig,1,1,0,9.0,12.0
2022-10-08,2022-23,Dortmund,Bayern Munich,2,2,0,13.0,9.0
2022-10-09,2022-23,M'gladbach,FC Koln,5,2,0,13.0,5.0
2022-10-09,2022-23,Hertha,Freiburg,2,2,0,11.0,10.0
2022-10-09,2022-23,Stuttgart,Union Berlin,0,1,0,9.0,7.0
2022-10-14,2022-23,Schalke 04,Hoffenheim,0,3,0,14.0,18.0
2022-10-15,2022-23,Ein Frankfurt,Leverkusen,5,1,0,20.0,5.0
2022-10-15,2022-23,Stuttgart,Bochum,4,1,0,16.0,14.0
2022-10-15,2022-23,Werder Bremen,Mainz,0,2,0,14.0,11.0
2022-10-15,2022-23,Wolfsburg,M'gladbach,2,2,0,16.0,10.0
2022-10-15,2022-23,RB Leipzig,Hertha,3,2,0,14.0,16.0
2022-10-16,2022-23,FC Koln,Augsburg,3,2,0,14.0,7.0
2022-10-16,2022-23,Union Berlin,Dortmund,2,0,0,14.0,13.0
2022-10-16,2022-23,Bayern Munich,Freiburg,5,0,0,18.0,6.0
2022-10-21,2022-23,Mainz,FC Koln,5,0,0,15.0,6.0
2022-10-22,2022-23,Augsburg,RB Leipzig,3,3,0,11.0,19.0
2022-10-22,2022-23,Dortmund,Stuttgart,5,0,0,19.0,10.0
2022-10-22,2022-23,Freiburg,Werder Bremen,2,0,0,25.0,10.0
2022-10-22,2022-23,Hoffenheim,Bayern Munich,0,2,0,7.0,23.0
2022-10-22,2022-23,Leverkusen,Wolfsburg,2,2,0,13.0,9.0
2022-10-22,2022-23,M'gladbach,Ein Frankfurt,1,3,0,8.0,16.0
2022-10-23,2022-23,Bochum,Union Berlin,2,1,0,8.0,6.0
2022-10-23,2022-23,Hertha,Schalke 04,2,1,0,11.0,9.0
2022-10-28,2022-23,Werder Bremen,Hertha,1,0,0,15.0,9.0
2022-10-29,2022-23,Bayern Munich,Mainz,6,2,0,25.0,13.0
2022-10-29,2022-23,RB Leipzig,Leverkusen,2,0,0,10.0,4.0
2022-10-29,2022-23,Stuttgart,Augsburg,2,1,0,31.0,12.0
2022-10-29,2022-23,Wolfsburg,Bochum,4,0,0,22.0,10.0
2022-10-29,2022-23,Ein Frankfurt,Dortmund,1,2,0,20.0,8.0
2022-10-30,2022-23,Union Berlin,M'gladbach,2,1,0,14.0,7.0
2022-10-30,2022-23,Schalke 04,Freiburg,0,2,0,12.0,19.0
2022-10-30,2022-23,FC Koln,Hoffenheim,1,1,0,11.0,9.0
2022-11-04,2022-23,M'gladbach,Stuttgart,3,1,0,11.0,13.0
2022-11-05,2022-23,Augsburg,Ein Frankfurt,1,2,0,9.0,12.0
2022-11-05,2022-23,Dortmund,Bochum,3,0,0,6.0,7.0
2022-11-05,2022-23,Hertha,Bayern Munich,2,3,0,7.0,14.0
2022-11-05,2022-23,Hoffenheim,RB Leipzig,1,3,0,11.0,17.0
2022-11-05,2022-23,Mainz,Wolfsburg,0,3,0,16.0,10.0
2022-11-05,2022-23,Werder Bremen,Schalke 04,2,1,0,11.0,19.0
2022-11-06,2022-23,Leverkusen,Union Berlin,5,0,0,11.0,6.0
2022-11-06,2022-23,Freiburg,FC Koln,2,0,0,13.0,6.0
2022-11-08,2022-23,Wolfsburg,Dortmund,2,0,0,15.0,20.0
2022-11-08,2022-23,Bayern Munich,Werder Bremen,6,1,0,21.0,4.0
2022-11-08,2022-23,Bochum,M'gladbach,2,1,0,13.0,8.0
2022-11-08,2022-23,Stuttgart,Hertha,2,1,0,16.0,11.0
2022-11-09,2022-23,FC Koln,Leverkusen,1,2,0,17.0,10.0
2022-11-09,2022-23,Ein Frankfurt,Hoffenheim,4,2,0,15.0,12.0
2022-11-09,2022-23,RB Leipzig,Freiburg,3,1,0,18.0,4.0
2022-11-09,2022-23,Schalke 04,Mainz,1,0,0,13.0,11.0
2022-11-09,2022-23,Union Berlin,Augsburg,2,2,0,18.0,7.0
2022-11-11,2022-23,M'gladbach,Dortmund,4,2,0,11.0,20.0
2022-11-12,2022-23,Augsburg,Bochum,0,1,0,19.0,11.0
2022-11-12,2022-23,Hertha,FC Koln,2,0,0,17.0,10.0
2022-11-12,2022-23,Hoffenheim,Wolfsburg,1,2,0,22.0,6.0
2022-11-12,2022-23,Leverkusen,Stuttgart,2,0,0,11.0,7.0
2022-11-12,2022-23,Werder Bremen,RB Leipzig,1,2,0,7.0,14.0
2022-11-12,2022-23,Schalke 04,Bayern Munich,0,2,0,6.0,22.0
2022-11-13,2022-23,Mainz,Ein Frankfurt,1,1,0,19.0,10.0
2022-11-13,2022-23,Freiburg,Union Berlin,4,1,0,7.0,4.0
2023-01-20,2022-23,RB Leipzig,Bayern Munich,1,1,0,10.0,7.0
2023-01-21,2022-23,Bochum,Hertha,3,1,0,10.0,10.0
2023-01-21,2022-23,Ein Frankfurt,Schalke 04,3,0,0,11.0,18.0
2023-01-21,2022-23,Stuttgart,Mainz,1,1,0,16.0,12.0
2023-01-21,2022-23,Union Berlin,Hoffenheim,3,1,0,23.0,10.0
2023-01-21,2022-23,Wolfsburg,Freiburg,6,0,0,13.0,9.0
2023-01-21,2022-23,FC Koln,Werder Bremen,7,1,0,15.0,4.0
2023-01-22,2022-23,Dortmund,Augsburg,4,3,0,27.0,14.0
2023-01-22,2022-23,M'gladbach,Leverkusen,2,3,0,15.0,13.0
2023-01-24,2022-23,Schalke 04,RB Leipzig,1,6,0,9.0,21.0
2023-01-24,2022-23,Bayern Munich,FC Koln,1,1,0,22.0,2.0
2023-01-24,2022-23,Hertha,Wolfsburg,0,5,0,8.0,15.0
2023-01-24,2022-23,Hoffenheim,Stuttgart,2,2,0,13.0,8.0
2023-01-25,2022-23,Mainz,Dortmund,1,2,0,12.0,12.0
2023-01-25,2022-23,Augsburg,M'gladbach,1,0,0,14.0,7.0
2023-01-25,2022-23,Freiburg,Ein Frankfurt,1,1,0,12.0,4.0
2023-01-25,2022-23,Leverkusen,Bochum,2,0,0,11.0,9.0
2023-01-25,2022-23,Werder Bremen,Union Berlin,1,2,0,8.0,11.0
2023-01-27,2022-23,RB Leipzig,Stuttgart,2,1,0,9.0,10.0
2023-01-28,2022-23,Freiburg,Augsburg,3,1,0,15.0,16.0
2023-01-28,2022-23,Hertha,Union Berlin,0,2,0,10.0,7.0
2023-01-28,2022-23,Hoffenheim,M'gladbach,1,4,0,15.0,10.0
2023-01-28,2022-23,Mainz,Bochum,5,2,0,14.0,14.0
2023-01-28,2022-23,Werder Bremen,Wolfsburg,2,1,0,14.0,7.0
2023-01-28,2022-23,Bayern Munich,Ein Frankfurt,1,1,0,14.0,7.0
2023-01-29,2022-23,Schalke 04,FC Koln,0,0,0,15.0,7.0
2023-01-29,2022-23,Leverkusen,Dortmund,0,2,0,20.0,6.0
2023-02-03,2022-23,Augsburg,Leverkusen,1,0,0,10.0,12.0
2023-02-04,2022-23,Bochum,Hoffenheim,5,2,0,17.0,10.0
2023-02-04,2022-23,Dortmund,Freiburg,5,1,0,24.0,6.0
2023-02-04,2022-23,Ein Frankfurt,Hertha,3,0,0,10.0,13.0
2023-02-04,2022-23,FC Koln,RB Leipzig,0,0,0,9.0,7.0
2023-02-04,2022-23,Union Berlin,Mainz,2,1,0,9.0,9.0
2023-02-04,2022-23,M'gladbach,Schalke 04,0,0,0,17.0,18.0
2023-02-05,2022-23,Stuttgart,Werder Bremen,0,2,0,16.0,9.0
2023-02-05,2022-23,Wolfsburg,Bayern Munich,2,4,0,19.0,9.0
2023-02-10,2022-23,Schalke 04,Wolfsburg,0,0,0,17.0,8.0
2023-02-11,2022-23,Bayern Munich,Bochum,3,0,0,25.0,7.0
2023-02-11,2022-23,Freiburg,Stuttgart,2,1,0,9.0,14.0
2023-02-11,2022-23,Hoffenheim,Leverkusen,1,3,0,11.0,12.0
2023-02-11,2022-23,Mainz,Augsburg,3,1,0,13.0,11.0
2023-02-11,2022-23,Werder Bremen,Dortmund,0,2,0,8.0,17.0
2023-02-11,2022-23,RB Leipzig,Union Berlin,1,2,0,9.0,6.0
2023-02-12,2022-23,Hertha,M'gladbach,4,1,0,17.0,7.0
2023-02-12,2022-23,FC Koln,Ein Frankfurt,3,0,0,9.0,7.0
2023-02-17,2022-23,Augsburg,Hoffenheim,1,0,0,16.0,8.0
2023-02-18,2022-23,Bochum,Freiburg,0,2,0,15.0,15.0
2023-02-18,2022-23,M'gladbach,Bayern Munich,3,2,0,17.0,13.0
2023-02-18,2022-23,Stuttgart,FC Koln,3,0,0,18.0,11.0
2023-02-18,2022-23,Wolfsburg,RB Leipzig,0,3,0,7.0,17.0
2023-02-18,2022-23,Ein Frankfurt,Werder Bremen,2,0,0,11.0,3.0
2023-02-19,2022-23,Union Berlin,Schalke 04,0,0,0,9.0,6.0
2023-02-19,2022-23,Dortmund,Hertha,4,1,0,12.0,15.0
2023-02-19,2022-23,Leverkusen,Mainz,2,3,0,17.0,12.0
2023-02-24,2022-23,Mainz,M'gladbach,4,0,0,14.0,8.0
2023-02-25,2022-23,FC Koln,Wolfsburg,0,2,0,11.0,6.0
2023-02-25,2022-23,Hertha,Augsburg,2,0,0,11.0,9.0
2023-02-25,2022-23,Hoffenheim,Dortmund,0,1,0,13.0,23.0
2023-02-25,2022-23,RB Leipzig,Ein Frankfurt,2,1,0,10.0,8.0
2023-02-25,2022-23,Werder Bremen,Bochum,3,0,0,12.0,9.0
2023-02-25,2022-23,Schalke 04,Stuttgart,2,1,0,11.0,17.0
2023-02-26,2022-23,Freiburg,Leverkusen,1,1,0,9.0,16.0
2023-02-26,2022-23,Bayern Munich,Union Berlin,3,0,0,19.0,4.0
2023-03-03,2022-23,Dortmund,RB Leipzig,2,1,0,8.0,14.0
2023-03-04,2022-23,Augsburg,Werder Bremen,2,1,0,9.0,17.0
2023-03-04,2022-23,Bochum,Schalke 04,0,2,0,6.0,9.0
2023-03-04,2022-23,Mainz,Hoffenheim,1,0,0,16.0,15.0
2023-03-04,2022-23,M'gladbach,Freiburg,0,0,0,10.0,8.0
2023-03-04,2022-23,Union Berlin,FC Koln,0,0,0,8.0,12.0
2023-03-04,2022-23,Stuttgart,Bayern Munich,1,2,0,11.0,13.0
2023-03-05,2022-23,Leverkusen,Hertha,4,1,0,18.0,7.0
2023-03-05,2022-23,Wolfsburg,Ein Frankfurt,2,2,0,13.0,10.0
2023-03-10,2022-23,FC Koln,Bochum,0,2,0,11.0,9.0
2023-03-11,2022-23,Bayern Munich,Augsburg,5,3,0,24.0,13.0
2023-03-11,2022-23,Ein Frankfurt,Stuttgart,1,1,0,10.0,9.0
2023-03-11,2022-23,Hertha,Mainz,1,1,0,9.0,6.0
2023-03-11,2022-23,RB Leipzig,M'gladbach,3,0,0,14.0,7.0
2023-03-11,2022-23,Schalke 04,Dortmund,2,2,0,10.0,20.0
2023-03-12,2022-23,Freiburg,Hoffenheim,2,1,0,9.0,12.0
2023-03-12,2022-23,Werder Bremen,Leverkusen,2,3,0,12.0,13.0
2023-03-12,2022-23,Wolfsburg,Union Berlin,1,1,0,15.0,11.0
2023-03-17,2022-23,M'gladbach,Werder Bremen,2,2,0,21.0,6.0
2023-03-18,2022-23,Augsburg,Schalke 04,1,1,0,9.0,13.0
2023-03-18,2022-23,Bochum,RB Leipzig,1,0,0,8.0,21.0
2023-03-18,2022-23,Hoffenheim,Hertha,3,1,0,15.0,11.0
2023-03-18,2022-23,Stuttgart,Wolfsburg,0,1,0,12.0,9.0
2023-03-18,2022-23,Dortmund,FC Koln,6,1,0,11.0,11.0
2023-03-19,2022-23,Union Berlin,Ein Frankfurt,2,0,0,14.0,19.0
2023-03-19,2022-23,Leverkusen,Bayern Munich,2,1,0,12.0,11.0
2023-03-19,2022-23,Mainz,Freiburg,1,1,0,10.0,11.0
2023-03-31,2022-23,Ein Frankfurt,Bochum,1,1,0,18.0,8.0
2023-04-01,2022-23,Freiburg,Hertha,1,1,0,16.0,10.0
2023-04-01,2022-23,RB Leipzig,Mainz,0,3,0,12.0,19.0
2023-04-01,2022-23,Schalke 04,Leverkusen,0,3,0,12.0,18.0
2023-04-01,2022-23,Union Berlin,Stuttgart,3,0,0,13.0,17.0
2023-04-01,2022-23,Wolfsburg,Augsburg,2,2,0,23.0,5.0
2023-04-01,2022-23,Bayern Munich,Dortmund,4,2,0,16.0,10.0
2023-04-02,2022-23,FC Koln,M'gladbach,0,0,0,12.0,8.0
2023-04-02,2022-23,Werder Bremen,Hoffenheim,1,2,0,12.0,8.0
2023-04-08,2022-23,Augsburg,FC Koln,1,3,0,13.0,11.0
2023-04-08,2022-23,Dortmund,Union Berlin,2,1,0,14.0,7.0
2023-04-08,2022-23,Freiburg,Bayern Munich,0,1,0,10.0,23.0
2023-04-08,2022-23,Leverkusen,Ein Frankfurt,3,1,0,13.0,9.0
2023-04-08,2022-23,Mainz,Werder Bremen,2,2,0,16.0,9.0
2023-04-08,2022-23,Hertha,RB Leipzig,0,1,0,11.0,18.0
2023-04-09,2022-23,M'gladbach,Wolfsburg,2,0,0,13.0,9.0
2023-04-09,2022-23,Bochum,Stuttgart,2,3,0,11.0,14.0
2023-04-09,2022-23,Hoffenheim,Schalke 04,2,0,0,15.0,10.0
2023-04-14,2022-23,Schalke 04,Hertha,5,2,0,14.0,11.0
2023-04-15,2022-23,Bayern Munich,Hoffenheim,1,1,0,22.0,4.0
2023-04-15,2022-23,FC Koln,Mainz,1,1,0,12.0,5.0
2023-04-15,2022-23,RB Leipzig,Augsburg,3,2,0,13.0,14.0
2023-04-15,2022-23,Stuttgart,Dortmund,3,3,0,12.0,15.0
2023-04-15,2022-23,Ein Frankfurt,M'gladbach,1,1,0,16.0,4.0
2023-04-16,2022-23,Werder Bremen,Freiburg,1,2,0,13.0,6.0
2023-04-16,2022-23,Union Berlin,Bochum,1,1,0,10.0,14.0
2023-04-16,2022-23,Wolfsburg,Leverkusen,0,0,0,11.0,13.0
2023-04-21,2022-23,Augsburg,Stuttgart,1,1,0,4.0,6.0
2023-04-22,2022-23,Bochum,Wolfsburg,1,5,0,23.0,15.0
2023-04-22,2022-23,Hertha,Werder Bremen,2,4,0,13.0,11.0
2023-04-22,2022-23,Hoffenheim,FC Koln,1,3,0,11.0,14.0
2023-04-22,2022-23,Mainz,Bayern Munich,3,1,0,13.0,11.0
2023-04-22,2022-23,Dortmund,Ein Frankfurt,4,0,0,14.0,9.0
2023-04-23,2022-23,Freiburg,Schalke 04,4,0,0,25.0,10.0
2023-04-23,2022-23,Leverkusen,RB Leipzig,2,0,0,8.0,26.0
2023-04-23,2022-23,M'gladbach,Union Berlin,0,1,0,8.0,14.0
2023-04-28,2022-23,Bochum,Dortmund,1,1,0,10.0,21.0
2023-04-29,2022-23,Ein Frankfurt,Augsburg,1,1,0,7.0,9.0
2023-04-29,2022-23,FC Koln,Freiburg,0,1,0,21.0,12.0
2023-04-29,2022-23,RB Leipzig,Hoffenheim,1,0,0,16.0,5.0
2023-04-29,2022-23,Stuttgart,M'gladbach,2,1,0,18.0,9.0
2023-04-29,2022-23,Union Berlin,Leverkusen,0,0,0,7.0,8.0
2023-04-29,2022-23,Schalke 04,Werder Bremen,2,1,0,21.0,11.0
2023-04-30,2022-23,Bayern Munich,Hertha,2,0,0,25.0,2.0
2023-04-30,2022-23,Wolfsburg,Mainz,3,0,0,10.0,10.0
2023-05-05,2022-23,Leverkusen,FC Koln,1,2,0,14.0,7.0
2023-05-05,2022-23,Mainz,Schalke 04,2,3,0,9.0,15.0
2023-05-06,2022-23,Augsburg,Union Berlin,1,0,0,11.0,12.0
2023-05-06,2022-23,Freiburg,RB Leipzig,0,1,0,5.0,13.0
2023-05-06,2022-23,Hertha,Stuttgart,2,1,0,7.0,16.0
2023-05-06,2022-23,Hoffenheim,Ein Frankfurt,3,1,0,8.0,19.0
2023-05-06,2022-23,M'gladbach,Bochum,2,0,0,25.0,14.0
2023-05-06,2022-23,Werder Bremen,Bayern Munich,1,2,0,12.0,12.0
2023-05-07,2022-23,Dortmund,Wolfsburg,6,0,0,20.0,10.0
2023-05-12,2022-23,FC Koln,Hertha,5,2,0,28.0,9.0
2023-05-13,2022-23,Bayern Munich,Schalke 04,6,0,0,23.0,8.0
2023-05-13,2022-23,Bochum,Augsburg,3,2,0,15.0,12.0
2023-05-13,2022-23,Ein Frankfurt,Mainz,3,0,0,17.0,10.0
2023-05-13,2022-23,Union Berlin,Freiburg,4,2,0,10.0,13.0
2023-05-13,2022-23,Wolfsburg,Hoffenheim,2,1,0,8.0,10.0
2023-05-13,2022-23,Dortmund,M'gladbach,5,2,0,33.0,13.0
2023-05-14,2022-23,Stuttgart,Leverkusen,1,1,0,9.0,12.0
2023-05-14,2022-23,RB Leipzig,Werder Bremen,2,1,0,20.0,6.0
2023-05-19,2022-23,Freiburg,Wolfsburg,2,0,0,16.0,9.0
2023-05-20,2022-23,Hertha,Bochum,1,1,0,14.0,17.0
2023-05-20,2022-23,Hoffenheim,Union Berlin,4,2,0,10.0,20.0
2023-05-20,2022-23,Schalke 04,Ein Frankfurt,2,2,0,11.0,6.0
2023-05-20,2022-23,Werder Bremen,FC Koln,1,1,0,13.0,13.0
2023-05-20,2022-23,Bayern Munich,RB Leipzig,1,3,0,17.0,16.0
2023-05-21,2022-23,Mainz,Stuttgart,1,4,0,9.0,8.0
2023-05-21,2022-23,Augsburg,Dortmund,0,3,0,4.0,28.0
2023-05-21,2022-23,Leverkusen,M'gladbach,2,2,0,13.0,9.0
2023-05-27,2022-23,Bochum,Leverkusen,3,0,0,10.0,11.0
2023-05-27,2022-23,Dortmund,Mainz,2,2,0,30.0,10.0
2023-05-27,2022-23,Ein Frankfurt,Freiburg,2,1,0,14.0,13.0
2023-05-27,2022-23,FC Koln,Bayern Munich,1,2,0,9.0,11.0
2023-05-27,2022-23,M'gladbach,Augsburg,2,0,0,17.0,9.0
2023-05-27,2022-23,RB Leipzig,Schalke 04,4,2,0,19.0,16.0
2023-05-27,2022-23,Stuttgart,Hoffenheim,1,1,0,19.0,8.0
2023-05-27,2022-23,Union Berlin,Werder Bremen,1,0,0,16.0,7.0
2023-05-27,2022-23,Wolfsburg,Hertha,1,2,0,19.0,9.0
2023-08-18,2023-24,Werder Bremen,Bayern Munich,0,4,0,6.0,25.0
2023-08-19,2023-24,Augsburg,M'gladbach,4,4,0,20.0,9.0
2023-08-19,2023-24,Hoffenheim,Freiburg,1,2,0,24.0,17.0
2023-08-19,2023-24,Leverkusen,RB Leipzig,3,2,0,11.0,13.0
2023-08-19,2023-24,Stuttgart,Bochum,5,0,0,19.0,4.0
2023-08-19,2023-24,Wolfsburg,Heidenheim,2,0,0,18.0,13.0
2023-08-19,2023-24,Dortmund,FC Koln,1,0,0,12.0,11.0
2023-08-20,2023-24,Union Berlin,Mainz,4,1,0,12.0,9.0
2023-08-20,2023-24,Ein Frankfurt,Darmstadt,1,0,0,10.0,11.0
2023-08-25,2023-24,RB Leipzig,Stuttgart,5,1,0,20.0,8.0
2023-08-26,2023-24,Bochum,Dortmund,1,1,0,17.0,13.0
2023-08-26,2023-24,Darmstadt,Union Berlin,1,4,0,18.0,12.0
2023-08-26,2023-24,FC Koln,Wolfsburg,1,2,0,14.0,9.0
2023-08-26,2023-24,Freiburg,Werder Bremen,1,0,0,23.0,16.0
2023-08-26,2023-24,Heidenheim,Hoffenheim,2,3,0,19.0,16.0
2023-08-26,2023-24,M'gladbach,Leverkusen,0,3,0,13.0,24.0
2023-08-27,2023-24,Mainz,Ein Frankfurt,1,1,0,13.0,8.0
2023-08-27,2023-24,Bayern Munich,Augsburg,3,1,0,19.0,11.0
2023-09-01,2023-24,Dortmund,Heidenheim,2,2,0,20.0,15.0
2023-09-02,2023-24,Augsburg,Bochum,2,2,0,11.0,22.0
2023-09-02,2023-24,Hoffenheim,Wolfsburg,3,1,0,11.0,14.0
2023-09-02,2023-24,Leverkusen,Darmstadt,5,1,0,24.0,5.0
2023-09-02,2023-24,Stuttgart,Freiburg,5,0,0,13.0,11.0
2023-09-02,2023-24,Werder Bremen,Mainz,4,0,0,12.0,12.0
2023-09-02,2023-24,M'gladbach,Bayern Munich,1,2,0,8.0,25.0
2023-09-03,2023-24,Ein Frankfurt,FC Koln,1,1,0,12.0,6.0
2023-09-03,2023-24,Union Berlin,RB Leipzig,0,3,0,4.0,15.0
2023-09-15,2023-24,Bayern Munich,Leverkusen,2,2,0,15.0,12.0
2023-09-16,2023-24,FC Koln,Hoffenheim,1,3,0,17.0,17.0
2023-09-16,2023-24,Freiburg,Dortmund,2,4,0,14.0,14.0
2023-09-16,2023-24,Mainz,Stuttgart,1,3,0,15.0,16.0
2023-09-16,2023-24,RB Leipzig,Augsburg,3,0,0,9.0,16.0
2023-09-16,2023-24,Wolfsburg,Union Berlin,2,1,0,8.0,17.0
2023-09-16,2023-24,Bochum,Ein Frankfurt,1,1,0,24.0,8.0
2023-09-17,2023-24,Heidenheim,Werder Bremen,4,2,0,19.0,11.0
2023-09-17,2023-24,Darmstadt,M'gladbach,3,3,0,15.0,21.0
2023-09-22,2023-24,Stuttgart,Darmstadt,3,1,0,18.0,3.0
2023-09-23,2023-24,Augsburg,Mainz,2,1,0,6.0,13.0
2023-09-23,2023-24,Bayern Munich,Bochum,7,0,0,26.0,4.0
2023-09-23,2023-24,Dortmund,Wolfsburg,1,0,0,18.0,8.0
2023-09-23,2023-24,M'gladbach,RB Leipzig,0,1,0,13.0,8.0
2023-09-23,2023-24,Union Berlin,Hoffenheim,0,2,0,22.0,11.0
2023-09-23,2023-24,Werder Bremen,FC Koln,2,1,0,17.0,13.0
2023-09-24,2023-24,Leverkusen,Heidenheim,4,1,0,20.0,1.0
2023-09-24,2023-24,Ein Frankfurt,Freiburg,0,0,0,13.0,9.0
2023-09-29,2023-24,Hoffenheim,Dortmund,1,3,0,15.0,6.0
2023-09-30,2023-24,Bochum,M'gladbach,1,3,0,23.0,25.0
2023-09-30,2023-24,FC Koln,Stuttgart,0,2,0,14.0,18.0
2023-09-30,2023-24,Heidenheim,Union Berlin,1,0,0,9.0,19.0
2023-09-30,2023-24,Mainz,Leverkusen,0,3,0,10.0,6.0
2023-09-30,2023-24,Wolfsburg,Ein Frankfurt,2,0,0,19.0,7.0
2023-09-30,2023-24,RB Leipzig,Bayern Munich,2,2,0,7.0,11.0
2023-10-01,2023-24,Darmstadt,Werder Bremen,4,2,0,14.0,10.0
2023-10-01,2023-24,Freiburg,Augsburg,2,0,0,7.0,13.0
2023-10-06,2023-24,M'gladbach,Mainz,2,2,0,20.0,13.0
2023-10-07,2023-24,Augsburg,Darmstadt,1,2,0,17.0,17.0
2023-10-07,2023-24,Dortmund,Union Berlin,4,2,0,12.0,12.0
2023-10-07,2023-24,RB Leipzig,Bochum,0,0,0,18.0,9.0
2023-10-07,2023-24,Stuttgart,Wolfsburg,3,1,0,13.0,12.0
2023-10-07,2023-24,Werder Bremen,Hoffenheim,2,3,0,13.0,11.0
2023-10-08,2023-24,Leverkusen,FC Koln,3,0,0,21.0,7.0
2023-10-08,2023-24,Bayern Munich,Freiburg,3,0,0,21.0,2.0
2023-10-08,2023-24,Ein Frankfurt,Heidenheim,2,0,0,12.0,7.0
2023-10-20,2023-24,Dortmund,Werder Bremen,1,0,0,22.0,6.0
2023-10-21,2023-24,Darmstadt,RB Leipzig,1,3,0,16.0,10.0
2023-10-21,2023-24,Freiburg,Bochum,2,1,0,15.0,13.0
2023-10-21,2023-24,Hoffenheim,Ein Frankfurt,1,3,0,14.0,13.0
2023-10-21,2023-24,Union Berlin,Stuttgart,0,3,0,10.0,10.0
2023-10-21,2023-24,Wolfsburg,Leverkusen,1,2,0,18.0,13.0
2023-10-21,2023-24,Mainz,Bayern Munich,1,3,0,14.0,12.0
2023-10-22,2023-24,FC Koln,M'gladbach,3,1,0,21.0,5.0
2023-10-22,2023-24,Heidenheim,Augsburg,2,5,0,16.0,9.0
2023-10-27,2023-24,Bochum,Mainz,2,2,0,10.0,10.0
2023-10-28,2023-24,Augsburg,Wolfsburg,3,2,0,9.0,13.0
2023-10-28,2023-24,Bayern Munich,Darmstadt,8,0,0,28.0,10.0
2023-10-28,2023-24,M'gladbach,Heidenheim,2,1,0,11.0,8.0
2023-10-28,2023-24,Stuttgart,Hoffenheim,2,3,0,23.0,7.0
2023-10-28,2023-24,Werder Bremen,Union Berlin,2,0,0,9.0,7.0
2023-10-28,2023-24,RB Leipzig,FC Koln,6,0,0,24.0,6.0
2023-10-29,2023-24,Ein Frankfurt,Dortmund,3,3,0,11.0,14.0
2023-10-29,2023-24,Leverkusen,Freiburg,2,1,0,19.0,10.0
2023-11-03,2023-24,Darmstadt,Bochum,1,2,0,15.0,9.0
2023-11-04,2023-24,FC Koln,Augsburg,1,1,0,28.0,18.0
2023-11-04,2023-24,Freiburg,M'gladbach,3,3,0,15.0,10.0
2023-11-04,2023-24,Hoffenheim,Leverkusen,2,3,0,12.0,10.0
2023-11-04,2023-24,Mainz,RB Leipzig,2,0,0,10.0,10.0
2023-11-04,2023-24,Union Berlin,Ein Frankfurt,0,3,0,10.0,4.0
2023-11-04,2023-24,Dortmund,Bayern Munich,0,4,0,15.0,14.0
2023-11-05,2023-24,Wolfsburg,Werder Bremen,2,2,0,15.0,13.0
2023-11-05,2023-24,Heidenheim,Stuttgart,2,0,0,19.0,14.0
2023-11-10,2023-24,M'gladbach,Wolfsburg,4,0,0,16.0,12.0
2023-11-11,2023-24,Augsburg,Hoffenheim,1,1,0,11.0,12.0
2023-11-11,2023-24,Bayern Munich,Heidenheim,4,2,0,18.0,7.0
2023-11-11,2023-24,Darmstadt,Mainz,0,0,0,9.0,9.0
2023-11-11,2023-24,Stuttgart,Dortmund,2,1,0,22.0,5.0
2023-11-11,2023-24,Bochum,FC Koln,1,1,0,25.0,10.0
2023-11-12,2023-24,Leverkusen,Union Berlin,4,0,0,19.0,2.0
2023-11-12,2023-24,Werder Bremen,Ein Frankfurt,2,2,0,14.0,14.0
2023-11-12,2023-24,RB Leipzig,Freiburg,3,1,0,15.0,9.0
2023-11-24,2023-24,FC Koln,Bayern Munich,0,1,0,6.0,19.0
2023-11-25,2023-24,Dortmund,M'gladbach,4,2,0,20.0,10.0
2023-11-25,2023-24,Freiburg,Darmstadt,1,1,0,16.0,7.0
2023-11-25,2023-24,Union Berlin,Augsburg,1,1,0,16.0,11.0
2023-11-25,2023-24,Werder Bremen,Leverkusen,0,3,0,2.0,13.0
2023-11-25,2023-24,Wolfsburg,RB Leipzig,2,1,0,10.0,26.0
2023-11-25,2023-24,Ein Frankfurt,Stuttgart,1,2,0,14.0,11.0
2023-11-26,2023-24,Heidenheim,Bochum,0,0,0,9.0,9.0
2023-11-26,2023-24,Hoffenheim,Mainz,1,1,0,15.0,15.0
2023-12-01,2023-24,Darmstadt,FC Koln,0,1,0,11.0,11.0
2023-12-02,2023-24,Bochum,Wolfsburg,3,1,0,19.0,15.0
2023-12-02,2023-24,M'gladbach,Hoffenheim,2,1,0,9.0,17.0
2023-12-02,2023-24,RB Leipzig,Heidenheim,2,1,0,23.0,7.0
2023-12-02,2023-24,Stuttgart,Werder Bremen,2,0,0,17.0,11.0
2023-12-03,2023-24,Mainz,Freiburg,0,1,0,19.0,13.0
2023-12-03,2023-24,Leverkusen,Dortmund,1,1,0,22.0,6.0
2023-12-03,2023-24,Augsburg,Ein Frankfurt,2,1,0,9.0,12.0
2023-12-08,2023-24,Hoffenheim,Bochum,3,1,0,18.0,22.0
2023-12-09,2023-24,Ein Frankfurt,Bayern Munich,5,1,0,14.0,17.0
2023-12-09,2023-24,Heidenheim,Darmstadt,3,2,0,16.0,20.0
2023-12-09,2023-24,Union Berlin,M'gladbach,3,1,0,16.0,13.0
2023-12-09,2023-24,Werder Bremen,Augsburg,2,0,0,12.0,11.0
2023-12-09,2023-24,Wolfsburg,Freiburg,0,1,0,10.0,4.0
2023-12-09,2023-24,Dortmund,RB Leipzig,2,3,0,18.0,24.0
2023-12-10,2023-24,Stuttgart,Leverkusen,1,1,0,22.0,20.0
2023-12-10,2023-24,FC Koln,Mainz,0,0,0,7.0,13.0
2023-12-15,2023-24,M'gladbach,Werder Bremen,2,2,0,15.0,10.0
2023-12-16,2023-24,Augsburg,Dortmund,1,1,0,20.0,24.0
2023-12-16,2023-24,Bochum,Union Berlin,3,0,0,21.0,10.0
2023-12-16,2023-24,Darmstadt,Wolfsburg,0,1,0,14.0,11.0
2023-12-16,2023-24,Mainz,Heidenheim,0,1,0,16.0,5.0
2023-12-16,2023-24,RB Leipzig,Hoffenheim,3,1,0,23.0,10.0
2023-12-17,2023-24,Freiburg,FC Koln,2,0,0,23.0,7.0
2023-12-17,2023-24,Leverkusen,Ein Frankfurt,3,0,0,14.0,4.0
2023-12-17,2023-24,Bayern Munich,Stuttgart,3,0,0,17.0,5.0
2023-12-19,2023-24,Werder Bremen,RB Leipzig,1,1,0,11.0,18.0
2023-12-19,2023-24,Dortmund,Mainz,1,1,0,21.0,11.0
2023-12-19,2023-24,Hoffenheim,Darmstadt,3,3,0,13.0,14.0
2023-12-20,2023-24,Union Berlin,FC Koln,2,0,0,12.0,15.0
2023-12-20,2023-24,Ein Frankfurt,M'gladbach,2,1,0,15.0,7.0
2023-12-20,2023-24,Heidenheim,Freiburg,3,2,0,14.0,10.0
2023-12-20,2023-24,Leverkusen,Bochum,4,0,0,15.0,6.0
2023-12-20,2023-24,Stuttgart,Augsburg,3,0,0,17.0,6.0
2023-12-20,2023-24,Wolfsburg,Bayern Munich,1,2,0,5.0,20.0
2024-01-12,2023-24,Bayern Munich,Hoffenheim,3,0,0,27.0,12.0
2024-01-13,2023-24,Augsburg,Leverkusen,0,1,0,2.0,25.0
2024-01-13,2023-24,FC Koln,Heidenheim,1,1,0,13.0,10.0
2024-01-13,2023-24,Freiburg,Union Berlin,0,0,0,14.0,8.0
2024-01-13,2023-24,Mainz,Wolfsburg,1,1,0,12.0,9.0
2024-01-13,2023-24,RB Leipzig,Ein Frankfurt,0,1,0,26.0,5.0
2024-01-13,2023-24,Darmstadt,Dortmund,0,3,0,10.0,17.0
2024-01-14,2023-24,Bochum,Werder Bremen,1,1,0,13.0,15.0
2024-01-14,2023-24,M'gladbach,Stuttgart,3,1,0,8.0,14.0
2024-01-20,2023-24,Bochum,Stuttgart,1,0,0,6.0,17.0
2024-01-20,2023-24,Darmstadt,Ein Frankfurt,2,2,0,13.0,7.0
2024-01-20,2023-24,FC Koln,Dortmund,0,4,0,16.0,11.0
2024-01-20,2023-24,Freiburg,Hoffenheim,3,2,0,16.0,16.0
2024-01-20,2023-24,Heidenheim,Wolfsburg,1,1,0,12.0,12.0
2024-01-20,2023-24,RB Leipzig,Leverkusen,2,3,0,11.0,18.0
2024-01-21,2023-24,Bayern Munich,Werder Bremen,0,1,0,21.0,8.0
2024-01-21,2023-24,M'gladbach,Augsburg,1,2,0,18.0,15.0
2024-01-24,2023-24,Bayern Munich,Union Berlin,1,0,0,24.0,4.0
2024-01-26,2023-24,Ein Frankfurt,Mainz,1,0,0,13.0,7.0
2024-01-27,2023-24,Augsburg,Bayern Munich,2,3,0,14.0,13.0
2024-01-27,2023-24,Hoffenheim,Heidenheim,1,1,0,20.0,15.0
2024-01-27,2023-24,Stuttgart,RB Leipzig,5,2,0,19.0,4.0
2024-01-27,2023-24,Werder Bremen,Freiburg,3,1,0,14.0,7.0
2024-01-27,2023-24,Wolfsburg,FC Koln,1,1,0,12.0,6.0
2024-01-27,2023-24,Leverkusen,M'gladbach,0,0,0,28.0,4.0
2024-01-28,2023-24,Union Berlin,Darmstadt,1,0,0,19.0,15.0
2024-01-28,2023-24,Dortmund,Bochum,3,1,0,15.0,10.0
2024-02-02,2023-24,Heidenheim,Dortmund,0,0,0,11.0,13.0
2024-02-03,2023-24,Bayern Munich,M'gladbach,3,1,0,21.0,11.0
2024-02-03,2023-24,Bochum,Augsburg,1,1,0,9.0,12.0
2024-02-03,2023-24,Darmstadt,Leverkusen,0,2,0,8.0,18.0
2024-02-03,2023-24,Freiburg,Stuttgart,1,3,0,7.0,17.0
2024-02-03,2023-24,Mainz,Werder Bremen,0,1,0,20.0,6.0
2024-02-03,2023-24,FC Koln,Ein Frankfurt,2,0,0,14.0,11.0
2024-02-04,2023-24,Wolfsburg,Hoffenheim,2,2,0,14.0,17.0
2024-02-04,2023-24,RB Leipzig,Union Berlin,2,0,0,16.0,10.0
2024-02-07,2023-24,Mainz,Union Berlin,1,1,0,16.0,15.0
2024-02-09,2023-24,Dortmund,Freiburg,3,0,0,17.0,6.0
2024-02-10,2023-24,Augsburg,RB Leipzig,2,2,0,11.0,9.0
2024-02-10,2023-24,Ein Frankfurt,Bochum,1,1,0,8.0,14.0
2024-02-10,2023-24,M'gladbach,Darmstadt,0,0,0,22.0,10.0
2024-02-10,2023-24,Union Berlin,Wolfsburg,1,0,0,7.0,15.0
2024-02-10,2023-24,Werder Bremen,Heidenheim,1,2,0,14.0,10.0
2024-02-10,2023-24,Leverkusen,Bayern Munich,3,0,0,14.0,8.0
2024-02-11,2023-24,Stuttgart,Mainz,3,1,0,10.0,16.0
2024-02-11,2023-24,Hoffenheim,FC Koln,1,1,0,10.0,5.0
2024-02-16,2023-24,FC Koln,Werder Bremen,0,1,0,10.0,13.0
2024-02-17,2023-24,Darmstadt,Stuttgart,1,2,0,21.0,13.0
2024-02-17,2023-24,Heidenheim,Leverkusen,1,2,0,6.0,17.0
2024-02-17,2023-24,Hoffenheim,Union Berlin,0,1,0,16.0,10.0
2024-02-17,2023-24,Mainz,Augsburg,1,0,0,19.0,10.0
2024-02-17,2023-24,Wolfsburg,Dortmund,1,1,0,9.0,12.0
2024-02-17,2023-24,RB Leipzig,M'gladbach,2,0,0,16.0,13.0
2024-02-18,2023-24,Freiburg,Ein Frankfurt,3,3,0,13.0,10.0
2024-02-18,2023-24,Bochum,Bayern Munich,3,2,0,14.0,26.0
2024-02-23,2023-24,Leverkusen,Mainz,2,1,0,18.0,13.0
2024-02-24,2023-24,M'gladbach,Bochum,5,2,0,22.0,15.0
2024-02-24,2023-24,Stuttgart,FC Koln,1,1,0,13.0,12.0
2024-02-24,2023-24,Union Berlin,Heidenheim,2,2,0,12.0,9.0
2024-02-24,2023-24,Werder Bremen,Darmstadt,1,1,0,13.0,11.0
2024-02-24,2023-24,Bayern Munich,RB Leipzig,2,1,0,16.0,11.0
2024-02-25,2023-24,Ein Frankfurt,Wolfsburg,2,2,0,12.0,14.0
2024-02-25,2023-24,Dortmund,Hoffenheim,2,3,0,19.0,7.0
2024-02-25,2023-24,Augsburg,Freiburg,2,1,0,21.0,5.0
2024-03-01,2023-24,Freiburg,Bayern Munich,2,2,0,17.0,21.0
2024-03-02,2023-24,Bochum,RB Leipzig,1,4,0,15.0,10.0
2024-03-02,2023-24,Darmstadt,Augsburg,0,6,0,10.0,21.0
2024-03-02,2023-24,Heidenheim,Ein Frankfurt,1,2,0,16.0,11.0
2024-03-02,2023-24,Mainz,M'gladbach,1,1,0,21.0,14.0
2024-03-02,2023-24,Union Berlin,Dortmund,0,2,0,13.0,12.0
2024-03-02,2023-24,Wolfsburg,Stuttgart,2,3,0,12.0,7.0
2024-03-03,2023-24,FC Koln,Leverkusen,0,2,0,6.0,17.0
2024-03-03,2023-24,Hoffenheim,Werder Bremen,2,1,0,14.0,18.0
2024-03-08,2023-24,Stuttgart,Union Berlin,2,0,0,14.0,10.0
2024-03-09,2023-24,Augsburg,Heidenheim,1,0,0,8.0,6.0
2024-03-09,2023-24,Bayern Munich,Mainz,8,1,0,25.0,13.0
2024-03-09,2023-24,M'gladbach,FC Koln,3,3,0,16.0,12.0
2024-03-09,2023-24,RB Leipzig,Darmstadt,2,0,0,28.0,9.0
2024-03-09,2023-24,Werder Bremen,Dortmund,1,2,0,15.0,13.0
2024-03-10,2023-24,Bochum,Freiburg,1,2,0,18.0,9.0
2024-03-10,2023-24,Ein Frankfurt,Hoffenheim,3,1,0,17.0,6.0
2024-03-10,2023-24,Leverkusen,Wolfsburg,2,0,0,19.0,2.0
2024-03-15,2023-24,FC Koln,RB Leipzig,1,5,0,9.0,23.0
2024-03-16,2023-24,Darmstadt,Bayern Munich,2,5,0,7.0,26.0
2024-03-16,2023-24,Heidenheim,M'gladbach,1,1,0,16.0,6.0
2024-03-16,2023-24,Mainz,Bochum,2,0,0,13.0,11.0
2024-03-16,2023-24,Union Berlin,Werder Bremen,2,1,0,11.0,10.0
2024-03-16,2023-24,Wolfsburg,Augsburg,1,3,0,15.0,14.0
2024-03-16,2023-24,Hoffenheim,Stuttgart,0,3,0,8.0,25.0
2024-03-17,2023-24,Freiburg,Leverkusen,2,3,0,9.0,18.0
2024-03-17,2023-24,Dortmund,Ein Frankfurt,3,1,0,16.0,8.0
2024-03-30,2023-24,Ein Frankfurt,Union Berlin,0,0,0,18.0,10.0
2024-03-30,2023-24,Leverkusen,Hoffenheim,2,1,0,36.0,6.0
2024-03-30,2023-24,M'gladbach,Freiburg,0,3,0,18.0,13.0
2024-03-30,2023-24,RB Leipzig,Mainz,0,0,0,23.0,8.0
2024-03-30,2023-24,Werder Bremen,Wolfsburg,0,2,0,6.0,15.0
2024-03-30,2023-24,Bayern Munich,Dortmund,0,2,0,16.0,11.0
2024-03-31,2023-24,Augsburg,FC Koln,1,1,0,24.0,12.0
2024-03-31,2023-24,Stuttgart,Heidenheim,3,3,0,20.0,6.0
2024-03-31,2023-24,Bochum,Darmstadt,2,2,0,20.0,13.0
2024-04-05,2023-24,Ein Frankfurt,Werder Bremen,1,1,0,19.0,10.0
2024-04-06,2023-24,FC Koln,Bochum,2,1,0,17.0,8.0
2024-04-06,2023-24,Freiburg,RB Leipzig,1,4,0,15.0,15.0
2024-04-06,2023-24,Heidenheim,Bayern Munich,3,2,0,9.0,15.0
2024-04-06,2023-24,Mainz,Darmstadt,4,0,0,18.0,14.0
2024-04-06,2023-24,Union Berlin,Leverkusen,0,1,0,8.0,19.0
2024-04-06,2023-24,Dortmund,Stuttgart,0,1,0,14.0,10.0
2024-04-07,2023-24,Hoffenheim,Augsburg,3,1,0,17.0,14.0
2024-04-07,2023-24,Wolfsburg,M'gladbach,1,3,0,13.0,10.0
2024-04-12,2023-24,Augsburg,Union Berlin,2,0,0,12.0,17.0
2024-04-13,2023-24,Bayern Munich,FC Koln,2,0,0,17.0,11.0
2024-04-13,2023-24,Bochum,Heidenheim,1,1,0,24.0,10.0
2024-04-13,2023-24,Mainz,Hoffenheim,4,1,0,23.0,5.0
2024-04-13,2023-24,M'gladbach,Dortmund,1,2,0,16.0,12.0
2024-04-13,2023-24,RB Leipzig,Wolfsburg,3,0,0,15.0,10.0
2024-04-13,2023-24,Stuttgart,Ein Frankfurt,3,0,0,9.0,10.0
2024-04-14,2023-24,Darmstadt,Freiburg,0,1,0,16.0,9.0
2024-04-14,2023-24,Leverkusen,Werder Bremen,5,0,0,19.0,7.0
2024-04-19,2023-24,Ein Frankfurt,Augsburg,3,1,0,12.0,6.0
2024-04-20,2023-24,FC Koln,Darmstadt,0,2,0,18.0,12.0
2024-04-20,2023-24,Heidenheim,RB Leipzig,1,2,0,9.0,11.0
2024-04-20,2023-24,Hoffenheim,M'gladbach,4,3,0,27.0,13.0
2024-04-20,2023-24,Wolfsburg,Bochum,1,0,0,10.0,9.0
2024-04-20,2023-24,Union Berlin,Bayern Munich,1,5,0,15.0,18.0
2024-04-21,2023-24,Werder Bremen,Stuttgart,2,1,0,9.0,14.0
2024-04-21,2023-24,Dortmund,Leverkusen,1,1,0,9.0,13.0
2024-04-21,2023-24,Freiburg,Mainz,1,1,0,7.0,17.0
2024-04-26,2023-24,Bochum,Hoffenheim,3,2,0,35.0,12.0
2024-04-27,2023-24,Augsburg,Werder Bremen,0,3,0,14.0,16.0
2024-04-27,2023-24,Bayern Munich,Ein Frankfurt,2,1,0,19.0,10.0
2024-04-27,2023-24,Freiburg,Wolfsburg,1,2,0,16.0,13.0
2024-04-27,2023-24,RB Leipzig,Dortmund,4,1,0,21.0,12.0
2024-04-27,2023-24,Leverkusen,Stuttgart,2,2,0,14.0,11.0
2024-04-28,2023-24,M'gladbach,Union Berlin,0,0,0,13.0,14.0
2024-04-28,2023-24,Mainz,FC Koln,1,1,0,16.0,16.0
2024-04-28,2023-24,Darmstadt,Heidenheim,0,1,0,12.0,19.0
2024-05-03,2023-24,Hoffenheim,RB Leipzig,1,1,0,18.0,8.0
2024-05-04,2023-24,Dortmund,Augsburg,5,1,0,21.0,20.0
2024-05-04,2023-24,Stuttgart,Bayern Munich,3,1,0,24.0,10.0
2024-05-04,2023-24,Werder Bremen,M'gladbach,2,2,0,17.0,17.0
2024-05-04,2023-24,Wolfsburg,Darmstadt,3,0,0,18.0,6.0
2024-05-04,2023-24,FC Koln,Freiburg,0,0,0,20.0,4.0
2024-05-05,2023-24,Union Berlin,Bochum,3,4,0,12.0,17.0
2024-05-05,2023-24,Ein Frankfurt,Leverkusen,1,5,0,16.0,10.0
2024-05-05,2023-24,Heidenheim,Mainz,1,1,0,16.0,10.0
2024-05-10,2023-24,Augsburg,Stuttgart,0,1,0,9.0,19.0
2024-05-11,2023-24,FC Koln,Union Berlin,3,2,0,18.0,14.0
2024-05-11,2023-24,Freiburg,Heidenheim,1,1,0,19.0,9.0
2024-05-11,2023-24,M'gladbach,Ein Frankfurt,1,1,0,6.0,16.0
2024-05-11,2023-24,RB Leipzig,Werder Bremen,1,1,0,13.0,10.0
2024-05-11,2023-24,Mainz,Dortmund,3,0,0,14.0,10.0
2024-05-12,2023-24,Darmstadt,Hoffenheim,0,6,0,9.0,12.0
2024-05-12,2023-24,Bayern Munich,Wolfsburg,2,0,0,5.0,5.0
2024-05-12,2023-24,Bochum,Leverkusen,0,5,0,2.0,28.0
2024-05-18,2023-24,Dortmund,Darmstadt,4,0,0,21.0,7.0
2024-05-18,2023-24,Ein Frankfurt,RB Leipzig,2,2,0,19.0,9.0
2024-05-18,2023-24,Heidenheim,FC Koln,4,1,0,13.0,19.0
2024-05-18,2023-24,Hoffenheim,Bayern Munich,4,2,0,17.0,12.0
2024-05-18,2023-24,Leverkusen,Augsburg,2,1,0,19.0,8.0
2024-05-18,2023-24,Stuttgart,M'gladbach,4,0,0,21.0,13.0
2024-05-18,2023-24,Union Berlin,Freiburg,2,1,0,14.0,11.0
2024-05-18,2023-24,Werder Bremen,Bochum,4,1,0,25.0,26.0
2024-05-18,2023-24,Wolfsburg,Mainz,1,3,0,12.0,12.0
2024-08-23,2024-25,M'gladbach,Leverkusen,2,3,0,14.0,25.0
2024-08-24,2024-25,Augsburg,Werder Bremen,2,2,0,10.0,12.0
2024-08-24,2024-25,Freiburg,Stuttgart,3,1,0,15.0,9.0
2024-08-24,2024-25,Hoffenheim,Holstein Kiel,3,2,0,20.0,15.0
2024-08-24,2024-25,Mainz,Union Berlin,1,1,0,15.0,15.0
2024-08-24,2024-25,RB Leipzig,Bochum,1,0,0,12.0,10.0
2024-08-24,2024-25,Dortmund,Ein Frankfurt,2,0,0,17.0,7.0
2024-08-25,2024-25,Wolfsburg,Bayern Munich,2,3,0,11.0,14.0
2024-08-25,2024-25,St Pauli,Heidenheim,0,2,0,11.0,6.0
2024-08-30,2024-25,Union Berlin,St Pauli,1,0,0,10.0,8.0
2024-08-31,2024-25,Bochum,M'gladbach,0,2,0,16.0,15.0
2024-08-31,2024-25,Ein Frankfurt,Hoffenheim,3,1,0,17.0,10.0
2024-08-31,2024-25,Holstein Kiel,Wolfsburg,0,2,0,12.0,12.0
2024-08-31,2024-25,Stuttgart,Mainz,3,3,0,28.0,9.0
2024-08-31,2024-25,Werder Bremen,Dortmund,0,0,0,5.0,9.0
2024-08-31,2024-25,Leverkusen,RB Leipzig,2,3,0,27.0,10.0
2024-09-01,2024-25,Heidenheim,Augsburg,4,0,0,17.0,15.0
2024-09-01,2024-25,Bayern Munich,Freiburg,2,0,0,11.0,8.0
2024-09-13,2024-25,Dortmund,Heidenheim,4,2,0,13.0,11.0
2024-09-14,2024-25,Freiburg,Bochum,2,1,0,27.0,13.0
2024-09-14,2024-25,Hoffenheim,Leverkusen,1,4,0,14.0,20.0
2024-09-14,2024-25,M'gladbach,Stuttgart,1,3,0,15.0,12.0
2024-09-14,2024-25,RB Leipzig,Union Berlin,0,0,0,16.0,11.0
2024-09-14,2024-25,Wolfsburg,Ein Frankfurt,1,2,0,17.0,15.0
2024-09-14,2024-25,Holstein Kiel,Bayern Munich,1,6,0,5.0,23.0
2024-09-15,2024-25,Augsburg,St Pauli,3,1,0,18.0,12.0
2024-09-15,2024-25,Mainz,Werder Bremen,1,2,0,11.0,11.0
2024-09-20,2024-25,Augsburg,Mainz,2,3,0,30.0,5.0
2024-09-21,2024-25,Bochum,Holstein Kiel,2,2,0,14.0,13.0
2024-09-21,2024-25,Heidenheim,Freiburg,0,3,0,7.0,14.0
2024-09-21,2024-25,Union Berlin,Hoffenheim,2,1,0,12.0,6.0
2024-09-21,2024-25,Werder Bremen,Bayern Munich,0,5,0,0.0,25.0
2024-09-21,2024-25,Ein Frankfurt,M'gladbach,2,0,0,14.0,22.0
2024-09-22,2024-25,Leverkusen,Wolfsburg,4,3,0,20.0,8.0
2024-09-22,2024-25,Stuttgart,Dortmund,5,1,0,16.0,6.0
2024-09-22,2024-25,St Pauli,RB Leipzig,0,0,0,15.0,10.0
2024-09-27,2024-25,Dortmund,Bochum,4,2,0,23.0,10.0
2024-09-28,2024-25,Freiburg,St Pauli,0,3,0,6.0,10.0
2024-09-28,2024-25,Mainz,Heidenheim,0,2,0,7.0,14.0
2024-09-28,2024-25,M'gladbach,Union Berlin,1,0,0,8.0,9.0
2024-09-28,2024-25,RB Leipzig,Augsburg,4,0,0,14.0,7.0
2024-09-28,2024-25,Wolfsburg,Stuttgart,2,2,0,5.0,17.0
2024-09-28,2024-25,Bayern Munich,Leverkusen,1,1,0,18.0,3.0
2024-09-29,2024-25,Holstein Kiel,Ein Frankfurt,2,4,0,10.0,18.0
2024-09-29,2024-25,Hoffenheim,Werder Bremen,3,4,0,10.0,18.0
2024-10-04,2024-25,Augsburg,M'gladbach,2,1,0,13.0,11.0
2024-10-05,2024-25,Bochum,Wolfsburg,1,3,0,17.0,15.0
2024-10-05,2024-25,Leverkusen,Holstein Kiel,2,2,0,24.0,8.0
2024-10-05,2024-25,Union Berlin,Dortmund,2,1,0,13.0,9.0
2024-10-05,2024-25,Werder Bremen,Freiburg,0,1,0,11.0,13.0
2024-10-05,2024-25,St Pauli,Mainz,0,3,0,17.0,8.0
2024-10-06,2024-25,Heidenheim,RB Leipzig,0,1,0,15.0,12.0
2024-10-06,2024-25,Ein Frankfurt,Bayern Munich,3,3,0,5.0,22.0
2024-10-06,2024-25,Stuttgart,Hoffenheim,1,1,0,18.0,7.0
2024-10-18,2024-25,Dortmund,St Pauli,2,1,0,20.0,10.0
2024-10-19,2024-25,Freiburg,Augsburg,3,1,0,15.0,9.0
2024-10-19,2024-25,Hoffenheim,Bochum,3,1,0,12.0,13.0
2024-10-19,2024-25,Leverkusen,Ein Frankfurt,2,1,0,27.0,9.0
2024-10-19,2024-25,Mainz,RB Leipzig,0,2,0,16.0,11.0
2024-10-19,2024-25,M'gladbach,Heidenheim,3,2,0,20.0,19.0
2024-10-19,2024-25,Bayern Munich,Stuttgart,4,0,0,22.0,4.0
2024-10-20,2024-25,Holstein Kiel,Union Berlin,0,2,0,12.0,14.0
2024-10-20,2024-25,Wolfsburg,Werder Bremen,2,4,0,14.0,15.0
2024-10-25,2024-25,Mainz,M'gladbach,1,1,0,23.0,9.0
2024-10-26,2024-25,Augsburg,Dortmund,2,1,0,12.0,11.0
2024-10-26,2024-25,RB Leipzig,Freiburg,3,1,0,12.0,15.0
2024-10-26,2024-25,St Pauli,Wolfsburg,0,0,0,14.0,10.0
2024-10-26,2024-25,Stuttgart,Holstein Kiel,2,1,0,16.0,9.0
2024-10-26,2024-25,Werder Bremen,Leverkusen,2,2,0,13.0,15.0
2024-10-27,2024-25,Bochum,Bayern Munich,0,5,0,6.0,17.0
2024-10-27,2024-25,Union Berlin,Ein Frankfurt,1,1,0,13.0,17.0
2024-10-27,2024-25,Heidenheim,Hoffenheim,0,0,0,17.0,12.0
2024-11-01,2024-25,Leverkusen,Stuttgart,0,0,0,19.0,4.0
2024-11-02,2024-25,Bayern Munich,Union Berlin,3,0,0,16.0,8.0
2024-11-02,2024-25,Ein Frankfurt,Bochum,7,2,0,18.0,11.0
2024-11-02,2024-25,Hoffenheim,St Pauli,0,2,0,12.0,7.0
2024-11-02,2024-25,Holstein Kiel,Heidenheim,1,0,0,11.0,17.0
2024-11-02,2024-25,Wolfsburg,Augsburg,1,1,0,18.0,3.0
2024-11-02,2024-25,Dortmund,RB Leipzig,2,1,0,19.0,7.0
2024-11-03,2024-25,Freiburg,Mainz,0,0,0,10.0,9.0
2024-11-03,2024-25,M'gladbach,Werder Bremen,4,1,0,16.0,15.0
2024-11-08,2024-25,Union Berlin,Freiburg,0,0,0,12.0,14.0
2024-11-09,2024-25,Bochum,Leverkusen,1,1,0,15.0,11.0
2024-11-09,2024-25,Mainz,Dortmund,3,1,0,13.0,2.0
2024-11-09,2024-25,St Pauli,Bayern Munich,0,1,0,3.0,13.0
2024-11-09,2024-25,Werder Bremen,Holstein Kiel,2,1,0,16.0,12.0
2024-11-09,2024-25,RB Leipzig,M'gladbach,0,0,0,11.0,14.0
2024-11-10,2024-25,Augsburg,Hoffenheim,0,0,0,16.0,11.0
2024-11-10,2024-25,Stuttgart,Ein Frankfurt,2,3,0,22.0,8.0
2024-11-10,2024-25,Heidenheim,Wolfsburg,1,3,0,19.0,13.0
2024-11-22,2024-25,Bayern Munich,Augsburg,3,0,0,33.0,2.0
2024-11-23,2024-25,Dortmund,Freiburg,4,0,0,19.0,7.0
2024-11-23,2024-25,Hoffenheim,RB Leipzig,4,3,0,20.0,14.0
2024-11-23,2024-25,Leverkusen,Heidenheim,5,2,0,20.0,6.0
2024-11-23,2024-25,Stuttgart,Bochum,2,0,0,15.0,9.0
2024-11-23,2024-25,Wolfsburg,Union Berlin,1,0,0,10.0,11.0
2024-11-23,2024-25,Ein Frankfurt,Werder Bremen,1,0,0,15.0,8.0
2024-11-24,2024-25,Holstein Kiel,Mainz,0,3,0,7.0,18.0
2024-11-24,2024-25,M'gladbach,St Pauli,2,0,0,15.0,15.0
2024-11-29,2024-25,St Pauli,Holstein Kiel,3,1,0,11.0,10.0
2024-11-30,2024-25,Augsburg,Bochum,1,0,0,16.0,7.0
2024-11-30,2024-25,Freiburg,M'gladbach,3,1,0,17.0,15.0
2024-11-30,2024-25,RB Leipzig,Wolfsburg,1,5,0,9.0,13.0
2024-11-30,2024-25,Union Berlin,Leverkusen,1,2,0,8.0,8.0
2024-11-30,2024-25,Werder Bremen,Stuttgart,2,2,0,20.0,10.0
2024-11-30,2024-25,Dortmund,Bayern Munich,1,1,0,7.0,14.0
2024-12-01,2024-25,Mainz,Hoffenheim,2,0,0,18.0,10.0
2024-12-01,2024-25,Heidenheim,Ein Frankfurt,0,4,0,8.0,14.0
2024-12-06,2024-25,Stuttgart,Union Berlin,3,2,0,7.0,14.0
2024-12-07,2024-25,Bayern Munich,Heidenheim,4,2,0,21.0,2.0
2024-12-07,2024-25,Bochum,Werder Bremen,0,1,0,12.0,9.0
2024-12-07,2024-25,Ein Frankfurt,Augsburg,2,2,0,16.0,8.0
2024-12-07,2024-25,Holstein Kiel,RB Leipzig,0,2,0,17.0,9.0
2024-12-07,2024-25,Leverkusen,St Pauli,2,1,0,6.0,12.0
2024-12-07,2024-25,M'gladbach,Dortmund,1,1,0,9.0,16.0
2024-12-08,2024-25,Wolfsburg,Mainz,4,3,0,10.0,12.0
2024-12-08,2024-25,Hoffenheim,Freiburg,1,1,0,15.0,11.0
2024-12-13,2024-25,Freiburg,Wolfsburg,3,2,0,18.0,20.0
2024-12-14,2024-25,Augsburg,Leverkusen,0,2,0,8.0,14.0
2024-12-14,2024-25,Mainz,Bayern Munich,2,1,0,8.0,13.0
2024-12-14,2024-25,M'gladbach,Holstein Kiel,4,1,0,15.0,11.0
2024-12-14,2024-25,Union Berlin,Bochum,0,2,0,,
2024-12-14,2024-25,St Pauli,Werder Bremen,0,2,0,15.0,8.0
2024-12-15,2024-25,Heidenheim,Stuttgart,1,3,0,9.0,18.0
2024-12-15,2024-25,Dortmund,Hoffenheim,1,1,0,6.0,12.0
2024-12-15,2024-25,RB Leipzig,Ein Frankfurt,2,1,0,19.0,16.0
2024-12-20,2024-25,Bayern Munich,RB Leipzig,5,1,0,22.0,4.0
2024-12-21,2024-25,Ein Frankfurt,Mainz,1,3,0,34.0,9.0
2024-12-21,2024-25,Hoffenheim,M'gladbach,1,2,0,18.0,5.0
2024-12-21,2024-25,Holstein Kiel,Augsburg,5,1,0,8.0,17.0
2024-12-21,2024-25,Stuttgart,St Pauli,0,1,0,25.0,11.0
2024-12-21,2024-25,Werder Bremen,Union Berlin,4,1,0,11.0,16.0
2024-12-21,2024-25,Leverkusen,Freiburg,5,1,0,20.0,8.0
2024-12-22,2024-25,Bochum,Heidenheim,2,0,0,14.0,10.0
2024-12-22,2024-25,Wolfsburg,Dortmund,1,3,0,14.0,12.0
2025-01-10,2024-25,Dortmund,Leverkusen,2,3,0,12.0,7.0
2025-01-11,2024-25,Freiburg,Holstein Kiel,3,2,0,14.0,14.0
2025-01-11,2024-25,Heidenheim,Union Berlin,2,0,0,16.0,10.0
2025-01-11,2024-25,Hoffenheim,Wolfsburg,0,1,0,15.0,12.0
2025-01-11,2024-25,Mainz,Bochum,2,0,0,10.0,11.0
2025-01-11,2024-25,St Pauli,Ein Frankfurt,0,1,0,18.0,14.0
2025-01-11,2024-25,M'gladbach,Bayern Munich,0,1,0,5.0,23.0
2025-01-12,2024-25,RB Leipzig,Werder Bremen,4,2,0,18.0,7.0
2025-01-12,2024-25,Augsburg,Stuttgart,0,1,0,8.0,13.0
2025-01-14,2024-25,Holstein Kiel,Dortmund,4,2,0,11.0,16.0
2025-01-14,2024-25,Ein Frankfurt,Freiburg,4,1,0,23.0,7.0
2025-01-14,2024-25,Leverkusen,Mainz,1,0,0,20.0,7.0
2025-01-14,2024-25,Wolfsburg,M'gladbach,5,1,0,16.0,9.0
2025-01-15,2024-25,Bochum,St Pauli,1,0,0,13.0,12.0
2025-01-15,2024-25,Bayern Munich,Hoffenheim,5,0,0,25.0,5.0
2025-01-15,2024-25,Stuttgart,RB Leipzig,2,1,0,14.0,6.0
2025-01-15,2024-25,Union Berlin,Augsburg,0,2,0,13.0,11.0
2025-01-15,2024-25,Werder Bremen,Heidenheim,3,3,0,12.0,14.0
2025-01-17,2024-25,Ein Frankfurt,Dortmund,2,0,0,13.0,12.0
2025-01-18,2024-25,Bayern Munich,Wolfsburg,3,2,0,25.0,7.0
2025-01-18,2024-25,Bochum,RB Leipzig,3,3,0,14.0,11.0
2025-01-18,2024-25,Heidenheim,St Pauli,0,2,0,8.0,7.0
2025-01-18,2024-25,Holstein Kiel,Hoffenheim,1,3,0,12.0,11.0
2025-01-18,2024-25,Stuttgart,Freiburg,4,0,0,12.0,4.0
2025-01-18,2024-25,Leverkusen,M'gladbach,3,1,0,10.0,7.0
2025-01-19,2024-25,Union Berlin,Mainz,2,1,0,12.0,9.0
2025-01-19,2024-25,Werder Bremen,Augsburg,0,2,0,20.0,9.0
2025-01-24,2024-25,Wolfsburg,Holstein Kiel,2,2,0,22.0,5.0
2025-01-25,2024-25,Augsburg,Heidenheim,2,1,0,11.0,11.0
2025-01-25,2024-25,Dortmund,Werder Bremen,2,2,0,8.0,13.0
2025-01-25,2024-25,Freiburg,Bayern Munich,1,2,0,7.0,7.0
2025-01-25,2024-25,Mainz,Stuttgart,2,0,0,11.0,10.0
2025-01-25,2024-25,RB Leipzig,Leverkusen,2,2,0,8.0,13.0
2025-01-25,2024-25,M'gladbach,Bochum,3,0,0,16.0,10.0
2025-01-26,2024-25,Hoffenheim,Ein Frankfurt,2,2,0,24.0,12.0
2025-01-26,2024-25,St Pauli,Union Berlin,3,0,0,16.0,14.0
2025-01-31,2024-25,Werder Bremen,Mainz,1,0,0,12.0,13.0
2025-02-01,2024-25,Bayern Munich,Holstein Kiel,4,3,0,29.0,10.0
2025-02-01,2024-25,Bochum,Freiburg,0,1,0,22.0,13.0
2025-02-01,2024-25,Heidenheim,Dortmund,1,2,0,11.0,16.0
2025-02-01,2024-25,St Pauli,Augsburg,1,1,0,5.0,2.0
2025-02-01,2024-25,Stuttgart,M'gladbach,1,2,0,10.0,12.0
2025-02-01,2024-25,Union Berlin,RB Leipzig,0,0,0,21.0,6.0
2025-02-02,2024-25,Ein Frankfurt,Wolfsburg,1,1,0,16.0,11.0
2025-02-02,2024-25,Leverkusen,Hoffenheim,3,1,0,9.0,16.0
2025-02-07,2024-25,Bayern Munich,Werder Bremen,3,0,0,21.0,2.0
2025-02-08,2024-25,Dortmund,Stuttgart,1,2,0,16.0,4.0
2025-02-08,2024-25,Freiburg,Heidenheim,1,0,0,9.0,11.0
2025-02-08,2024-25,Hoffenheim,Union Berlin,0,4,0,16.0,22.0
2025-02-08,2024-25,Mainz,Augsburg,0,0,0,9.0,9.0
2025-02-08,2024-25,Wolfsburg,Leverkusen,0,0,0,13.0,15.0
2025-02-08,2024-25,M'gladbach,Ein Frankfurt,1,1,0,8.0,15.0
2025-02-09,2024-25,Holstein Kiel,Bochum,2,2,0,10.0,21.0
2025-02-09,2024-25,RB Leipzig,St Pauli,2,0,0,11.0,7.0
2025-02-14,2024-25,Augsburg,RB Leipzig,0,0,0,11.0,14.0
2025-02-15,2024-25,Bochum,Dortmund,2,0,0,18.0,17.0
2025-02-15,2024-25,St Pauli,Freiburg,0,1,0,5.0,6.0
2025-02-15,2024-25,Stuttgart,Wolfsburg,1,2,0,10.0,7.0
2025-02-15,2024-25,Union Berlin,M'gladbach,1,2,0,18.0,9.0
2025-02-15,2024-25,Leverkusen,Bayern Munich,0,0,0,15.0,2.0
2025-02-16,2024-25,Werder Bremen,Hoffenheim,1,3,0,14.0,16.0
2025-02-16,2024-25,Ein Frankfurt,Holstein Kiel,3,1,0,20.0,10.0
2025-02-16,2024-25,Heidenheim,Mainz,0,2,0,12.0,6.0
2025-02-21,2024-25,Freiburg,Werder Bremen,5,0,0,13.0,9.0
2025-02-22,2024-25,Holstein Kiel,Leverkusen,0,2,0,4.0,18.0
2025-02-22,2024-25,Mainz,St Pauli,2,0,0,10.0,12.0
2025-02-22,2024-25,M'gladbach,Augsburg,0,3,0,8.0,17.0
2025-02-22,2024-25,Wolfsburg,Bochum,1,1,0,13.0,11.0
2025-02-22,2024-25,Dortmund,Union Berlin,6,0,0,24.0,6.0
2025-02-23,2024-25,RB Leipzig,Heidenheim,2,2,0,17.0,4.0
2025-02-23,2024-25,Bayern Munich,Ein Frankfurt,4,0,0,19.0,7.0
2025-02-23,2024-25,Hoffenheim,Stuttgart,1,1,0,9.0,14.0
2025-02-28,2024-25,Stuttgart,Bayern Munich,1,3,0,12.0,17.0
2025-03-01,2024-25,Bochum,Hoffenheim,0,1,0,12.0,10.0
2025-03-01,2024-25,Heidenheim,M'gladbach,0,3,0,20.0,13.0
2025-03-01,2024-25,RB Leipzig,Mainz,1,2,0,13.0,15.0
2025-03-01,2024-25,St Pauli,Dortmund,0,2,0,7.0,14.0
2025-03-01,2024-25,Werder Bremen,Wolfsburg,1,2,0,15.0,9.0
2025-03-01,2024-25,Ein Frankfurt,Leverkusen,1,4,0,7.0,20.0
2025-03-02,2024-25,Union Berlin,Holstein Kiel,0,1,0,14.0,10.0
2025-03-02,2024-25,Augsburg,Freiburg,0,0,0,13.0,7.0
2025-03-07,2024-25,M'gladbach,Mainz,1,3,0,12.0,16.0
2025-03-08,2024-25,Bayern Munich,Bochum,2,3,0,14.0,8.0
2025-03-08,2024-25,Dortmund,Augsburg,0,1,0,14.0,6.0
2025-03-08,2024-25,Holstein Kiel,Stuttgart,2,2,0,17.0,5.0
2025-03-08,2024-25,Leverkusen,Werder Bremen,0,2,0,18.0,11.0
2025-03-08,2024-25,Wolfsburg,St Pauli,1,1,0,16.0,14.0
2025-03-08,2024-25,Freiburg,RB Leipzig,0,0,0,10.0,18.0
2025-03-09,2024-25,Ein Frankfurt,Union Berlin,1,2,0,14.0,11.0
2025-03-09,2024-25,Hoffenheim,Heidenheim,1,1,0,16.0,23.0
2025-03-14,2024-25,St Pauli,Hoffenheim,1,0,0,10.0,4.0
2025-03-15,2024-25,Augsburg,Wolfsburg,1,0,0,9.0,13.0
2025-03-15,2024-25,Mainz,Freiburg,2,2,0,9.0,24.0
2025-03-15,2024-25,Union Berlin,Bayern Munich,1,1,0,7.0,18.0
2025-03-15,2024-25,Werder Bremen,M'gladbach,2,4,0,23.0,13.0
2025-03-15,2024-25,RB Leipzig,Dortmund,2,0,0,15.0,25.0
2025-03-16,2024-25,Bochum,Ein Frankfurt,1,3,0,17.0,18.0
2025-03-16,2024-25,Heidenheim,Holstein Kiel,3,1,0,14.0,16.0
2025-03-16,2024-25,Stuttgart,Leverkusen,3,4,0,11.0,16.0
2025-03-28,2024-25,Leverkusen,Bochum,3,1,0,14.0,8.0
2025-03-29,2024-25,Bayern Munich,St Pauli,3,2,0,19.0,10.0
2025-03-29,2024-25,Hoffenheim,Augsburg,1,1,0,13.0,11.0
2025-03-29,2024-25,Holstein Kiel,Werder Bremen,0,3,0,11.0,14.0
2025-03-29,2024-25,M'gladbach,RB Leipzig,1,0,0,16.0,19.0
2025-03-29,2024-25,Wolfsburg,Heidenheim,0,1,0,11.0,11.0
2025-03-29,2024-25,Ein Frankfurt,Stuttgart,1,0,0,19.0,8.0
2025-03-30,2024-25,Freiburg,Union Berlin,1,2,0,9.0,10.0
2025-03-30,2024-25,Dortmund,Mainz,3,1,0,18.0,12.0
2025-04-04,2024-25,Augsburg,Bayern Munich,1,3,0,6.0,19.0
2025-04-05,2024-25,Bochum,Stuttgart,0,4,0,11.0,14.0
2025-04-05,2024-25,Freiburg,Dortmund,1,4,0,12.0,18.0
2025-04-05,2024-25,Heidenheim,Leverkusen,0,1,0,10.0,6.0
2025-04-05,2024-25,Mainz,Holstein Kiel,1,1,0,13.0,10.0
2025-04-05,2024-25,RB Leipzig,Hoffenheim,3,1,0,16.0,9.0
2025-04-05,2024-25,Werder Bremen,Ein Frankfurt,2,0,0,12.0,9.0
2025-04-06,2024-25,St Pauli,M'gladbach,1,1,0,26.0,5.0
2025-04-06,2024-25,Union Berlin,Wolfsburg,1,0,0,13.0,12.0
2025-04-11,2024-25,Wolfsburg,RB Leipzig,2,3,0,17.0,16.0
2025-04-12,2024-25,Bochum,Augsburg,1,2,0,25.0,12.0
2025-04-12,2024-25,Hoffenheim,Mainz,2,0,0,8.0,14.0
2025-04-12,2024-25,Holstein Kiel,St Pauli,1,2,0,6.0,14.0
2025-04-12,2024-25,Leverkusen,Union Berlin,0,0,0,16.0,7.0
2025-04-12,2024-25,M'gladbach,Freiburg,1,2,0,10.0,19.0
2025-04-12,2024-25,Bayern Munich,Dortmund,2,2,0,28.0,11.0
2025-04-13,2024-25,Stuttgart,Werder Bremen,1,2,0,12.0,14.0
2025-04-13,2024-25,Ein Frankfurt,Heidenheim,3,0,0,19.0,14.0
2025-04-19,2024-25,Freiburg,Hoffenheim,3,2,0,12.0,19.0
2025-04-19,2024-25,Heidenheim,Bayern Munich,0,4,0,4.0,18.0
2025-04-19,2024-25,Mainz,Wolfsburg,2,2,0,18.0,16.0
2025-04-19,2024-25,RB Leipzig,Holstein Kiel,1,1,0,10.0,13.0
2025-04-19,2024-25,Werder Bremen,Bochum,1,0,0,14.0,12.0
2025-04-19,2024-25,Union Berlin,Stuttgart,4,4,0,12.0,13.0
2025-04-20,2024-25,Augsburg,Ein Frankfurt,0,0,0,13.0,8.0
2025-04-20,2024-25,Dortmund,M'gladbach,3,2,0,14.0,6.0
2025-04-20,2024-25,St Pauli,Leverkusen,1,1,0,10.0,6.0
2025-04-25,2024-25,Stuttgart,Heidenheim,0,1,0,19.0,6.0
2025-04-26,2024-25,Bayern Munich,Mainz,3,0,0,14.0,8.0
2025-04-26,2024-25,Hoffenheim,Dortmund,2,3,0,11.0,16.0
2025-04-26,2024-25,Holstein Kiel,M'gladbach,4,3,0,22.0,16.0
2025-04-26,2024-25,Leverkusen,Augsburg,2,0,0,14.0,11.0
2025-04-26,2024-25,Wolfsburg,Freiburg,0,1,0,8.0,15.0
2025-04-26,2024-25,Ein Frankfurt,RB Leipzig,4,0,0,9.0,7.0
2025-04-27,2024-25,Bochum,Union Berlin,1,1,0,10.0,5.0
2025-04-27,2024-25,Werder Bremen,St Pauli,0,0,0,11.0,10.0
2025-05-02,2024-25,Heidenheim,Bochum,0,0,0,11.0,14.0
2025-05-03,2024-25,M'gladbach,Hoffenheim,4,4,0,12.0,26.0
2025-05-03,2024-25,RB Leipzig,Bayern Munich,3,3,0,8.0,20.0
2025-05-03,2024-25,St Pauli,Stuttgart,0,1,0,6.0,21.0
2025-05-03,2024-25,Union Berlin,Werder Bremen,2,2,0,17.0,13.0
2025-05-03,2024-25,Dortmund,Wolfsburg,4,0,0,11.0,11.0
2025-05-04,2024-25,Augsburg,Holstein Kiel,1,3,0,27.0,7.0
2025-05-04,2024-25,Freiburg,Leverkusen,2,2,0,8.0,5.0
2025-05-04,2024-25,Mainz,Ein Frankfurt,1,1,0,12.0,8.0
2025-05-09,2024-25,Wolfsburg,Hoffenheim,2,2,0,14.0,17.0
2025-05-10,2024-25,Bochum,Mainz,1,4,0,11.0,22.0
2025-05-10,2024-25,Holstein Kiel,Freiburg,1,2,0,15.0,9.0
2025-05-10,2024-25,Union Berlin,Heidenheim,0,3,0,10.0,8.0
2025-05-10,2024-25,Werder Bremen,RB Leipzig,0,0,0,21.0,16.0
2025-05-10,2024-25,Bayern Munich,M'gladbach,2,0,0,24.0,16.0
2025-05-11,2024-25,Leverkusen,Dortmund,2,4,0,19.0,9.0
2025-05-11,2024-25,Ein Frankfurt,St Pauli,2,2,0,13.0,5.0
2025-05-11,2024-25,Stuttgart,Augsburg,4,0,0,29.0,7.0
2025-05-17,2024-25,Augsburg,Union Berlin,1,2,0,19.0,6.0
2025-05-17,2024-25,Dortmund,Holstein Kiel,3,0,0,19.0,4.0
2025-05-17,2024-25,Freiburg,Ein Frankfurt,1,3,0,8.0,11.0
2025-05-17,2024-25,Heidenheim,Werder Bremen,1,4,0,21.0,13.0
2025-05-17,2024-25,Hoffenheim,Bayern Munich,0,4,0,6.0,14.0
2025-05-17,2024-25,Mainz,Leverkusen,2,2,0,20.0,7.0
2025-05-17,2024-25,M'gladbach,Wolfsburg,0,1,0,16.0,17.0
2025-05-17,2024-25,RB Leipzig,Stuttgart,2,3,0,8.0,15.0
2025-05-17,2024-25,St Pauli,Bochum,0,2,0,10.0,9.0
2025-08-22,2025-26,Bayern Munich,RB Leipzig,6,0,0,19.0,12.0
2025-08-23,2025-26,Ein Frankfurt,Werder Bremen,4,1,0,18.0,10.0
2025-08-23,2025-26,Freiburg,Augsburg,1,3,0,16.0,14.0
2025-08-23,2025-26,Heidenheim,Wolfsburg,1,3,0,7.0,15.0
2025-08-23,2025-26,Leverkusen,Hoffenheim,1,2,0,7.0,10.0
2025-08-23,2025-26,Union Berlin,Stuttgart,2,1,0,8.0,21.0
2025-08-23,2025-26,St Pauli,Dortmund,3,3,0,11.0,8.0
2025-08-24,2025-26,Mainz,FC Koln,0,1,0,19.0,12.0
2025-08-24,2025-26,M'gladbach,Hamburg,0,0,0,17.0,7.0
2025-08-29,2025-26,Hamburg,St Pauli,0,2,0,5.0,17.0
2025-08-30,2025-26,Hoffenheim,Ein Frankfurt,1,3,0,17.0,9.0
2025-08-30,2025-26,RB Leipzig,Heidenheim,2,0,0,19.0,5.0
2025-08-30,2025-26,Stuttgart,M'gladbach,1,0,0,13.0,15.0
2025-08-30,2025-26,Werder Bremen,Leverkusen,3,3,0,12.0,10.0
2025-08-30,2025-26,Augsburg,Bayern Munich,2,3,0,10.0,20.0
2025-08-31,2025-26,Wolfsburg,Mainz,1,1,0,11.0,17.0
2025-08-31,2025-26,Dortmund,Union Berlin,3,0,0,11.0,12.0
2025-08-31,2025-26,FC Koln,Freiburg,4,1,0,18.0,12.0
2025-09-12,2025-26,Leverkusen,Ein Frankfurt,3,1,0,18.0,13.0
2025-09-13,2025-26,Freiburg,Stuttgart,3,1,0,14.0,7.0
2025-09-13,2025-26,Heidenheim,Dortmund,0,2,0,6.0,17.0
2025-09-13,2025-26,Mainz,RB Leipzig,0,1,0,13.0,19.0
2025-09-13,2025-26,Union Berlin,Hoffenheim,2,4,0,20.0,9.0
2025-09-13,2025-26,Wolfsburg,FC Koln,3,3,0,14.0,14.0
2025-09-13,2025-26,Bayern Munich,Hamburg,5,0,0,22.0,9.0
2025-09-14,2025-26,St Pauli,Augsburg,2,1,0,13.0,10.0
2025-09-14,2025-26,M'gladbach,Werder Bremen,0,4,0,19.0,12.0
2025-09-19,2025-26,Stuttgart,St Pauli,2,0,0,17.0,9.0
2025-09-20,2025-26,Augsburg,Mainz,1,4,0,18.0,12.0
2025-09-20,2025-26,Hamburg,Heidenheim,2,1,0,22.0,20.0
2025-09-20,2025-26,Hoffenheim,Bayern Munich,1,4,0,12.0,18.0
2025-09-20,2025-26,Werder Bremen,Freiburg,0,3,0,12.0,10.0
2025-09-20,2025-26,RB Leipzig,FC Koln,3,1,0,18.0,13.0
2025-09-21,2025-26,Ein Frankfurt,Union Berlin,3,4,0,19.0,11.0
2025-09-21,2025-26,Leverkusen,M'gladbach,1,1,0,13.0,13.0
2025-09-21,2025-26,Dortmund,Wolfsburg,1,0,0,12.0,10.0
2025-09-26,2025-26,Bayern Munich,Werder Bremen,4,0,0,26.0,9.0
2025-09-27,2025-26,Heidenheim,Augsburg,2,1,0,11.0,8.0
2025-09-27,2025-26,Mainz,Dortmund,0,2,0,8.0,10.0
2025-09-27,2025-26,St Pauli,Leverkusen,1,2,0,13.0,5.0
2025-09-27,2025-26,Wolfsburg,RB Leipzig,0,1,0,22.0,20.0
2025-09-27,2025-26,M'gladbach,Ein Frankfurt,4,6,0,11.0,21.0
2025-09-28,2025-26,Freiburg,Hoffenheim,1,1,0,6.0,15.0
2025-09-28,2025-26,FC Koln,Stuttgart,1,2,0,14.0,15.0
2025-09-28,2025-26,Union Berlin,Hamburg,0,0,0,11.0,16.0
2025-10-03,2025-26,Hoffenheim,FC Koln,0,1,0,15.0,10.0
2025-10-04,2025-26,Augsburg,Wolfsburg,3,1,0,10.0,14.0
2025-10-04,2025-26,Dortmund,RB Leipzig,1,1,0,15.0,13.0
2025-10-04,2025-26,Leverkusen,Union Berlin,2,0,0,20.0,10.0
2025-10-04,2025-26,Werder Bremen,St Pauli,1,0,0,15.0,13.0
2025-10-04,2025-26,Ein Frankfurt,Bayern Munich,0,3,0,6.0,12.0
2025-10-05,2025-26,Stuttgart,Heidenheim,1,0,0,18.0,5.0
2025-10-05,2025-26,Hamburg,Mainz,4,0,0,15.0,11.0
2025-10-05,2025-26,M'gladbach,Freiburg,0,0,0,9.0,12.0
2025-10-17,2025-26,Union Berlin,M'gladbach,3,1,0,16.0,8.0
2025-10-18,2025-26,FC Koln,Augsburg,1,1,0,9.0,10.0
2025-10-18,2025-26,Heidenheim,Werder Bremen,2,2,0,31.0,11.0
2025-10-18,2025-26,Mainz,Leverkusen,3,4,0,12.0,20.0
2025-10-18,2025-26,RB Leipzig,Hamburg,2,1,0,10.0,15.0
2025-10-18,2025-26,Wolfsburg,Stuttgart,0,3,0,11.0,15.0
2025-10-18,2025-26,Bayern Munich,Dortmund,2,1,0,15.0,8.0
2025-10-19,2025-26,Freiburg,Ein Frankfurt,2,2,0,12.0,8.0
2025-10-19,2025-26,St Pauli,Hoffenheim,0,3,0,10.0,14.0
2025-10-24,2025-26,Werder Bremen,Union Berlin,1,0,0,16.0,12.0
2025-10-25,2025-26,Augsburg,RB Leipzig,0,6,0,15.0,15.0
2025-10-25,2025-26,Ein Frankfurt,St Pauli,2,0,0,10.0,9.0
2025-10-25,2025-26,Hamburg,Wolfsburg,0,1,0,27.0,6.0
2025-10-25,2025-26,Hoffenheim,Heidenheim,3,1,0,14.0,12.0
2025-10-25,2025-26,M'gladbach,Bayern Munich,0,3,0,1.0,27.0
2025-10-25,2025-26,Dortmund,FC Koln,1,0,0,27.0,5.0
2025-10-26,2025-26,Leverkusen,Freiburg,2,0,0,19.0,10.0
2025-10-26,2025-26,Stuttgart,Mainz,2,1,0,19.0,13.0
2025-10-31,2025-26,Augsburg,Dortmund,0,1,0,9.0,5.0
2025-11-01,2025-26,Heidenheim,Ein Frankfurt,1,1,0,9.0,16.0
2025-11-01,2025-26,Mainz,Werder Bremen,1,1,0,10.0,5.0
2025-11-01,2025-26,RB Leipzig,Stuttgart,3,1,0,16.0,14.0
2025-11-01,2025-26,St Pauli,M'gladbach,0,4,0,16.0,15.0
2025-11-01,2025-26,Union Berlin,Freiburg,0,0,0,11.0,13.0
2025-11-01,2025-26,Bayern Munich,Leverkusen,3,0,0,18.0,7.0
2025-11-02,2025-26,FC Koln,Hamburg,4,1,0,23.0,11.0
2025-11-02,2025-26,Wolfsburg,Hoffenheim,2,3,0,12.0,10.0
2025-11-07,2025-26,Werder Bremen,Wolfsburg,2,1,0,20.0,7.0
2025-11-08,2025-26,Hamburg,Dortmund,1,1,0,9.0,17.0
2025-11-08,2025-26,Hoffenheim,RB Leipzig,3,1,0,12.0,17.0
2025-11-08,2025-26,Leverkusen,Heidenheim,6,0,0,25.0,1.0
2025-11-08,2025-26,Union Berlin,Bayern Munich,2,2,0,12.0,12.0
2025-11-08,2025-26,M'gladbach,FC Koln,3,1,0,9.0,19.0
2025-11-09,2025-26,Freiburg,St Pauli,2,1,0,8.0,7.0
2025-11-09,2025-26,Stuttgart,Augsburg,3,2,0,17.0,17.0
2025-11-09,2025-26,Ein Frankfurt,Mainz,1,0,0,14.0,3.0
2025-11-21,2025-26,Mainz,Hoffenheim,1,1,0,17.0,19.0
2025-11-22,2025-26,Augsburg,Hamburg,1,0,0,13.0,15.0
2025-11-22,2025-26,Bayern Munich,Freiburg,6,2,0,22.0,8.0
2025-11-22,2025-26,Dortmund,Stuttgart,3,3,0,14.0,16.0
2025-11-22,2025-26,Heidenheim,M'gladbach,0,3,0,7.0,16.0
2025-11-22,2025-26,Wolfsburg,Leverkusen,1,3,0,21.0,7.0
2025-11-22,2025-26,FC Koln,Ein Frankfurt,3,4,0,11.0,11.0
2025-11-23,2025-26,RB Leipzig,Werder Bremen,2,0,0,22.0,15.0
2025-11-23,2025-26,St Pauli,Union Berlin,0,1,0,12.0,8.0
2025-11-28,2025-26,M'gladbach,RB Leipzig,0,0,0,8.0,20.0
2025-11-29,2025-26,Bayern Munich,St Pauli,3,1,0,19.0,10.0
2025-11-29,2025-26,Hoffenheim,Augsburg,3,0,0,17.0,14.0
2025-11-29,2025-26,Union Berlin,Heidenheim,1,2,0,9.0,10.0
2025-11-29,2025-26,Werder Bremen,FC Koln,1,1,0,17.0,10.0
2025-11-29,2025-26,Leverkusen,Dortmund,1,2,0,14.0,7.0
2025-11-30,2025-26,Hamburg,Stuttgart,2,1,0,9.0,14.0
2025-11-30,2025-26,Ein Frankfurt,Wolfsburg,1,1,0,15.0,10.0
2025-11-30,2025-26,Freiburg,Mainz,4,0,0,23.0,1.0
2025-12-05,2025-26,Mainz,M'gladbach,0,1,0,8.0,14.0
2025-12-06,2025-26,Augsburg,Leverkusen,2,0,0,13.0,20.0
2025-12-06,2025-26,FC Koln,St Pauli,1,1,0,11.0,5.0
2025-12-06,2025-26,Heidenheim,Freiburg,2,1,0,16.0,16.0
2025-12-06,2025-26,Stuttgart,Bayern Munich,0,5,0,13.0,19.0
2025-12-06,2025-26,Wolfsburg,Union Berlin,3,1,0,4.0,21.0
2025-12-06,2025-26,RB Leipzig,Ein Frankfurt,6,0,0,16.0,8.0
2025-12-07,2025-26,Hamburg,Werder Bremen,3,2,0,12.0,10.0
2025-12-07,2025-26,Dortmund,Hoffenheim,2,0,0,8.0,11.0
2025-12-12,2025-26,Union Berlin,RB Leipzig,3,1,0,12.0,9.0
2025-12-13,2025-26,Ein Frankfurt,Augsburg,1,0,0,11.0,12.0
2025-12-13,2025-26,Hoffenheim,Hamburg,4,1,0,10.0,14.0
2025-12-13,2025-26,M'gladbach,Wolfsburg,1,3,0,14.0,11.0
2025-12-13,2025-26,St Pauli,Heidenheim,2,1,0,8.0,20.0
2025-12-13,2025-26,Leverkusen,FC Koln,2,0,0,17.0,6.0
2025-12-14,2025-26,Freiburg,Dortmund,1,1,0,21.0,9.0
2025-12-14,2025-26,Bayern Munich,Mainz,2,2,0,24.0,5.0
2025-12-14,2025-26,Werder Bremen,Stuttgart,0,4,0,9.0,24.0
2025-12-19,2025-26,Dortmund,M'gladbach,2,0,0,10.0,6.0
2025-12-20,2025-26,Augsburg,Werder Bremen,0,0,0,14.0,9.0
2025-12-20,2025-26,FC Koln,Union Berlin,0,1,0,13.0,11.0
2025-12-20,2025-26,Hamburg,Ein Frankfurt,1,1,0,9.0,9.0
2025-12-20,2025-26,Stuttgart,Hoffenheim,0,0,0,10.0,4.0
2025-12-20,2025-26,Wolfsburg,Freiburg,3,4,0,13.0,15.0
2025-12-20,2025-26,RB Leipzig,Leverkusen,1,3,0,19.0,15.0
2025-12-21,2025-26,Mainz,St Pauli,0,0,0,13.0,5.0
2025-12-21,2025-26,Heidenheim,Bayern Munich,0,4,0,8.0,23.0
2026-01-09,2025-26,Ein Frankfurt,Dortmund,3,3,0,12.0,16.0
2026-01-10,2025-26,Freiburg,Hamburg,2,1,0,20.0,10.0
2026-01-10,2025-26,Heidenheim,FC Koln,2,2,0,14.0,21.0
2026-01-10,2025-26,Union Berlin,Mainz,2,2,0,17.0,9.0
2026-01-10,2025-26,Leverkusen,Stuttgart,1,4,0,16.0,10.0
2026-01-11,2025-26,M'gladbach,Augsburg,4,0,0,12.0,17.0
2026-01-11,2025-26,Bayern Munich,Wolfsburg,8,1,0,16.0,8.0
2026-01-13,2025-26,Stuttgart,Ein Frankfurt,3,2,0,20.0,12.0
2026-01-13,2025-26,Dortmund,Werder Bremen,3,0,0,18.0,6.0
2026-01-13,2025-26,Mainz,Heidenheim,2,1,0,13.0,15.0
2026-01-14,2025-26,Wolfsburg,St Pauli,2,1,0,13.0,9.0
2026-01-14,2025-26,FC Koln,Bayern Munich,1,3,0,8.0,19.0
2026-01-14,2025-26,Hoffenheim,M'gladbach,5,1,0,18.0,7.0
2026-01-14,2025-26,RB Leipzig,Freiburg,2,0,0,21.0,3.0
2026-01-15,2025-26,Augsburg,Union Berlin,1,1,0,9.0,16.0
2026-01-16,2025-26,Werder Bremen,Ein Frankfurt,3,3,0,13.0,8.0
2026-01-17,2025-26,Dortmund,St Pauli,3,2,0,10.0,9.0
2026-01-17,2025-26,FC Koln,Mainz,2,1,0,20.0,11.0
2026-01-17,2025-26,Hamburg,M'gladbach,0,0,0,25.0,6.0
2026-01-17,2025-26,Hoffenheim,Leverkusen,1,0,0,19.0,8.0
2026-01-17,2025-26,Wolfsburg,Heidenheim,1,1,0,13.0,13.0
2026-01-17,2025-26,RB Leipzig,Bayern Munich,1,5,0,17.0,19.0
2026-01-18,2025-26,Stuttgart,Union Berlin,1,1,0,13.0,20.0
2026-01-18,2025-26,Augsburg,Freiburg,2,2,0,13.0,12.0
2026-01-23,2025-26,St Pauli,Hamburg,0,0,0,8.0,5.0
2026-01-24,2025-26,Bayern Munich,Augsburg,1,2,0,15.0,16.0
2026-01-24,2025-26,Ein Frankfurt,Hoffenheim,1,3,0,9.0,10.0
2026-01-24,2025-26,Heidenheim,RB Leipzig,0,3,0,7.0,11.0
2026-01-24,2025-26,Leverkusen,Werder Bremen,1,0,0,13.0,17.0
2026-01-24,2025-26,Mainz,Wolfsburg,3,1,0,20.0,7.0
2026-01-24,2025-26,Union Berlin,Dortmund,0,3,0,10.0,15.0
2026-01-25,2025-26,M'gladbach,Stuttgart,0,3,0,12.0,17.0
2026-01-25,2025-26,Freiburg,FC Koln,2,1,0,13.0,19.0
2026-01-27,2025-26,St Pauli,RB Leipzig,1,1,0,7.0,12.0
2026-01-27,2025-26,Werder Bremen,Hoffenheim,0,2,0,26.0,12.0
2026-01-30,2025-26,FC Koln,Wolfsburg,1,0,0,15.0,14.0
2026-01-31,2025-26,Augsburg,St Pauli,2,1,0,12.0,17.0
2026-01-31,2025-26,Ein Frankfurt,Leverkusen,1,3,0,11.0,11.0
2026-01-31,2025-26,Hoffenheim,Union Berlin,3,1,0,9.0,16.0
2026-01-31,2025-26,RB Leipzig,Mainz,1,2,0,15.0,11.0
2026-01-31,2025-26,Werder Bremen,M'gladbach,1,1,0,18.0,7.0
2026-01-31,2025-26,Hamburg,Bayern Munich,2,2,0,14.0,13.0
2026-02-01,2025-26,Stuttgart,Freiburg,1,0,0,18.0,11.0
2026-02-01,2025-26,Dortmund,Heidenheim,3,2,0,19.0,12.0
2026-02-06,2025-26,Union Berlin,Ein Frankfurt,1,1,0,11.0,3.0
2026-02-07,2025-26,Freiburg,Werder Bremen,1,0,0,7.0,17.0
2026-02-07,2025-26,Heidenheim,Hamburg,0,2,0,20.0,14.0
2026-02-07,2025-26,Mainz,Augsburg,2,0,0,10.0,14.0
2026-02-07,2025-26,St Pauli,Stuttgart,2,1,0,15.0,7.0
2026-02-07,2025-26,Wolfsburg,Dortmund,1,2,0,12.0,21.0
2026-02-07,2025-26,M'gladbach,Leverkusen,1,1,0,9.0,10.0
2026-02-08,2025-26,FC Koln,RB Leipzig,1,2,0,10.0,19.0
2026-02-08,2025-26,Bayern Munich,Hoffenheim,5,1,0,27.0,9.0
2026-02-13,2025-26,Dortmund,Mainz,4,0,0,14.0,10.0
2026-02-14,2025-26,Ein Frankfurt,M'gladbach,3,0,0,12.0,20.0
2026-02-14,2025-26,Hamburg,Union Berlin,3,2,0,13.0,12.0
2026-02-14,2025-26,Hoffenheim,Freiburg,3,0,0,25.0,13.0
2026-02-14,2025-26,Leverkusen,St Pauli,4,0,0,12.0,11.0
2026-02-14,2025-26,Werder Bremen,Bayern Munich,0,3,0,14.0,11.0
2026-02-14,2025-26,Stuttgart,FC Koln,3,1,0,13.0,10.0
2026-02-15,2025-26,Augsburg,Heidenheim,1,0,0,12.0,16.0
2026-02-15,2025-26,RB Leipzig,Wolfsburg,2,2,0,20.0,10.0
2026-02-20,2025-26,Mainz,Hamburg,1,1,0,17.0,14.0
2026-02-21,2025-26,Bayern Munich,Ein Frankfurt,3,2,0,24.0,9.0
2026-02-21,2025-26,FC Koln,Hoffenheim,2,2,0,9.0,18.0
2026-02-21,2025-26,Union Berlin,Leverkusen,1,0,0,8.0,16.0
2026-02-21,2025-26,Wolfsburg,Augsburg,2,3,0,10.0,15.0
2026-02-21,2025-26,RB Leipzig,Dortmund,2,2,0,13.0,11.0
2026-02-22,2025-26,Freiburg,M'gladbach,2,1,0,10.0,12.0
2026-02-22,2025-26,St Pauli,Werder Bremen,2,1,0,5.0,13.0
2026-02-22,2025-26,Heidenheim,Stuttgart,3,3,0,10.0,12.0
2026-02-27,2025-26,Augsburg,FC Koln,2,0,0,14.0,10.0
2026-02-28,2025-26,Hoffenheim,St Pauli,0,1,0,20.0,11.0
2026-02-28,2025-26,Leverkusen,Mainz,1,1,0,12.0,8.0
2026-02-28,2025-26,M'gladbach,Union Berlin,1,0,0,21.0,6.0
2026-02-28,2025-26,Werder Bremen,Heidenheim,2,0,0,17.0,9.0
2026-02-28,2025-26,Dortmund,Bayern Munich,2,3,0,10.0,14.0
2026-03-01,2025-26,Stuttgart,Wolfsburg,4,0,0,24.0,10.0
2026-03-01,2025-26,Ein Frankfurt,Freiburg,2,0,0,15.0,4.0
2026-03-01,2025-26,Hamburg,RB Leipzig,1,2,0,7.0,13.0
2026-03-04,2025-26,Hamburg,Leverkusen,0,1,0,10.0,14.0
2026-03-06,2025-26,Bayern Munich,M'gladbach,4,1,0,18.0,10.0
2026-03-07,2025-26,Freiburg,Leverkusen,3,3,0,21.0,17.0
2026-03-07,2025-26,Heidenheim,Hoffenheim,2,4,0,8.0,16.0
2026-03-07,2025-26,Mainz,Stuttgart,2,2,0,18.0,11.0
2026-03-07,2025-26,RB Leipzig,Augsburg,2,1,0,17.0,16.0
2026-03-07,2025-26,Wolfsburg,Hamburg,1,2,0,14.0,10.0
2026-03-07,2025-26,FC Koln,Dortmund,1,2,0,14.0,13.0
2026-03-08,2025-26,St Pauli,Ein Frankfurt,0,0,0,11.0,8.0
2026-03-08,2025-26,Union Berlin,Werder Bremen,1,4,0,9.0,15.0
2026-03-13,2025-26,M'gladbach,St Pauli,2,0,0,10.0,8.0
2026-03-14,2025-26,Dortmund,Augsburg,2,0,0,16.0,7.0
2026-03-14,2025-26,Ein Frankfurt,Heidenheim,1,0,0,12.0,3.0
2026-03-14,2025-26,Hoffenheim,Wolfsburg,1,1,0,21.0,4.0
2026-03-14,2025-26,Leverkusen,Bayern Munich,1,1,0,21.0,11.0
2026-03-14,2025-26,Hamburg,FC Koln,1,1,0,5.0,10.0
2026-03-15,2025-26,Werder Bremen,Mainz,0,2,0,16.0,11.0
2026-03-15,2025-26,Freiburg,Union Berlin,0,1,0,19.0,9.0
2026-03-15,2025-26,Stuttgart,RB Leipzig,1,0,0,13.0,9.0
2026-03-20,2025-26,RB Leipzig,Hoffenheim,5,0,0,14.0,8.0
2026-03-21,2025-26,Bayern Munich,Union Berlin,4,0,0,31.0,5.0
2026-03-21,2025-26,FC Koln,M'gladbach,3,3,0,12.0,9.0
2026-03-21,2025-26,Heidenheim,Leverkusen,3,3,0,9.0,14.0
2026-03-21,2025-26,Wolfsburg,Werder Bremen,0,1,0,11.0,8.0
2026-03-21,2025-26,Dortmund,Hamburg,3,2,0,24.0,4.0
2026-03-22,2025-26,Mainz,Ein Frankfurt,2,1,0,8.0,12.0
2026-03-22,2025-26,St Pauli,Freiburg,1,2,0,12.0,15.0
2026-03-22,2025-26,Augsburg,Stuttgart,2,5,0,13.0,13.0
2026-04-04,2025-26,Freiburg,Bayern Munich,2,3,0,13.0,21.0
2026-04-04,2025-26,Hamburg,Augsburg,1,1,0,18.0,18.0
2026-04-04,2025-26,Hoffenheim,Mainz,1,2,0,16.0,9.0
2026-04-04,2025-26,Leverkusen,Wolfsburg,6,3,0,25.0,11.0
2026-04-04,2025-26,M'gladbach,Heidenheim,2,2,0,15.0,15.0
2026-04-04,2025-26,Werder Bremen,RB Leipzig,1,2,0,13.0,7.0
2026-04-04,2025-26,Stuttgart,Dortmund,0,2,0,13.0,5.0
2026-04-05,2025-26,Union Berlin,St Pauli,1,1,0,16.0,9.0
2026-04-05,2025-26,Ein Frankfurt,FC Koln,2,2,0,20.0,14.0
2026-04-10,2025-26,Augsburg,Hoffenheim,2,2,0,17.0,13.0
2026-04-11,2025-26,Dortmund,Leverkusen,0,1,0,14.0,11.0
2026-04-11,2025-26,Heidenheim,Union Berlin,3,1,0,7.0,10.0
2026-04-11,2025-26,RB Leipzig,M'gladbach,1,0,0,24.0,15.0
2026-04-11,2025-26,Wolfsburg,Ein Frankfurt,1,2,0,22.0,10.0
2026-04-11,2025-26,St Pauli,Bayern Munich,0,5,0,6.0,20.0
2026-04-12,2025-26,FC Koln,Werder Bremen,3,1,0,25.0,6.0
2026-04-12,2025-26,Stuttgart,Hamburg,4,0,0,23.0,9.0
2026-04-12,2025-26,Mainz,Freiburg,0,1,0,10.0,8.0
2026-04-17,2025-26,St Pauli,FC Koln,1,1,0,14.0,10.0
2026-04-18,2025-26,Hoffenheim,Dortmund,2,1,0,13.0,8.0
2026-04-18,2025-26,Leverkusen,Augsburg,1,2,0,35.0,11.0
2026-04-18,2025-26,Union Berlin,Wolfsburg,1,2,0,25.0,5.0
2026-04-18,2025-26,Werder Bremen,Hamburg,3,1,0,18.0,11.0
2026-04-18,2025-26,Ein Frankfurt,RB Leipzig,1,3,0,16.0,19.0
2026-04-19,2025-26,Freiburg,Heidenheim,2,1,0,17.0,13.0
2026-04-19,2025-26,Bayern Munich,Stuttgart,4,2,0,28.0,11.0
2026-04-19,2025-26,M'gladbach,Mainz,1,1,0,9.0,17.0
2026-04-24,2025-26,RB Leipzig,Union Berlin,3,1,0,20.0,5.0
2026-04-25,2025-26,Augsburg,Ein Frankfurt,1,1,0,17.0,19.0
2026-04-25,2025-26,FC Koln,Leverkusen,1,2,0,25.0,8.0
2026-04-25,2025-26,Heidenheim,St Pauli,2,0,0,12.0,11.0
2026-04-25,2025-26,Mainz,Bayern Munich,3,4,0,21.0,11.0
2026-04-25,2025-26,Wolfsburg,M'gladbach,0,0,0,12.0,10.0
2026-04-25,2025-26,Hamburg,Hoffenheim,1,2,0,12.0,15.0
2026-04-26,2025-26,Stuttgart,Werder Bremen,1,1,0,20.0,9.0
2026-04-26,2025-26,Dortmund,Freiburg,4,0,0,17.0,7.0
2026-05-02,2025-26,Bayern Munich,Heidenheim,3,3,0,23.0,12.0
2026-05-02,2025-26,Ein Frankfurt,Hamburg,1,2,0,8.0,9.0
2026-05-02,2025-26,Hoffenheim,Stuttgart,3,3,0,22.0,14.0
2026-05-02,2025-26,Union Berlin,FC Koln,2,2,0,13.0,8.0
2026-05-02,2025-26,Werder Bremen,Augsburg,1,3,0,15.0,14.0
2026-05-02,2025-26,Leverkusen,RB Leipzig,4,1,0,23.0,14.0
2026-05-03,2025-26,St Pauli,Mainz,1,2,0,10.0,17.0
2026-05-03,2025-26,M'gladbach,Dortmund,1,0,0,12.0,6.0
2026-05-03,2025-26,Freiburg,Wolfsburg,1,1,0,11.0,13.0
2026-05-08,2025-26,Dortmund,Ein Frankfurt,3,2,0,13.0,9.0
2026-05-09,2025-26,Augsburg,M'gladbach,3,1,0,15.0,16.0
2026-05-09,2025-26,Hoffenheim,Werder Bremen,1,0,0,15.0,11.0
2026-05-09,2025-26,RB Leipzig,St Pauli,2,1,0,13.0,7.0
2026-05-09,2025-26,Stuttgart,Leverkusen,3,1,0,20.0,6.0
2026-05-09,2025-26,Wolfsburg,Bayern Munich,0,1,0,17.0,16.0
2026-05-10,2025-26,Hamburg,Freiburg,3,2,0,14.0,5.0
2026-05-10,2025-26,FC Koln,Heidenheim,1,3,0,18.0,11.0
2026-05-10,2025-26,Mainz,Union Berlin,1,3,0,14.0,16.0
2026-05-16,2025-26,Bayern Munich,FC Koln,5,1,0,19.0,9.0
2026-05-16,2025-26,Ein Frankfurt,Stuttgart,2,2,0,16.0,13.0
2026-05-16,2025-26,Freiburg,RB Leipzig,4,1,0,11.0,14.0
2026-05-16,2025-26,Heidenheim,Mainz,0,2,0,15.0,15.0
2026-05-16,2025-26,Leverkusen,Hamburg,1,1,0,26.0,19.0
2026-05-16,2025-26,M'gladbach,Hoffenheim,4,0,0,9.0,11.0
2026-05-16,2025-26,St Pauli,Wolfsburg,1,3,0,11.0,19.0
2026-05-16,2025-26,Union Berlin,Augsburg,4,0,0,17.0,11.0
2026-05-16,2025-26,Werder Bremen,Dortmund,0,2,0,9.0,17.0
