player,team,season,position,age,minutes,goals,assists,shots,key_passes,dribbles,tackles,interceptions
Abde Ezzalzouli,Betis,2024-25,FW,22.0,1984,2,2,61,27,46,37,7
Abdel Abqar,Alavés,2024-25,DF,25.0,2463,0,1,12,8,3,36,39
Abderrahman Rebbach,Alavés,2024-25,FW,25.0,385,0,0,6,6,3,3,0
Abdoulaye Keita,Getafe,2024-25,FW,21.0,95,0,0,2,0,1,2,0
Abdul Mumin,Rayo Vallecano,2024-25,DF,26.0,2017,2,1,10,1,5,37,23
Abdón Prats,Mallorca,2024-25,FW,31.0,456,2,0,13,3,1,2,1
Abel,Osasuna,2024-25,DF,23.0,2074,2,0,12,16,18,61,18
Abel Ruiz,Girona,2024-25,FW,24.0,1346,4,0,21,8,7,6,5
Aboubacar Bassinga,Las Palmas,2024-25,MF,19.0,4,0,0,0,0,0,0,0
Adam Aznou,Valladolid,2024-25,DF,18.0,876,0,0,4,6,19,28,10
Adama Boiro,Athletic Club,2024-25,DF,22.0,1101,0,0,5,5,8,20,12
Adnan Januzaj,Las Palmas,2024-25,MF,29.0,598,2,1,16,17,14,10,2
Adri Embarba,Rayo Vallecano,2024-25,FW,32.0,1607,1,1,37,20,20,41,13
Adrian Baquerin,Valladolid,2024-25,FW,17.0,49,0,0,3,0,0,1,0
Adrian Niño,Atlético Madrid,2024-25,FW,20.0,12,0,0,2,0,0,0,0
Adrian Rodriguez,Alavés,2024-25,GK,23.0,122,0,0,0,0,0,0,0
Adrià Altimira,Leganés,2024-25,DF,23.0,1630,0,0,7,11,10,41,15
Adrià Pedrosa,Sevilla,2024-25,DF,26.0,2298,1,1,24,20,17,56,24
Adrián,Betis,2024-25,GK,37.0,1710,0,0,0,0,0,0,0
Adu Ares,Athletic Club,2024-25,FW,22.0,19,0,0,0,0,0,0,0
Aihen Muñoz,Real Sociedad,2024-25,DF,26.0,1098,0,0,6,3,7,24,14
Aimar Oroz,Osasuna,2024-25,MF,22.0,2966,5,4,47,41,49,35,20
Aingeru Olabarrieta,Athletic Club,2024-25,FW,18.0,54,0,0,0,0,1,0,1
Aitor Fernández,Osasuna,2024-25,GK,33.0,90,0,0,0,0,0,0,0
Aitor Paredes,Athletic Club,2024-25,DF,24.0,1812,3,0,6,2,0,15,22
Aitor Ruibal,Betis,2024-25,DF,28.0,1313,1,3,16,20,14,32,14
Akor Adams,Sevilla,2024-25,FW,24.0,134,0,0,2,0,1,0,0
Albert Sambi Lokonga,Sevilla,2024-25,MF,24.0,1471,0,2,13,19,4,22,9
Alberto Marí,Valencia,2024-25,FW,23.0,7,0,0,0,0,0,0,0
Alberto Moleiro,Las Palmas,2024-25,FW,20.0,2714,6,1,68,41,64,27,18
Alberto Risco,Getafe,2024-25,MF,18.0,69,0,0,4,4,1,4,0
Alejandro Balde,Barcelona,2024-25,DF,20.0,2284,0,4,12,26,46,18,5
Alejandro Francés,Girona,2024-25,DF,21.0,1173,0,0,6,4,7,36,17
Alejo Véliz,Espanyol,2024-25,FW,20.0,1127,1,0,19,3,1,1,4
Aleksandar Sedlar,Alavés,2024-25,DF,32.0,594,0,0,1,0,0,18,10
Alex Baena,Villarreal,2024-25,MF,23.0,2595,7,9,69,95,21,28,22
Alex Král,Espanyol,2024-25,MF,26.0,2714,0,1,21,12,29,55,28
Alex Padilla,Athletic Club,2024-25,GK,20.0,321,0,0,0,0,0,0,0
Alex Sola,Getafe,2024-25,MF,25.0,1029,0,1,15,9,21,21,7
Alexander Sørloth,Atlético Madrid,2024-25,FW,28.0,1566,20,2,78,13,14,9,1
Alfon,Celta Vigo,2024-25,FW,25.0,1371,5,2,46,24,25,8,5
Alfonso Espino,Rayo Vallecano,2024-25,DF,32.0,833,0,1,10,5,5,41,12
Alfonso Pedraza,Villarreal,2024-25,DF,28.0,460,0,2,5,9,9,3,6
Allan Nyom,Getafe,2024-25,DF,36.0,887,1,2,9,5,4,18,4
Amath,Valladolid,2024-25,FW,28.0,375,0,1,5,6,7,2,2
Anastasios Douvikas,Celta Vigo,2024-25,FW,24.0,700,3,1,17,3,4,9,3
Ander Barrenetxea,Real Sociedad,2024-25,MF,22.0,1263,1,3,25,16,26,26,11
Ander Guevara,Alavés,2024-25,MF,27.0,1947,0,1,12,12,9,49,14
Ander Herrera,Athletic Club,2024-25,MF,34.0,273,0,0,7,2,2,8,2
Andoni Gorosabel,Athletic Club,2024-25,DF,27.0,1485,0,2,2,15,7,47,18
Andreas Christensen,Barcelona,2024-25,DF,28.0,254,0,0,1,1,0,6,4
Andrei Ratiu,Rayo Vallecano,2024-25,DF,26.0,3065,2,3,31,36,76,71,27
Andriy Lunin,Real Madrid,2024-25,GK,25.0,630,0,1,0,1,0,1,0
André Ferreira,Valladolid,2024-25,GK,28.0,540,0,0,0,0,0,0,0
Andy Pelmard,Las Palmas,2024-25,DF,24.0,205,0,0,1,1,1,5,2
Ansu Fati,Barcelona,2024-25,FW,21.0,233,0,0,12,4,5,4,1
Ante Budimir,Osasuna,2024-25,FW,33.0,2952,21,4,91,16,10,20,2
Antoine Griezmann,Atlético Madrid,2024-25,FW,33.0,2469,8,7,48,48,15,30,6
Antonio Blanco,Alavés,2024-25,MF,24.0,2727,0,1,25,15,15,67,42
Antonio Candela,Valladolid,2024-25,DF,24.0,906,0,0,1,6,6,9,6
Antonio Raillo,Mallorca,2024-25,DF,32.0,3207,2,0,35,13,2,31,29
Antonio Rüdiger,Real Madrid,2024-25,DF,31.0,2291,0,0,24,7,3,20,9
Antonio Sivera,Alavés,2024-25,GK,27.0,2810,0,0,0,1,0,2,0
Antonio Sánchez,Mallorca,2024-25,MF,27.0,1395,0,0,17,5,14,28,18
Antoniu,Espanyol,2024-25,FW,21.0,1022,0,1,10,7,29,21,8
Antony,Betis,2024-25,FW,24.0,1362,5,2,43,36,24,25,10
Anuar,Valladolid,2024-25,MF,29.0,1720,2,0,11,7,7,38,18
Arda Güler,Real Madrid,2024-25,MF,19.0,1250,3,4,39,40,20,30,7
Aridane Hernández,Rayo Vallecano,2024-25,DF,35.0,1025,0,0,8,2,3,13,6
Aritz Arambarri,Leganés,2024-25,DF,26.0,177,0,0,1,0,0,1,3
Aritz Elustondo,Real Sociedad,2024-25,DF,30.0,1457,0,0,4,4,3,20,11
Arkaitz Mariezkurrena,Real Sociedad,2024-25,FW,19.0,241,2,0,10,2,3,1,1
Arnau Martinez,Girona,2024-25,DF,21.0,2624,2,2,19,18,20,51,31
Arnau Rafús,Valladolid,2024-25,GK,21.0,90,0,0,0,0,0,0,0
Arnau Solà,Villarreal,2024-25,MF,21.0,13,0,0,0,0,0,0,0
Arnaut Danjuma,Girona,2024-25,FW,27.0,1535,4,0,36,23,24,10,2
Arsen Zakharyan,Real Sociedad,2024-25,MF,21.0,73,1,0,4,1,1,1,1
Arthur Melo,Girona,2024-25,MF,27.0,941,0,0,6,5,8,25,8
Arturo Rodríguez,Las Palmas,2024-25,FW,17.0,21,0,0,0,0,0,0,0
Asier Villalibre,Alavés,2024-25,FW,26.0,333,1,1,8,1,2,2,1
Assane Diao,Betis,2024-25,FW,18.0,277,1,2,7,8,2,5,0
Augusto Batalla,Rayo Vallecano,2024-25,GK,28.0,2880,0,0,0,1,6,4,0
Aurélien Tchouaméni,Real Madrid,2024-25,DF,24.0,2689,0,0,19,5,10,47,46
Axel Witsel,Atlético Madrid,2024-25,DF,35.0,852,0,1,1,2,1,16,11
Ayoze Pérez,Villarreal,2024-25,FW,31.0,1970,19,2,75,32,34,27,8
Benito Ramírez,Las Palmas,2024-25,DF,29.0,478,0,0,10,13,3,10,1
Bertuğ Yıldırım,Getafe,2024-25,FW,22.0,1083,1,0,19,9,7,10,1
Beñat Prados,Athletic Club,2024-25,MF,23.0,1715,1,0,16,11,15,55,28
Beñat Turrientes,Real Sociedad,2024-25,MF,22.0,942,0,0,7,3,13,15,5
Bojan Miovski,Girona,2024-25,FW,25.0,869,2,1,14,4,3,7,2
Borja Iglesias,Celta Vigo,2024-25,FW,31.0,1952,11,3,46,18,11,10,7
Borja Mayoral,Getafe,2024-25,FW,27.0,1114,5,1,19,8,6,5,2
Borna Barišić,Leganés,2024-25,DF,31.0,9,0,0,0,0,0,0,0
Brahim Díaz,Real Madrid,2024-25,FW,24.0,1385,4,2,28,23,24,25,4
Brais Méndez,Real Sociedad,2024-25,MF,27.0,1531,3,2,28,23,14,24,7
Brian Oliván,Espanyol,2024-25,DF,30.0,1017,0,1,6,15,1,13,10
Bryan Gil,Girona,2024-25,FW,23.0,1721,3,3,32,21,41,34,10
Bryan Zaragoza,Osasuna,2024-25,FW,23.0,1836,1,6,42,36,57,13,4
Carl Starfelt,Celta Vigo,2024-25,DF,29.0,2270,1,0,5,6,1,40,31
Carles Aleñá,Alavés,2024-25,MF,26.0,1542,0,2,20,22,15,25,2
Carles Pérez,Getafe,2024-25,MF,26.0,1431,3,0,34,17,21,33,6
Carlos Benavídez,Alavés,2024-25,MF,26.0,487,1,1,5,3,4,19,8
Carlos Dominguez,Celta Vigo,2024-25,DF,23.0,1181,0,0,3,2,2,23,13
Carlos Guirao,Betis,2024-25,MF,21.0,110,0,0,0,0,1,5,3
Carlos Martín,Alavés,2024-25,FW,22.0,1333,2,2,26,13,9,43,5
Carlos Romero,Espanyol,2024-25,DF,22.0,2554,2,1,29,29,22,73,30
Carlos Vicente,Alavés,2024-25,FW,25.0,3092,5,5,35,63,34,47,14
Carmona,Sevilla,2024-25,DF,22.0,2942,0,0,19,19,19,83,68
Catena,Osasuna,2024-25,DF,29.0,3074,1,3,20,10,8,46,35
Cenk Özkacar,Valladolid,2024-25,DF,23.0,757,0,0,2,1,0,9,18
Chema,Real Madrid,2024-25,MF,19.0,12,0,0,0,0,0,0,0
Chidera Ejuke,Sevilla,2024-25,FW,26.0,966,2,1,20,21,47,19,5
Chiquinho,Mallorca,2024-25,MF,24.0,146,0,0,4,2,5,1,2
Christantus Uche,Getafe,2024-25,FW,21.0,2486,4,6,50,29,32,35,10
Chuky san jose,Valladolid,2024-25,MF,20.0,728,2,0,16,8,4,8,0
Clément Lenglet,Atlético Madrid,2024-25,DF,29.0,1972,2,1,10,5,3,27,22
Coba da Costa,Getafe,2024-25,MF,22.0,1006,1,1,23,9,19,29,8
Conor Gallagher,Atlético Madrid,2024-25,MF,24.0,1633,3,3,22,12,17,45,20
Copete,Mallorca,2024-25,DF,24.0,1528,0,0,6,0,4,29,17
Cristhian Mosquera,Valencia,2024-25,DF,20.0,3319,1,0,5,0,5,56,35
Cristhian Stuani,Girona,2024-25,FW,37.0,1078,11,2,31,6,2,9,7
Cucho,Betis,2024-25,FW,25.0,1139,5,1,43,14,17,15,7
Cyle Larin,Mallorca,2024-25,FW,29.0,1764,7,2,38,8,8,12,1
Cédric Bakambu,Betis,2024-25,FW,33.0,710,2,2,24,8,1,6,0
César Azpilicueta,Atlético Madrid,2024-25,DF,34.0,875,1,0,5,3,1,25,5
César Tárrega,Valencia,2024-25,DF,22.0,3026,2,0,20,3,11,49,22
Daley Blind,Girona,2024-25,DF,34.0,2780,0,2,10,19,15,49,32
Daley Sinkgraven,Las Palmas,2024-25,DF,29.0,91,0,0,0,1,1,5,1
Damián Rodríguez,Celta Vigo,2024-25,MF,21.0,927,0,0,4,17,0,14,7
Dani Carvajal,Real Madrid,2024-25,DF,32.0,609,1,0,3,5,2,12,10
Dani Ceballos,Real Madrid,2024-25,MF,27.0,1215,0,0,7,22,8,41,14
Dani Cárdenas,Rayo Vallecano,2024-25,GK,27.0,540,0,0,0,0,0,0,0
Dani Gómez,Valencia,2024-25,FW,26.0,532,2,0,14,1,3,3,2
Dani Olmo,Barcelona,2024-25,MF,26.0,1212,10,3,40,26,23,16,3
Dani Raba,Leganés,2024-25,FW,28.0,1879,8,6,39,47,46,37,14
Dani Rodríguez,Mallorca,2024-25,MF,36.0,2162,4,7,31,33,16,49,12
Daniel Díaz,Real Sociedad,2024-25,MF,18.0,10,0,0,0,0,0,1,0
Daniel Luna,Mallorca,2024-25,MF,21.0,20,0,0,0,0,1,0,0
Daniel Parejo,Villarreal,2024-25,MF,35.0,2273,3,3,12,23,8,52,24
Daniel Requena,Villarreal,2024-25,MF,20.0,10,0,0,0,0,0,0,0
Daniel Rodriguez,Barcelona,2024-25,FW,18.0,37,0,0,2,0,0,0,0
Daniel Vivian,Athletic Club,2024-25,DF,25.0,2608,4,0,18,10,10,40,47
Daniel Yáñez,Real Madrid,2024-25,FW,17.0,2,0,0,0,0,0,0,0
Dario Essugo,Las Palmas,2024-25,MF,19.0,1938,1,0,23,13,12,59,42
Darko Brašanac,Leganés,2024-25,MF,32.0,1617,1,2,12,9,2,26,16
Darwin Machís,Valladolid,2024-25,MF,31.0,639,0,1,14,8,5,5,5
Darío Fuentes,Sevilla,2024-25,DF,21.0,5,0,0,0,0,0,0,0
David Alaba,Real Madrid,2024-25,DF,32.0,317,0,0,0,1,0,1,6
David Argüelles,Getafe,2024-25,MF,22.0,7,0,0,0,0,0,0,0
David López (David López:1989.0:es ESP),Girona,2024-25,DF,34.0,2429,1,1,12,4,6,32,14
David López (David López:2003.0:es ESP),Mallorca,2024-25,DF,21.0,169,0,0,0,0,0,3,1
David Otorbi,Valencia,2024-25,MF,16.0,14,0,0,0,0,0,0,0
David Soria,Getafe,2024-25,GK,31.0,3420,0,0,0,0,0,4,1
David Torres,Valladolid,2024-25,DF,21.0,1387,0,0,3,1,1,13,10
Denis Suárez,Villarreal,2024-25,MF,30.0,608,1,1,10,14,10,12,3
Diego,Leganés,2024-25,FW,24.0,1195,3,0,29,6,4,1,2
Diego Conde,Villarreal,2024-25,GK,25.0,1962,0,1,0,2,0,2,1
Diego Iturralde,Sevilla,2024-25,FW,21.0,37,0,0,1,0,0,0,1
Diego Llorente,Betis,2024-25,DF,30.0,2519,2,0,11,6,6,36,43
Diego López,Valencia,2024-25,MF,22.0,2737,8,5,44,38,23,31,16
Diego Martín,Las Palmas,2024-25,FW,20.0,40,0,0,1,0,0,1,0
Diego Rico,Getafe,2024-25,DF,31.0,2819,0,3,16,36,6,81,34
Dimitri Foulquier,Valencia,2024-25,DF,31.0,2299,0,1,13,10,8,48,16
Dinko Horkaš,Las Palmas,2024-25,GK,25.0,1085,0,0,0,0,1,0,0
Djené,Getafe,2024-25,DF,32.0,2548,0,0,6,9,7,25,21
Djibril Sow,Sevilla,2024-25,MF,27.0,2062,2,1,22,21,10,25,28
Dodi Lukebakio,Sevilla,2024-25,FW,26.0,3092,11,2,93,54,84,22,11
Domingos André Ribeiro Almeida,Valencia,2024-25,MF,24.0,1977,0,4,18,43,22,48,8
Domingos Duarte,Getafe,2024-25,DF,29.0,1859,1,0,3,2,0,28,18
Dominik Greif,Mallorca,2024-25,GK,27.0,2790,0,0,0,0,2,0,0
Donny van de Beek,Girona,2024-25,MF,27.0,1421,2,2,18,18,6,29,10
Duk,Leganés,2024-25,MF,24.0,179,0,0,2,5,10,8,1
Edu Expósito,Espanyol,2024-25,MF,27.0,1045,0,2,18,28,15,23,15
Eduardo Camavinga,Real Madrid,2024-25,MF,21.0,1102,1,2,8,11,15,42,18
Endika Buján,Athletic Club,2024-25,FW,21.0,7,0,0,0,0,1,0,0
Endrick,Real Madrid,2024-25,FW,18.0,363,1,0,24,4,4,1,4
Enric Franquesa,Leganés,2024-25,DF,27.0,616,1,0,3,2,9,17,5
Enzo Barrenechea,Valencia,2024-25,MF,23.0,2191,1,2,16,15,11,57,28
Enzo Boyomo,Osasuna,2024-25,DF,22.0,3257,2,0,14,4,10,74,45
Enzo Loiodice,Las Palmas,2024-25,MF,23.0,684,0,0,7,5,4,17,10
Eray Cömert,Valladolid,2024-25,DF,26.0,1779,0,0,9,0,4,24,24
Eric Bailly,Villarreal,2024-25,DF,30.0,617,0,0,4,0,3,12,6
Eric García,Barcelona,2024-25,DF,23.0,1566,2,3,14,7,5,38,14
Etienne Eto'o,Rayo Vallecano,2024-25,FW,21.0,40,0,0,0,0,0,0,0
Ezequiel Ávila,Betis,2024-25,FW,30.0,677,2,0,20,15,5,8,2
Fabio González,Las Palmas,2024-25,MF,27.0,53,0,0,2,0,0,0,0
Facundo Garcés,Alavés,2024-25,DF,24.0,678,0,0,5,3,0,6,5
Federico Valverde,Real Madrid,2024-25,MF,26.0,3032,6,4,57,39,16,50,55
Ferland Mendy,Real Madrid,2024-25,DF,29.0,1005,0,1,0,3,3,17,9
Fermin López,Barcelona,2024-25,MF,21.0,1252,6,5,41,29,25,19,5
Fernando Calero,Espanyol,2024-25,DF,28.0,715,1,0,2,3,0,18,16
Ferrán Ruiz,Girona,2024-25,MF,21.0,18,0,0,0,0,0,0,1
Ferrán Torres,Barcelona,2024-25,FW,24.0,1106,10,6,48,19,11,8,4
Florian Grillitsch,Valladolid,2024-25,MF,28.0,623,0,0,3,8,11,11,4
Florian Lejeune,Rayo Vallecano,2024-25,DF,33.0,3325,2,3,58,14,4,46,41
Fran,Real Madrid,2024-25,GK,19.0,90,0,0,0,0,0,0,0
Fran Beltrán,Celta Vigo,2024-25,MF,25.0,2421,2,1,23,15,10,50,26
Fran Garcia,Real Madrid,2024-25,DF,24.0,2171,0,2,14,24,8,51,28
Fran Vieites,Betis,2024-25,GK,25.0,360,0,0,1,0,0,0,0
Francisco Perez,Valencia,2024-25,FW,21.0,570,0,0,6,7,8,17,3
Franco Cervi,Celta Vigo,2024-25,FW,30.0,273,0,0,0,5,1,8,8
Frenkie de Jong,Barcelona,2024-25,MF,27.0,1143,2,2,5,21,5,19,12
Fábio Silva,Las Palmas,2024-25,FW,22.0,1866,10,3,46,16,21,12,4
Gabriel Osei Misehouy,Girona,2024-25,FW,19.0,257,1,0,6,4,7,1,0
Gavi,Barcelona,2024-25,MF,19.0,1085,1,1,11,14,9,30,10
Gerard Gumbau,Rayo Vallecano,2024-25,MF,29.0,849,0,1,13,17,2,17,5
Gerard Martín,Barcelona,2024-25,DF,22.0,1038,1,3,7,12,4,22,13
Gerard Moreno,Villarreal,2024-25,FW,32.0,721,3,2,23,17,18,7,2
Germán Valera,Valencia,2024-25,MF,22.0,148,0,0,3,1,3,1,4
Giorgi Mamardashvili,Valencia,2024-25,GK,23.0,3060,0,0,0,2,0,2,1
Giovani Lo Celso,Betis,2024-25,MF,28.0,1457,8,3,31,43,21,34,5
Giuliano Simeone,Atlético Madrid,2024-25,MF,21.0,1926,2,6,22,24,30,27,14
Gonzalo García,Real Madrid,2024-25,FW,20.0,56,0,1,1,1,0,0,0
Gonzalo Montiel,Sevilla,2024-25,DF,27.0,113,0,0,1,0,0,4,2
Gorka Guruzeta,Athletic Club,2024-25,FW,27.0,1840,7,2,59,15,11,16,9
Gorka Rivera Alonso,Getafe,2024-25,DF,19.0,20,0,0,0,0,0,2,0
Hamari Traoré,Real Sociedad,2024-25,DF,32.0,700,0,1,1,3,6,19,9
Henrique,Valladolid,2024-25,DF,30.0,352,0,0,1,2,3,6,3
Hugo Duro,Valencia,2024-25,FW,24.0,2166,11,2,48,14,7,13,10
Hugo Guillamón,Valencia,2024-25,MF,24.0,364,0,0,2,2,1,11,5
Hugo Novoa,Alavés,2024-25,DF,21.0,237,0,0,1,2,3,8,0
Hugo Sotelo,Celta Vigo,2024-25,MF,20.0,1254,0,0,4,19,8,28,5
Hugo Álvarez,Celta Vigo,2024-25,MF,21.0,1572,4,3,25,17,32,26,8
Héctor Bellerín,Betis,2024-25,DF,29.0,580,0,2,1,8,6,13,6
Héctor Fort,Barcelona,2024-25,DF,17.0,585,0,0,6,10,2,13,6
Iago Aspas,Celta Vigo,2024-25,FW,36.0,1745,10,5,46,38,15,13,8
Iago Parente,Valladolid,2024-25,DF,18.0,71,0,0,0,1,0,0,0
Ibrahim Alani,Valladolid,2024-25,MF,18.0,160,0,0,1,0,1,12,1
Iglesias,Getafe,2024-25,DF,26.0,2888,0,1,21,20,13,81,50
Igor Zubeldia,Real Sociedad,2024-25,DF,27.0,2269,0,0,12,4,6,34,31
Iker Almena,Girona,2024-25,FW,20.0,48,0,1,1,2,2,0,0
Iker Benito,Osasuna,2024-25,FW,21.0,37,0,0,0,1,0,0,1
Iker Córdoba,Valencia,2024-25,DF,18.0,15,0,0,0,1,0,0,0
Iker Losada,Celta Vigo,2024-25,FW,22.0,694,1,0,8,11,4,13,4
Iker Muñoz,Osasuna,2024-25,MF,21.0,610,0,1,11,6,2,5,4
Ilaix Moriba,Celta Vigo,2024-25,MF,21.0,2132,1,1,34,20,15,68,14
Ilias Akhomach,Villarreal,2024-25,MF,20.0,584,1,0,17,9,19,12,3
Irvin Cardona,Espanyol,2024-25,FW,26.0,606,1,1,10,9,3,8,4
Isaac Palazón Camacho,Rayo Vallecano,2024-25,MF,29.0,2162,4,4,61,48,25,22,8
Isaac Romero,Sevilla,2024-25,FW,24.0,2156,4,2,53,20,21,13,7
Isco,Betis,2024-25,MF,32.0,1547,9,8,38,61,27,20,11
Ismael Bekhoucha,Getafe,2024-25,MF,19.0,69,0,0,0,0,2,1,2
Israel Domínguez,Sevilla,2024-25,FW,21.0,18,0,0,0,0,0,0,0
Ivan Jaime Pajuelo,Valencia,2024-25,MF,23.0,297,0,0,8,4,5,8,2
Iván Balliu,Rayo Vallecano,2024-25,DF,32.0,1200,0,0,1,7,3,17,13
Iván Martín,Girona,2024-25,MF,25.0,2039,1,1,11,22,25,32,11
Iván Sánchez,Valladolid,2024-25,MF,31.0,1404,2,1,15,24,28,37,14
Iván Villar,Celta Vigo,2024-25,GK,27.0,360,0,0,0,0,0,0,0
Iñaki Peña,Barcelona,2024-25,GK,25.0,1396,0,0,0,0,0,0,0
Iñaki Williams,Athletic Club,2024-25,FW,30.0,2652,6,8,63,43,33,17,12
Iñigo Lekue,Athletic Club,2024-25,DF,31.0,773,0,0,2,8,6,15,9
Iñigo Martínez,Barcelona,2024-25,DF,33.0,2490,0,4,13,16,3,25,18
Iñigo Ruiz de Galarreta,Athletic Club,2024-25,MF,30.0,1477,0,4,11,28,16,36,16
Jacobo Ramón,Real Madrid,2024-25,DF,19.0,204,1,0,2,1,0,7,3
Jailson Siqueira,Celta Vigo,2024-25,DF,28.0,614,0,0,4,1,3,13,9
Jaime Mata,Las Palmas,2024-25,FW,35.0,656,0,0,17,3,5,8,3
James Rodríguez,Rayo Vallecano,2024-25,MF,33.0,140,0,0,4,2,5,3,1
Jan Oblak,Atlético Madrid,2024-25,GK,31.0,3240,0,0,0,0,2,0,0
Jan Salas,Mallorca,2024-25,MF,18.0,43,0,0,2,0,0,3,0
Jasper Cillessen,Las Palmas,2024-25,GK,35.0,2335,0,0,0,0,0,1,0
Javi Galán,Atlético Madrid,2024-25,DF,29.0,1784,0,3,9,15,28,51,12
Javi Hernández,Leganés,2024-25,DF,26.0,2389,2,1,17,17,16,26,23
Javi López,Real Sociedad,2024-25,DF,22.0,1936,0,0,5,5,18,40,11
Javi Martínez,Osasuna,2024-25,MF,24.0,6,0,0,0,0,0,0,0
Javi Martón,Athletic Club,2024-25,FW,25.0,53,0,0,0,0,0,0,0
Javi Puado,Espanyol,2024-25,FW,26.0,2974,12,4,66,22,21,22,5
Javi Rodríguez,Celta Vigo,2024-25,DF,21.0,2514,3,2,12,13,10,53,33
Javi Sánchez,Valladolid,2024-25,DF,27.0,2026,2,0,11,6,2,26,22
Javier Guerra,Valencia,2024-25,MF,21.0,2581,3,3,47,23,29,50,20
Javier Llabrés,Mallorca,2024-25,FW,21.0,57,0,0,1,1,0,0,0
Javier Manquillo,Celta Vigo,2024-25,DF,30.0,515,0,0,0,0,0,7,7
Javier Muñoz,Las Palmas,2024-25,MF,29.0,2588,1,3,25,29,21,45,31
Jesus Rodríguez,Betis,2024-25,FW,18.0,1111,2,0,23,8,30,16,6
Jesus Vazquez,Valencia,2024-25,DF,21.0,919,0,0,5,3,14,23,10
Jesús Areso,Osasuna,2024-25,DF,25.0,3079,0,3,8,30,24,53,8
Jesús Navas,Sevilla,2024-25,FW,38.0,424,1,0,3,10,4,5,4
Jesús Owono,Alavés,2024-25,GK,23.0,487,0,0,0,0,1,1,0
Jesús Santiago,Getafe,2024-25,MF,20.0,372,0,0,1,0,1,14,1
Jesús Vallejo,Real Madrid,2024-25,DF,27.0,138,0,1,0,2,0,0,2
Jhon Solis,Girona,2024-25,MF,19.0,535,1,0,4,2,5,13,4
Joan García,Espanyol,2024-25,GK,23.0,3420,0,0,1,0,0,0,0
Joan Jordán,Alavés,2024-25,MF,30.0,1414,5,2,13,31,6,32,9
Jofre,Espanyol,2024-25,MF,23.0,2165,3,3,40,24,39,22,15
Johan Mojica,Mallorca,2024-25,DF,31.0,2755,1,2,17,40,33,35,26
John Joe,Getafe,2024-25,MF,20.0,48,0,0,2,0,2,0,0
Johnny Cardoso,Betis,2024-25,MF,22.0,2144,3,1,19,9,26,55,48
Jon Aramburu,Real Sociedad,2024-25,DF,22.0,2460,1,1,11,15,8,102,30
Jon Guridi,Alavés,2024-25,MF,29.0,2080,3,1,23,17,8,40,14
Jon Magunazelaia,Real Sociedad,2024-25,MF,23.0,7,0,0,0,0,0,1,0
Jon Martin,Real Sociedad,2024-25,DF,18.0,904,0,1,9,4,0,11,7
Jon Moncayola,Osasuna,2024-25,MF,26.0,2099,0,0,21,33,4,70,11
Jon Pacheco,Real Sociedad,2024-25,DF,23.0,854,0,0,1,1,1,15,9
Jonathan Bamba,Celta Vigo,2024-25,FW,28.0,811,0,1,13,12,15,12,5
Jorge Herrando,Osasuna,2024-25,DF,23.0,1366,1,0,12,0,1,17,12
Jorge Sáenz,Leganés,2024-25,DF,27.0,1690,1,0,8,2,4,37,25
Jorge de Frutos,Rayo Vallecano,2024-25,FW,27.0,2495,6,3,52,31,32,37,19
Joseph Aidoo,Valladolid,2024-25,DF,28.0,585,0,0,1,0,1,6,5
José Arnaiz,Osasuna,2024-25,FW,29.0,133,0,0,6,3,1,7,5
José Campaña,Las Palmas,2024-25,MF,31.0,1189,0,3,5,14,8,21,19
José Carlos González,Las Palmas,2024-25,DF,18.0,11,0,0,0,0,0,0,0
José Gragera,Espanyol,2024-25,MF,23.0,569,0,0,2,1,1,25,5
José Luis García Vayá,Valencia,2024-25,MF,25.0,1742,2,2,12,32,8,43,19
José Luis Gayà,Valencia,2024-25,DF,29.0,1803,0,1,12,24,7,57,25
José María Giménez,Atlético Madrid,2024-25,DF,29.0,1999,0,1,5,2,2,26,27
Juan Bernat,Getafe,2024-25,MF,31.0,911,0,2,6,11,15,28,3
Juan Berrocal,Getafe,2024-25,DF,25.0,1063,0,0,4,1,0,14,15
Juan Cruz,Leganés,2024-25,FW,24.0,2257,5,4,33,24,40,32,13
Juan Cruz Armada,Osasuna,2024-25,DF,32.0,1492,0,0,4,2,1,26,9
Juan Foyth,Villarreal,2024-25,DF,26.0,1517,1,0,17,7,4,25,19
Juan Herzog,Las Palmas,2024-25,DF,21.0,1315,0,0,12,0,0,12,18
Juan Musso,Atlético Madrid,2024-25,GK,30.0,180,0,0,0,0,0,0,0
Juan Soriano,Leganés,2024-25,GK,26.0,540,0,0,0,0,0,1,0
Juanlu Sánchez,Sevilla,2024-25,MF,20.0,1722,4,4,13,24,11,50,17
Juanmi,Getafe,2024-25,FW,31.0,940,0,0,19,8,8,21,3
Juanmi Latasa,Valladolid,2024-25,FW,23.0,1398,3,0,40,13,8,4,0
Juanpe,Girona,2024-25,DF,33.0,727,0,0,2,3,0,8,8
Jude Bellingham,Real Madrid,2024-25,MF,21.0,2488,9,8,60,42,41,61,28
Julen Agirrezabala,Athletic Club,2024-25,GK,23.0,1206,0,0,0,0,0,0,0
Jules Koundé,Barcelona,2024-25,DF,25.0,2605,2,3,18,32,22,63,20
Julián Chicco,Leganés,2024-25,MF,26.0,302,0,1,3,2,2,11,4
Julián Álvarez,Atlético Madrid,2024-25,FW,24.0,2509,17,4,70,41,34,25,2
Juma Bah,Valladolid,2024-25,DF,18.0,864,0,0,3,1,3,10,12
Justin Smith,Espanyol,2024-25,MF,21.0,209,0,0,0,1,1,9,4
Karl Etta,Villarreal,2024-25,MF,20.0,37,1,0,2,0,0,0,0
Karl Jakob Hein,Valladolid,2024-25,GK,22.0,2790,0,0,0,0,0,0,0
Kelechi Iheanacho,Sevilla,2024-25,FW,27.0,400,0,0,9,5,2,1,0
Kenedy,Valladolid,2024-25,MF,28.0,9,0,0,1,0,0,0,0
Kike Barja,Osasuna,2024-25,FW,27.0,315,0,1,4,10,7,5,3
Kike Pérez,Valladolid,2024-25,MF,27.0,1191,2,0,20,17,8,37,7
Kike Salas,Sevilla,2024-25,DF,22.0,2238,3,2,23,6,3,47,32
Kiko Femenía,Villarreal,2024-25,DF,33.0,2227,0,1,3,16,17,50,40
Kiké,Alavés,2024-25,FW,34.0,2542,13,0,60,13,13,19,1
Kim Minsu,Girona,2024-25,MF,18.0,22,0,0,0,0,0,1,0
Kirian Rodríguez,Las Palmas,2024-25,MF,28.0,1758,0,3,21,16,11,33,10
Koke,Atlético Madrid,2024-25,MF,32.0,1926,1,1,11,16,9,46,20
Krapyvtsov Vladyslav,Girona,2024-25,GK,19.0,180,0,0,0,0,0,0,0
Kylian Mbappé,Real Madrid,2024-25,FW,25.0,2907,31,3,152,51,83,8,1
Ladislav Krejčí,Girona,2024-25,DF,25.0,2440,2,0,18,8,7,23,34
Lamine Yamal,Barcelona,2024-25,FW,17.0,2856,9,13,144,64,161,42,16
Leandro Antonetti,Sevilla,2024-25,FW,21.0,28,0,0,1,1,0,0,0
Leandro Cabrera,Espanyol,2024-25,DF,33.0,2869,4,2,19,9,1,40,30
Leo Román,Mallorca,2024-25,GK,24.0,630,0,0,0,0,1,0,0
Logan Costa,Villarreal,2024-25,DF,23.0,2587,2,1,12,4,0,38,21
Lorenzo Aguado,Real Madrid,2024-25,DF,21.0,5,0,0,0,0,0,0,0
Loïc Bade,Sevilla,2024-25,DF,24.0,2686,1,1,13,4,17,47,29
Luca de la Torre,Celta Vigo,2024-25,MF,26.0,4,0,0,0,0,0,0,0
Lucas Ocampos,Sevilla,2024-25,FW,30.0,175,0,1,4,3,2,3,0
Lucas Oliveira Rosa,Valladolid,2024-25,DF,24.0,1890,0,1,8,13,14,53,28
Lucas Torró,Osasuna,2024-25,MF,30.0,2957,3,0,31,10,6,74,45
Lucas Vázquez,Real Madrid,2024-25,DF,33.0,2189,1,5,15,33,19,58,17
Lucien Agoume,Sevilla,2024-25,MF,22.0,2114,1,3,10,27,22,70,41
Luis Milla,Getafe,2024-25,MF,29.0,2875,1,4,31,70,21,61,24
Luis Pérez,Valladolid,2024-25,DF,29.0,2558,0,0,5,27,12,41,29
Luis Rioja,Valencia,2024-25,MF,30.0,2854,5,3,28,36,43,35,22
Luiz Lúcio Reis Júnior,Villarreal,2024-25,GK,23.0,1458,0,0,0,0,0,0,0
Luka Modrić,Real Madrid,2024-25,MF,38.0,1827,2,6,22,66,14,31,27
Luka Romero,Alavés,2024-25,FW,19.0,199,0,0,1,4,1,4,1
Luka Sučić,Real Sociedad,2024-25,MF,21.0,1792,1,1,43,25,25,25,15
Luken Beitia,Real Sociedad,2024-25,DF,20.0,8,0,0,0,0,0,1,0
Mamadou Sylla,Valladolid,2024-25,FW,30.0,1583,5,1,18,14,5,8,3
Manu Bueno,Sevilla,2024-25,MF,20.0,140,1,0,4,0,1,4,0
Manu Morlanes,Mallorca,2024-25,MF,25.0,1338,0,0,11,10,3,43,24
Manu Sánchez,Alavés,2024-25,DF,23.0,2634,1,0,12,16,8,83,30
Manuel Fuster,Las Palmas,2024-25,FW,26.0,1003,2,1,18,28,5,19,4
Marash Kumbulla,Espanyol,2024-25,DF,24.0,2972,3,0,16,1,4,51,34
Marc Bartra,Betis,2024-25,DF,33.0,2099,2,1,18,4,7,33,33
Marc Bernal,Barcelona,2024-25,MF,17.0,242,0,0,2,1,2,8,1
Marc Cardona,Las Palmas,2024-25,FW,29.0,132,0,0,4,0,1,4,0
Marc Casado,Barcelona,2024-25,MF,20.0,1611,1,3,14,9,4,44,22
Marc Domenech,Mallorca,2024-25,FW,18.0,303,0,0,8,5,1,4,0
Marc Roca,Betis,2024-25,MF,27.0,906,2,2,12,12,4,20,14
Marc-André ter Stegen,Barcelona,2024-25,GK,32.0,674,0,0,0,0,0,0,0
Marcos Alonso,Celta Vigo,2024-25,DF,33.0,2647,3,0,31,21,16,35,34
Marcos André,Valladolid,2024-25,FW,27.0,1188,1,2,22,9,17,10,3
Marcos Llorente,Atlético Madrid,2024-25,DF,29.0,2513,2,4,16,28,14,69,27
Marcão,Sevilla,2024-25,DF,28.0,552,0,0,0,0,2,10,7
Mario Maroto,Valladolid,2024-25,MF,20.0,64,0,1,1,1,1,0,2
Mario Martín,Valladolid,2024-25,MF,20.0,1748,0,1,28,12,19,62,21
Marko Dmitrović,Leganés,2024-25,GK,32.0,2880,0,0,0,1,1,1,0
Maroan Sannadi,Athletic Club,2024-25,FW,23.0,754,1,1,19,7,14,5,1
Martin Valjent,Mallorca,2024-25,DF,28.0,2763,3,0,12,4,6,30,18
Martín Tejón,Valencia,2024-25,MF,20.0,49,0,0,1,1,2,2,0
Martín Zubimendi,Real Sociedad,2024-25,MF,25.0,2962,2,1,24,19,19,73,44
Marvin,Las Palmas,2024-25,DF,24.0,1038,0,0,5,6,2,25,15
Mateo Flores,Betis,2024-25,MF,20.0,153,0,0,0,0,0,3,2
Mateo Mejía,Sevilla,2024-25,FW,21.0,11,0,0,0,0,0,0,0
Mateu Morey,Mallorca,2024-25,DF,24.0,741,0,0,3,4,9,22,15
Matija Nastasić,Leganés,2024-25,DF,31.0,2110,1,0,2,2,1,25,21
Mauro Arambarri,Getafe,2024-25,MF,28.0,2661,10,0,53,17,18,48,15
Max Aarons,Valencia,2024-25,DF,24.0,120,0,0,0,1,1,4,0
Maximiliano Caufriez,Valencia,2024-25,DF,27.0,90,0,0,0,0,0,1,1
Miguel,Leganés,2024-25,FW,24.0,1724,1,3,33,7,8,16,4
Miguel Gutiérrez,Girona,2024-25,DF,23.0,2458,1,5,28,41,29,37,16
Mihailo Ristić,Celta Vigo,2024-25,DF,28.0,429,0,1,2,4,2,7,2
Mika Mármol,Las Palmas,2024-25,DF,23.0,2399,0,1,10,16,7,61,38
Mikel Jauregizar,Athletic Club,2024-25,MF,20.0,2244,2,1,21,23,20,84,29
Mikel Oyarzabal,Real Sociedad,2024-25,FW,27.0,2250,9,3,39,15,9,25,4
Mikel Vesga,Athletic Club,2024-25,MF,31.0,988,0,0,5,12,7,22,15
Moi Gómez,Osasuna,2024-25,MF,30.0,796,0,0,6,11,14,13,6
Mouctar Diakhaby,Valencia,2024-25,DF,27.0,653,2,0,11,1,2,8,11
Moussa Diarra,Alavés,2024-25,DF,23.0,1866,0,0,1,3,7,40,21
Munir El Haddadi,Leganés,2024-25,FW,28.0,862,4,0,21,8,7,12,1
Nabil Aberdin,Getafe,2024-25,MF,21.0,263,0,0,2,1,2,6,0
Nabil Fekir,Betis,2024-25,MF,31.0,180,0,1,7,6,0,3,0
Nacho Vidal,Osasuna,2024-25,DF,29.0,124,0,0,0,0,2,2,0
Naci Ünüvar,Espanyol,2024-25,MF,21.0,31,0,0,1,1,0,2,0
Nahuel Molina,Atlético Madrid,2024-25,DF,26.0,1590,0,3,9,13,15,44,13
Nahuel Tenaglia,Alavés,2024-25,DF,28.0,2922,2,1,27,19,17,96,47
Natan,Betis,2024-25,DF,23.0,2175,1,1,9,5,2,35,28
Nayef Aguerd,Real Sociedad,2024-25,DF,28.0,1760,0,0,15,5,5,30,13
Nemanja Gudelj,Sevilla,2024-25,MF,32.0,2493,1,1,22,14,6,42,27
Nico Williams,Athletic Club,2024-25,FW,22.0,1996,5,5,54,40,68,28,7
Nicolas Pépé,Villarreal,2024-25,FW,29.0,1500,3,6,38,33,27,22,5
Nicolás Serrano,Athletic Club,2024-25,FW,21.0,112,0,0,5,1,3,1,1
Nobel Mendy,Betis,2024-25,DF,19.0,108,0,0,0,0,0,0,4
Oihan Sancet,Athletic Club,2024-25,MF,24.0,1620,15,1,47,21,24,13,5
Olasagasti,Real Sociedad,2024-25,MF,23.0,857,1,1,13,6,3,21,15
Oliver McBurnie,Las Palmas,2024-25,FW,28.0,1837,3,6,32,24,16,15,6
Omar Alderete,Getafe,2024-25,DF,27.0,2971,1,0,38,11,18,43,40
Omar El Hilali,Espanyol,2024-25,DF,20.0,3153,0,2,2,8,17,111,46
Omar Mascarell,Mallorca,2024-25,MF,31.0,1992,1,0,9,3,10,27,49
Oriol Romeu,Girona,2024-25,MF,32.0,1356,0,0,5,8,4,38,12
Orri Steinn Óskarsson,Real Sociedad,2024-25,FW,19.0,944,3,0,19,5,2,6,2
Pablo Barrios,Atlético Madrid,2024-25,MF,21.0,2330,1,4,29,26,25,46,34
Pablo Durán,Celta Vigo,2024-25,FW,23.0,1394,4,4,26,17,12,17,8
Pablo Fornals,Betis,2024-25,MF,28.0,1827,2,0,23,36,8,21,23
Pablo Garcia,Betis,2024-25,FW,17.0,38,0,0,0,0,1,0,0
Pablo Ibáñez,Osasuna,2024-25,MF,25.0,1294,1,1,20,6,13,20,18
Pablo Maffeo,Mallorca,2024-25,DF,27.0,2368,0,2,7,29,40,60,25
Pablo Marín,Real Sociedad,2024-25,MF,21.0,1239,1,2,21,14,20,25,5
Pablo Torre,Barcelona,2024-25,MF,21.0,310,3,1,6,8,2,5,3
Papa Ba,Girona,2024-25,MF,19.0,48,0,0,1,0,1,1,0
Pape Gueye,Villarreal,2024-25,MF,25.0,2224,4,0,55,17,11,54,27
Pathé Ciss,Rayo Vallecano,2024-25,MF,30.0,2140,4,1,21,16,14,49,40
Pau Cabanes,Alavés,2024-25,MF,19.0,351,1,0,6,5,9,12,3
Pau Cubarsí,Barcelona,2024-25,DF,17.0,2618,0,3,8,9,6,34,16
Pau López,Girona,2024-25,GK,29.0,45,0,0,0,0,0,0,0
Pau Navarro,Villarreal,2024-25,DF,19.0,916,0,0,1,1,3,23,4
Pau Victor,Barcelona,2024-25,FW,22.0,319,2,1,14,8,7,3,2
Paulo Gazzaniga,Girona,2024-25,GK,32.0,3195,0,0,0,0,3,1,0
Pedri,Barcelona,2024-25,MF,21.0,2879,4,5,25,70,40,61,26
Pedro Díaz,Rayo Vallecano,2024-25,MF,26.0,1211,3,0,31,26,20,23,7
Peio Canales,Athletic Club,2024-25,MF,19.0,259,0,0,3,6,5,3,2
Pejiño,Las Palmas,2024-25,FW,28.0,16,0,0,1,0,0,1,0
Pelayo Fernandez,Rayo Vallecano,2024-25,DF,21.0,98,0,0,0,0,0,0,2
Pep Chavarría,Rayo Vallecano,2024-25,DF,26.0,2585,0,1,11,24,10,46,30
Peque,Sevilla,2024-25,MF,21.0,1134,1,1,19,12,11,16,8
Pere Milla,Espanyol,2024-25,MF,31.0,456,3,0,11,5,2,6,3
Peter González,Getafe,2024-25,MF,22.0,477,0,0,12,4,3,11,2
Pica,Alavés,2024-25,DF,22.0,499,0,0,4,1,1,9,9
Pol Lozano,Espanyol,2024-25,MF,24.0,1943,0,1,8,17,5,53,22
Portu,Girona,2024-25,FW,32.0,779,1,2,8,14,4,13,0
Rafa Mir,Valencia,2024-25,FW,27.0,753,1,2,27,4,2,12,5
Rafael Bauza,Espanyol,2024-25,MF,19.0,183,0,0,3,0,1,5,0
Ramón Martínez,Sevilla,2024-25,DF,21.0,261,1,0,4,1,1,6,2
Ramón Terrats,Getafe,2024-25,MF,23.0,1350,4,1,21,17,26,23,10
Randy Nteka,Rayo Vallecano,2024-25,FW,26.0,1129,3,0,16,9,5,16,4
Raphinha,Barcelona,2024-25,FW,27.0,2839,18,9,112,91,52,36,11
Raúl,Osasuna,2024-25,FW,23.0,750,4,0,25,3,11,13,0
Raúl Albiol,Villarreal,2024-25,DF,38.0,1188,0,0,2,0,0,10,6
Raúl Asencio,Real Madrid,2024-25,DF,21.0,1670,0,1,3,6,6,22,16
Raúl Chasco,Valladolid,2024-25,DF,20.0,130,0,0,0,1,0,4,2
Raúl Moro,Valladolid,2024-25,MF,21.0,2341,4,5,46,44,57,22,10
Raúl de Tomás,Rayo Vallecano,2024-25,DF,29.0,22,0,0,0,0,0,2,0
Reinildo Mandava,Atlético Madrid,2024-25,DF,30.0,941,0,0,1,2,4,18,16
Renato Tapia,Leganés,2024-25,MF,29.0,2424,1,0,14,8,19,61,27
Ricardo Rodríguez,Betis,2024-25,DF,31.0,1274,0,1,5,7,4,28,8
Robert Lewandowski,Barcelona,2024-25,FW,35.0,2667,27,2,111,19,20,10,3
Roberto Férnandez,Espanyol,2024-25,FW,22.0,1497,6,0,21,8,11,4,3
Roberto López,Leganés,2024-25,MF,24.0,396,0,1,6,10,2,8,1
Roberto Navarro,Mallorca,2024-25,MF,22.0,1278,1,0,18,13,35,29,19
Robin Le Normand,Atlético Madrid,2024-25,DF,27.0,2151,1,0,11,3,2,27,10
Rodri,Betis,2024-25,FW,24.0,118,0,0,2,2,2,2,1
Rodrigo Abajas,Valencia,2024-25,DF,21.0,65,0,0,1,0,1,3,1
Rodrigo De Paul,Atlético Madrid,2024-25,MF,30.0,2106,3,5,19,42,14,33,6
Rodrigo Riquelme,Atlético Madrid,2024-25,MF,24.0,516,0,1,14,15,6,11,2
Rodrygo,Real Madrid,2024-25,FW,23.0,1928,6,5,54,49,49,21,11
Roger Hinojo,Espanyol,2024-25,DF,19.0,9,0,0,0,0,0,0,0
Romain Perraud,Betis,2024-25,DF,26.0,2002,2,2,20,16,11,36,22
Ronald Araújo,Barcelona,2024-25,DF,25.0,754,1,1,4,4,0,12,9
Ruben Vargas,Sevilla,2024-25,FW,25.0,671,2,1,17,13,12,7,3
Rubén García,Osasuna,2024-25,FW,31.0,2413,5,5,27,49,12,52,15
Rubén Peña,Osasuna,2024-25,FW,33.0,775,0,0,10,13,10,12,6
Rui Silva,Betis,2024-25,GK,30.0,1350,0,0,0,2,0,0,0
Samu Costa,Mallorca,2024-25,MF,23.0,2649,0,2,30,15,13,90,32
Samuel Lino,Atlético Madrid,2024-25,MF,24.0,1552,3,4,45,22,27,33,8
Sandro Ramírez,Las Palmas,2024-25,FW,29.0,2034,9,3,51,28,16,27,16
Santi Comesaña,Villarreal,2024-25,MF,27.0,2560,4,2,39,27,18,85,19
Santiago Mouriño,Alavés,2024-25,DF,22.0,1849,0,1,13,7,4,43,29
Saúl Ñíguez,Sevilla,2024-25,MF,29.0,1553,1,6,42,22,12,47,22
Scott McKenna,Las Palmas,2024-25,DF,27.0,2466,0,0,10,4,3,21,9
Selim Amallah,Valladolid,2024-25,MF,27.0,1376,3,1,21,13,33,30,14
Sergi,Leganés,2024-25,DF,32.0,2957,2,0,13,5,4,40,39
Sergi Altimira,Betis,2024-25,MF,22.0,1972,0,1,21,22,16,61,24
Sergi Canós,Valencia,2024-25,MF,27.0,370,0,1,11,4,1,11,5
Sergi Cardona,Villarreal,2024-25,DF,25.0,2945,1,7,20,45,10,71,40
Sergi Darder,Mallorca,2024-25,MF,30.0,2744,2,6,36,54,34,40,16
Sergi Dominguez,Barcelona,2024-25,DF,19.0,172,0,0,0,0,0,1,3
Sergi Guardiola,Rayo Vallecano,2024-25,FW,33.0,362,0,0,11,5,0,5,1
Sergi Gómez,Espanyol,2024-25,DF,32.0,664,0,0,2,0,0,8,7
Sergio Arribas,Betis,2024-25,DF,21.0,90,0,0,0,0,0,7,3
Sergio Camello,Rayo Vallecano,2024-25,FW,23.0,1134,3,2,32,19,13,9,4
Sergio Carreira,Celta Vigo,2024-25,MF,23.0,1656,0,4,13,16,14,28,17
Sergio Gómez,Real Sociedad,2024-25,MF,23.0,2738,2,5,18,56,22,71,19
Sergio Herrera,Osasuna,2024-25,GK,31.0,3330,0,0,0,0,1,2,0
Sergio Viera,Las Palmas,2024-25,MF,19.0,96,0,0,1,0,1,1,1
Seydouba Cissé,Leganés,2024-25,MF,23.0,2435,3,1,24,17,30,59,12
Sheraldo Becker,Real Sociedad,2024-25,FW,29.0,995,2,1,22,8,4,3,1
Siebe Van Der Heyden,Mallorca,2024-25,DF,26.0,97,0,0,1,1,1,1,2
Silvi Clúa,Girona,2024-25,MF,19.0,163,0,0,2,1,2,8,2
Stanis Idumbo,Sevilla,2024-25,FW,19.0,284,1,1,4,6,9,9,4
Stanko Jurić,Valladolid,2024-25,MF,27.0,1729,0,0,8,4,6,48,24
Stefan Bajcetic,Las Palmas,2024-25,MF,19.0,969,1,0,5,7,11,29,15
Stoichkov,Alavés,2024-25,MF,30.0,699,0,1,18,7,6,14,1
Stole Dimitrievski,Valencia,2024-25,GK,30.0,360,0,0,0,0,0,0,0
Suso,Sevilla,2024-25,FW,30.0,606,0,2,16,22,14,10,4
Sébastien Haller,Leganés,2024-25,FW,30.0,404,0,0,4,1,1,2,0
Tadeo Allende,Celta Vigo,2024-25,FW,25.0,2,0,0,0,0,0,0,0
Tajon Buchanan,Villarreal,2024-25,MF,25.0,416,1,2,7,5,10,10,1
Takefusa Kubo,Real Sociedad,2024-25,MF,23.0,2372,5,0,43,45,75,31,17
Takuma Asano,Mallorca,2024-25,FW,29.0,1054,2,1,28,6,6,13,6
Tamás Nikitscher,Valladolid,2024-25,MF,24.0,858,0,0,2,2,5,17,11
Tanguy Nianzou,Sevilla,2024-25,DF,22.0,518,0,0,2,0,3,7,8
Thiago Ojeda,Villarreal,2024-25,MF,21.0,8,0,0,1,0,0,0,0
Thibaut Courtois,Real Madrid,2024-25,GK,32.0,2700,0,0,0,1,0,0,1
Thierno Barry,Villarreal,2024-25,FW,21.0,2323,11,4,71,23,18,11,0
Thierry Correia,Valencia,2024-25,DF,25.0,768,0,0,7,5,8,27,4
Thomas Lemar,Atlético Madrid,2024-25,MF,28.0,85,0,0,2,2,0,2,0
Tomás Conechny,Alavés,2024-25,FW,26.0,847,1,0,22,7,6,15,6
Toni Lato,Mallorca,2024-25,DF,26.0,621,0,0,0,6,0,17,6
Toni Martínez,Alavés,2024-25,FW,27.0,1012,4,0,46,11,9,12,1
Umar Sadiq,Valencia,2024-25,FW,27.0,1052,5,0,25,7,16,12,2
Unai García,Osasuna,2024-25,DF,32.0,65,0,0,0,0,0,0,0
Unai Gómez,Athletic Club,2024-25,MF,21.0,1284,1,3,19,10,12,12,2
Unai López,Rayo Vallecano,2024-25,MF,28.0,1707,3,1,26,19,15,31,21
Unai Marrero,Real Sociedad,2024-25,GK,22.0,180,0,0,0,0,0,0,0
Unai Núñez,Athletic Club,2024-25,DF,27.0,645,0,0,1,1,2,10,17
Unai Simón,Athletic Club,2024-25,GK,27.0,1890,0,0,0,0,0,0,1
Urko González,Espanyol,2024-25,MF,23.0,1419,0,2,4,10,6,46,8
Valentin Rosier,Leganés,2024-25,DF,27.0,2595,1,2,14,11,23,72,52
Valentín Barco,Sevilla,2024-25,DF,20.0,288,0,0,7,6,3,15,2
Valentín Pezzolesi,Las Palmas,2024-25,DF,17.0,6,0,0,0,0,0,0,0
Valery Fernández,Mallorca,2024-25,MF,24.0,309,2,0,3,1,1,8,0
Vedat Muriqi,Mallorca,2024-25,FW,30.0,2058,7,2,52,26,9,7,7
Vicente Guaita,Celta Vigo,2024-25,GK,37.0,3060,0,0,0,0,0,0,0
Viktor Tsyhankov,Girona,2024-25,FW,26.0,1913,2,5,35,33,15,19,15
Vinicius Júnior,Real Madrid,2024-25,FW,24.0,2253,11,8,78,58,82,21,3
Viti,Las Palmas,2024-25,DF,26.0,1982,0,2,3,12,9,71,27
Vitor Roque,Betis,2024-25,FW,19.0,1235,4,0,41,12,10,11,7
Víctor Meseguer,Valladolid,2024-25,MF,25.0,418,0,0,6,1,1,10,2
Víctor Muñoz,Real Madrid,2024-25,FW,21.0,36,0,0,1,0,0,0,0
Walid Cheddira,Espanyol,2024-25,FW,26.0,640,1,1,13,6,4,5,1
William Carvalho,Betis,2024-25,MF,32.0,484,0,0,4,6,3,9,3
Williot Swedberg,Celta Vigo,2024-25,FW,20.0,1348,4,5,32,16,10,23,3
Willy Kambwala,Villarreal,2024-25,DF,19.0,1117,0,0,4,1,5,17,10
Wojciech Szczęsny,Barcelona,2024-25,GK,34.0,1350,0,0,0,0,1,1,0
Xavier Moreno,Valladolid,2024-25,FW,19.0,45,0,0,0,0,0,0,0
Yan Diomandé,Leganés,2024-25,MF,17.0,545,2,1,11,14,23,14,8
Yangel Herrera,Girona,2024-25,MF,26.0,2257,4,3,39,17,19,66,31
Yarek Gasiorowski,Valencia,2024-25,DF,19.0,947,0,0,3,3,0,19,26
Yaser Asprilla,Girona,2024-25,FW,20.0,1405,3,1,38,24,29,22,7
Yeray Álvarez,Athletic Club,2024-25,DF,29.0,1781,1,0,9,4,6,25,34
Yeremi Pino,Villarreal,2024-25,MF,21.0,1934,4,7,29,37,25,60,8
Yoel Lago,Celta Vigo,2024-25,DF,20.0,583,0,1,0,1,3,12,4
Youssouf Sabaly,Betis,2024-25,DF,31.0,1581,0,1,5,11,8,40,13
Yuri Berchiche,Athletic Club,2024-25,DF,34.0,2044,0,2,16,18,6,33,27
Yvan Neyou,Leganés,2024-25,MF,27.0,2312,1,1,16,13,19,53,26
Álex Berenguer,Athletic Club,2024-25,FW,29.0,2339,6,7,51,46,33,32,10
Álex Muñoz,Las Palmas,2024-25,DF,30.0,1415,3,0,9,7,2,39,16
Álex Remiro,Real Sociedad,2024-25,GK,29.0,3240,0,0,0,1,0,1,0
Álex Suárez,Las Palmas,2024-25,DF,31.0,2460,0,0,6,3,0,40,13
Álvaro Aguado,Espanyol,2024-25,MF,28.0,443,0,1,10,4,5,5,4
Álvaro Fernández,Sevilla,2024-25,GK,26.0,747,0,0,0,1,0,0,0
Álvaro García,Rayo Vallecano,2024-25,FW,31.0,2559,4,5,71,50,10,33,32
Álvaro Odriozola,Real Sociedad,2024-25,DF,28.0,43,0,0,0,0,0,1,0
Álvaro Pascual,Sevilla,2024-25,FW,22.0,408,1,0,11,2,1,5,2
Álvaro Rodríguez,Getafe,2024-25,FW,20.0,852,2,0,25,5,16,10,3
Álvaro Tejero,Espanyol,2024-25,MF,28.0,1238,1,4,17,33,3,14,13
Álvaro djaló,Athletic Club,2024-25,FW,24.0,659,1,0,15,4,14,8,1
Ángel Correa,Atlético Madrid,2024-25,FW,29.0,805,4,1,34,14,13,9,4
Ángel Ortíz,Betis,2024-25,DF,20.0,353,0,1,2,3,4,12,5
Éder Militão,Real Madrid,2024-25,DF,26.0,938,1,1,10,6,5,19,12
Óscar Mingueza,Celta Vigo,2024-25,MF,25.0,2729,4,6,33,35,25,38,22
Óscar Rodríguez Arnaiz,Leganés,2024-25,MF,26.0,1330,1,4,33,19,21,32,20
Óscar Trejo,Rayo Vallecano,2024-25,MF,36.0,496,1,0,5,9,8,8,4
Óscar Valentín,Rayo Vallecano,2024-25,MF,29.0,1835,0,0,5,13,5,55,21
Óscar de Marcos,Athletic Club,2024-25,DF,35.0,1564,0,4,8,19,4,32,16
Ørjan Nyland,Sevilla,2024-25,GK,33.0,2673,0,0,0,4,0,3,0
