team,player,position,caps,club,club_elo,match_type
Uruguay,Fernando Muslera,GK,134,Estudiantes,1398.90234375,unmatched
Uruguay,Santiago Mele,GK,8,Monterrey,1620.0,curated
Uruguay,Sergio Rochet,GK,35,Internacional,1670.0,curated
Uruguay,Guillermo Varela,DF,28,Flamengo,1800.0,curated
Uruguay,Ronald Araújo,DF,27,Barcelona,1951.58874512,exact
Uruguay,Sebastían Cáceres,DF,24,América,1640.0,curated
Uruguay,Matías Viña,DF,43,River Plate,1740.0,curated
Uruguay,Joaquín Piquerez,DF,19,Palmeiras,1790.0,curated
Uruguay,Maximiliano Araújo,DF,28,Sporting CP,1847.92749023,exact
Uruguay,Mathías Olivera,DF,35,Napoli,1780.29589844,exact
Uruguay,Santiago Bueno,DF,8,Wolverhampton Wanderers,1679.69335938,exact
Uruguay,José Giménez,DF,99,Atlético Madrid,1827.67541504,exact
Uruguay,Federico Valverde,MF,73,Real Madrid,1922.91210938,exact
Uruguay,Giorgian De Arrascaeta,MF,60,Flamengo,1800.0,curated
Uruguay,Rodrigo Bentancur,MF,74,Tottenham Hotspur,1777.30895996,exact
Uruguay,Manuel Ugarte,MF,36,Manchester United,1915.31604004,exact
Uruguay,Brian Rodríguez,MF,32,América,1640.0,curated
Uruguay,Rodrigo Zalazar,MF,8,Braga,1698.91113281,exact
Uruguay,Facundo Pellistri,MF,39,Panathinaikos,1546.63842773,exact
Uruguay,Emiliano Martínez,MF,10,Palmeiras,1790.0,curated
Uruguay,Juan Sanabria,MF,0,,1398.90234375,unmatched
Uruguay,Nicolas de la Cruz,MF,34,Flamengo,1800.0,curated
Uruguay,Rodrigo Aguirre,FW,10,UANL,1398.90234375,unmatched
Uruguay,Darwin Núñez,FW,38,Al-Hilal,1700.0,curated
Uruguay,Agustín Canobbio,FW,15,Fluminense,1700.0,curated
Uruguay,Federico Viñas,FW,11,Oviedo,1557.96911621,exact
Germany,Oliver Baumann,GK,13,TSG Hoffenheim,1700.35375977,exact
Germany,Manuel Neuer,GK,124,Bayern Munich,2000.87023926,exact
Germany,Alexander Nübel,GK,3,VfB Stuttgart,1763.83459473,exact
Germany,Jonathan Tah,DF,47,Bayern Munich,2000.87023926,exact
Germany,Waldemar Anton,DF,13,Borussia Dortmund,1834.76867676,exact
Germany,Antonio Rüdiger,DF,82,Real Madrid,1922.91210938,exact
Germany,David Raum,DF,37,RB Leipzig,1761.90344238,token
Germany,Nico Schlotterbeck,DF,27,Borussia Dortmund,1834.76867676,exact
Germany,Malick Thiaw,DF,5,Newcastle United,1837.53125,exact
Germany,Nathaniel Brown,DF,5,Eintracht Frankfurt,1663.77978516,exact
Germany,Nadiem Amiri,MF,11,Mainz 05,1671.92553711,token
Germany,Joshua Kimmich,MF,110,Bayern Munich,2000.87023926,exact
Germany,Leon Goretzka,MF,70,Bayern Munich,2000.87023926,exact
Germany,Pascal Groß,MF,18,Brighton & Hove Albion,1842.01049805,token
Germany,Florian Wirtz,MF,41,Liverpool,1910.79907227,exact
Germany,Felix Kalu Nmecha,MF,0,,1398.90234375,unmatched
Germany,Angelo Stiller,MF,8,VfB Stuttgart,1763.83459473,exact
Germany,Jamal Musiala,MF,42,Bayern Munich,2000.87023926,exact
Germany,Aleksandar Pavlović,MF,11,Bayern Munich,2000.87023926,exact
Germany,Assan Ouédraogo,MF,1,RB Leipzig,1761.90344238,token
Germany,Kai Havertz,FW,58,Arsenal,2063.75805664,exact
Germany,Leroy Sané,FW,76,Galatasaray,1684.27075195,exact
Germany,Deniz Undav,FW,9,VfB Stuttgart,1763.83459473,exact
Germany,Jamie Leweling,FW,5,VfB Stuttgart,1763.83459473,exact
Germany,Nick Woltemade,FW,11,Newcastle United,1837.53125,exact
Germany,Maximilian Beier,FW,9,Borussia Dortmund,1834.76867676,exact
Spain,David Raya,GK,13,Arsenal,2063.75805664,exact
Spain,Unai Simón,GK,58,Athletic Bilbao,1677.90075684,exact
Spain,Joan García,GK,2,Barcelona,1951.58874512,exact
Spain,Aymeric Laporte,DF,46,Athletic Bilbao,1677.90075684,exact
Spain,Cucurella,DF,0,,1398.90234375,unmatched
Spain,Alejandro Grimaldo,DF,0,,1398.90234375,unmatched
Spain,Pedro Porro,DF,18,Tottenham Hotspur,1777.30895996,exact
Spain,Eric García,DF,21,Barcelona,1951.58874512,exact
Spain,Marc Pubill,DF,2,Atlético Madrid,1827.67541504,exact
Spain,Pau Cubarsí,DF,12,Barcelona,1951.58874512,exact
Spain,Fabián Ruiz,MF,42,Paris Saint-Germain,1629.32714844,token
Spain,Marcos Llorente,MF,24,Atlético Madrid,1827.67541504,exact
Spain,Rodri,MF,62,Manchester City,1970.85388184,exact
Spain,Mikel Merino,MF,43,Arsenal,2063.75805664,exact
Spain,Dani Olmo,MF,50,Barcelona,1951.58874512,exact
Spain,Ferrán Torres,MF,57,Barcelona,1951.58874512,exact
Spain,Martín Zubimendi,MF,26,Arsenal,2063.75805664,exact
Spain,Pedri,MF,41,Barcelona,1951.58874512,exact
Spain,Pablo Gavira,MF,0,,1398.90234375,unmatched
Spain,Mikel Oyarzabal,MF,53,Real Sociedad,1669.46557617,exact
Spain,Álex Baena,MF,17,Atlético Madrid,1827.67541504,exact
Spain,Borja Iglesias,FW,8,Celta Vigo,1700.77734375,token
Spain,Yeremi Pino,FW,0,,1398.90234375,unmatched
Spain,Nico Williams,FW,30,Athletic Bilbao,1677.90075684,exact
Spain,Lamine Yamal,FW,25,Barcelona,1951.58874512,exact
Spain,Víctor Muñoz,FW,2,Osasuna,1650.25817871,exact
Paraguay,Gastón Olveira,GK,1,Olimpia,1560.0,curated
Paraguay,Roberto Fernández,GK,0,,1398.90234375,unmatched
Paraguay,Orlando Gill,GK,6,San Lorenzo,1398.90234375,unmatched
Paraguay,Fabián Balbuena,DF,48,Grêmio,1670.0,curated
Paraguay,Gustavo Gómez,DF,89,Palmeiras,1790.0,curated
Paraguay,Júnior Alonso,DF,71,Atlético Mineiro,1700.0,curated
Paraguay,Omar Alderete,DF,36,Sunderland,1735.93017578,exact
Paraguay,Juan Cáceres,DF,0,,1398.90234375,unmatched
Paraguay,Gustavo Velázquez,DF,13,Cerro Porteño,1560.0,curated
Paraguay,José Canale,DF,2,Lanús,1640.0,curated
Paraguay,Alexandro Maidana,DF,2,Talleres,1398.90234375,unmatched
Paraguay,Andrés Cubas,MF,33,Vancouver Whitecaps FC,1398.90234375,unmatched
Paraguay,Kaku,MF,33,Al Ain,1398.90234375,unmatched
Paraguay,Miguel Almirón,MF,76,Atlanta United FC,1398.90234375,unmatched
Paraguay,Mauricio,MF,3,Palmeiras,1790.0,curated
Paraguay,Braian Ojeda,MF,17,Orlando City SC,1398.90234375,unmatched
Paraguay,Matías Galarza,MF,15,Atlanta United FC,1398.90234375,unmatched
Paraguay,Damian Bobadilla,MF,19,São Paulo,1690.0,curated
Paraguay,Diego Gómez,MF,24,Brighton & Hove Albion,1842.01049805,token
Paraguay,Antonio Sanabria,FW,48,Cremonese,1531.55664062,exact
Paraguay,Gabriel Ávalos,FW,23,Independiente,1398.90234375,unmatched
Paraguay,Isidro Pitta,FW,5,Red Bull Bragantino,1398.90234375,unmatched
Paraguay,Ramón Sosa,FW,29,Palmeiras,1790.0,curated
Paraguay,Julio Enciso,FW,32,Strasbourg,1710.80419922,exact
Paraguay,Gustavo Caballero,FW,2,Portsmouth,1499.31567383,exact
Paraguay,Alex Arce,FW,15,Independiente Rivadavia,1398.90234375,unmatched
Argentina,Géronimo Rulli,GK,7,Marseille,1716.74267578,exact
Argentina,Emiliano Martínez,GK,59,Aston Villa,1920.97021484,exact
Argentina,Juan Musso,GK,4,Atlético Madrid,1827.67541504,exact
Argentina,Nicolás Otamendi,DF,131,Benfica,1823.50866699,exact
Argentina,Nicolás Tagliafico,DF,76,Lyon,1731.61779785,exact
Argentina,Gonzalo Montiel,DF,38,River Plate,1740.0,curated
Argentina,Christian Romero,DF,0,,1398.90234375,unmatched
Argentina,Facundo Medina,DF,8,Marseille,1716.74267578,exact
Argentina,Lisandro Martínez,DF,27,Manchester United,1915.31604004,exact
Argentina,Nahuel Molina,DF,58,Atlético Madrid,1827.67541504,exact
Argentina,Leonardo Balerdi,DF,0,,1398.90234375,unmatched
Argentina,Valentin Barco,DF,3,Strasbourg,1710.80419922,exact
Argentina,Rodrigo de Paul,MF,86,Inter Miami CF,1560.0,curated
Argentina,Leandro Paredes,MF,77,Boca Juniors,1720.0,curated
Argentina,Giovani Lo Celso,MF,66,Real Betis,1747.13110352,exact
Argentina,Exequiel Palacios,MF,39,Bayer Leverkusen,1804.02624512,exact
Argentina,Alexis Mac Allister,MF,45,Liverpool,1910.79907227,exact
Argentina,Thiago Almada,MF,15,Atlético Madrid,1827.67541504,exact
Argentina,Enzo Fernández,MF,41,Chelsea,1831.1036377,exact
Argentina,Nico Paz,MF,8,Como,1760.02868652,exact
Argentina,Lionel Messi,FW,198,Inter Miami CF,1560.0,curated
Argentina,Lautaro Martínez,FW,76,Inter Milan,1888.60229492,exact
Argentina,Nicolás González,FW,50,Atlético Madrid,1827.67541504,exact
Argentina,Julián Álvarez,FW,51,Atlético Madrid,1827.67541504,exact
Argentina,José Manuel López,FW,4,Palmeiras,1790.0,curated
Argentina,Giuliano Simeone,FW,12,Atlético Madrid,1827.67541504,exact
Ghana,Lawrence Ati-Zigi,GK,29,St. Gallen,1469.69946289,fuzzy
Ghana,Joseph Anang,GK,1,St Patrick's Athletic,1398.90234375,unmatched
Ghana,Benjamin Asare,GK,11,Hearts of Oak,1473.26843262,token
Ghana,Abdul Rahman Baba,DF,51,PAOK,1605.57592773,exact
Ghana,Derrick Luckassen,DF,1,Pafos,1398.90234375,unmatched
Ghana,Gideon Mensah,DF,40,Auxerre,1624.1114502,exact
Ghana,Abdul Mumin,DF,5,Rayo Vallecano,1707.34008789,exact
Ghana,Jerome Opoku,DF,11,İstanbul Başakşehir,1398.90234375,unmatched
Ghana,Alidu Seidu,DF,24,Rennes,1716.11865234,exact
Ghana,Marvin Senaya,DF,2,Auxerre,1624.1114502,exact
Ghana,Jonas Adjei Adjetey,DF,0,,1398.90234375,unmatched
Ghana,Kojo Peprah Oppong,DF,4,Nice,1582.37231445,exact
Ghana,Thomas Partey,MF,57,Villarreal,1759.34521484,exact
Ghana,Elisha Owusu,MF,20,Auxerre,1624.1114502,exact
Ghana,Kwasi Sibo,MF,8,Oviedo,1557.96911621,exact
Ghana,Augustine Boakye,MF,0,Saint-Étienne,1507.84033203,exact
Ghana,Caleb Yirenkyi,MF,11,Nordsjælland,1541.78027344,fuzzy
Ghana,Antoine Semenyo,FW,34,Manchester City,1970.85388184,exact
Ghana,Brandon Thomas-Asante,FW,8,Coventry City,1661.4777832,token
Ghana,Jordan Ayew,FW,120,Leicester City,1503.45812988,token
Ghana,Iñaki Williams,FW,26,Athletic Bilbao,1677.90075684,exact
Ghana,Kamal Deen Sulemana,FW,0,,1398.90234375,unmatched
Ghana,Ernest Nuamah,FW,18,Lyon,1731.61779785,exact
Ghana,Abdul Issahaku,FW,0,,1398.90234375,unmatched
Ghana,Christopher Bonsu Baah,FW,9,Al-Qadsiah,1398.90234375,unmatched
Ghana,Prince Adu,FW,0,,1398.90234375,unmatched
Brazil,Weverton,GK,11,Grêmio,1670.0,curated
Brazil,Alisson Becker,GK,0,,1398.90234375,unmatched
Brazil,Ederson,GK,0,,1398.90234375,unmatched
Brazil,Roger Ibañez,DF,7,Al-Ahli,1640.0,curated
Brazil,Bremer,DF,8,Juventus,1772.25634766,exact
Brazil,Alex Sandro,DF,45,Flamengo,1800.0,curated
Brazil,Marquinhos,DF,105,Paris Saint-Germain,1629.32714844,token
Brazil,Douglas Santos,DF,7,Zenit Saint Petersburg,1657.19775391,token
Brazil,Danilo Luiz da Silva,DF,0,,1398.90234375,unmatched
Brazil,Léo Pereira,DF,4,Flamengo,1800.0,curated
Brazil,Gabriel Magalhães,DF,17,Arsenal,2063.75805664,exact
Brazil,Wesley,DF,0,,1398.90234375,unmatched
Brazil,Lucas Paquetá,MF,63,Flamengo,1800.0,curated
Brazil,Bruno Guimarães,MF,43,Newcastle United,1837.53125,exact
Brazil,Casemiro,MF,86,Manchester United,1915.31604004,exact
Brazil,Fabinho,MF,33,Al-Ittihad,1630.0,curated
Brazil,Danilo dos Santos de Oliveira,MF,0,,1398.90234375,unmatched
Brazil,Vinicius Junior,FW,49,Real Madrid,1922.91210938,exact
Brazil,Neymar,FW,128,Santos,1398.90234375,unmatched
Brazil,Matheus Cunha,FW,23,Manchester United,1915.31604004,exact
Brazil,Raphinha,FW,39,Barcelona,1951.58874512,exact
Brazil,Martinelli,FW,0,,1398.90234375,unmatched
Brazil,Thiago,FW,0,,1398.90234375,unmatched
Brazil,Luiz Henrique,FW,15,Zenit Saint Petersburg,1657.19775391,token
Brazil,Endrick,FW,17,Lyon,1731.61779785,exact
Brazil,Rayan,FW,2,Bournemouth,1871.97009277,exact
Portugal,José Sá,GK,5,Wolverhampton Wanderers,1679.69335938,exact
Portugal,Rui Silva,GK,3,Sporting CP,1847.92749023,exact
Portugal,Diogo Costa,GK,42,Porto,1805.9453125,exact
Portugal,João Cancelo,DF,67,Barcelona,1951.58874512,exact
Portugal,Rúben Dias,DF,75,Manchester City,1970.85388184,exact
Portugal,Nélson Semedo,DF,49,Fenerbahçe,1655.55847168,exact
Portugal,Diogo Dalot,DF,34,Manchester United,1915.31604004,exact
Portugal,Matheus Nunes,DF,19,Manchester City,1970.85388184,exact
Portugal,Nuno Mendes,DF,43,Paris Saint-Germain,1629.32714844,token
Portugal,Gonçalo Inácio,DF,21,Sporting CP,1847.92749023,exact
Portugal,Tomas Araujo,DF,4,Benfica,1823.50866699,exact
Portugal,Renato Veiga,DF,12,Villarreal,1759.34521484,exact
Portugal,Bernardo Silva,MF,108,Manchester City,1970.85388184,exact
Portugal,Rúben Neves,MF,66,Al-Hilal,1700.0,curated
Portugal,Bruno Fernandes,MF,88,Manchester United,1915.31604004,exact
Portugal,Gonçalo Guedes,MF,34,Real Sociedad,1669.46557617,exact
Portugal,Samuel Almeida Costa,MF,0,,1398.90234375,unmatched
Portugal,Vitinha,MF,37,Paris Saint-Germain,1629.32714844,token
Portugal,Joao Neves,MF,21,Paris Saint-Germain,1629.32714844,token
Portugal,Cristiano Ronaldo,FW,227,Al-Nassr,1640.0,curated
Portugal,Pedro Neto,FW,24,Chelsea,1831.1036377,exact
Portugal,Rafael Leão,FW,44,Milan,1750.04211426,exact
Portugal,Trincão,FW,0,,1398.90234375,unmatched
Portugal,João Félix,FW,53,Al-Nassr,1640.0,curated
Portugal,Gonçalo Ramos,FW,24,Paris Saint-Germain,1629.32714844,token
Portugal,Francisco Conceição,FW,16,Juventus,1772.25634766,exact
Japan,Keisuke Ōsako,GK,11,Sanfrecce Hiroshima,1398.90234375,unmatched
Japan,Zion Suzuki,GK,24,Parma,1599.93127441,exact
Japan,Tomoki Hayakawa,GK,4,Kashima Antlers,1398.90234375,unmatched
Japan,Yūto Nagatomo,DF,145,FC Tokyo,1398.90234375,unmatched
Japan,Takehiro Tomiyasu,DF,43,Ajax,1578.02783203,exact
Japan,Hiroki Ito,DF,24,Bayern Munich,2000.87023926,exact
Japan,Yukinari Sugawara,DF,21,Werder Bremen,1606.01928711,token
Japan,Ko Itakura,DF,40,Ajax,1578.02783203,exact
Japan,Shogo Taniguchi,DF,38,Sint-Truiden,1554.60766602,fuzzy
Japan,Ayumu Seko,DF,14,Le Havre,1580.06860352,exact
Japan,Tsuyoshi Watanabe,DF,11,Feyenoord,1602.56091309,exact
Japan,Junnosuke Suzuki,DF,6,Copenhagen,1398.90234375,unmatched
Japan,Wataru Endō,MF,73,Liverpool,1910.79907227,exact
Japan,Daichi Kamada,MF,49,Crystal Palace,1803.82470703,exact
Japan,Takefusa Kubo,MF,49,Real Sociedad,1669.46557617,exact
Japan,Keito Nakamura,MF,25,Reims,1541.97412109,exact
Japan,Ao Tanaka,MF,38,Leeds United,1797.38867188,token
Japan,Kaishu Sano,MF,13,Mainz 05,1671.92553711,token
Japan,Yuito Suzuki,MF,6,SC Freiburg,1724.91308594,exact
Japan,Ritsu Doan,FW,65,Eintracht Frankfurt,1663.77978516,exact
Japan,Daizen Maeda,FW,27,Celtic,1575.15283203,exact
Japan,Koki Ogawa,FW,15,NEC,1398.90234375,unmatched
Japan,Junya Ito,FW,69,Genk,1581.32556152,exact
Japan,Ayase Ueda,FW,39,Feyenoord,1602.56091309,exact
Japan,Kento Shiogai,FW,2,VfL Wolfsburg,1599.56982422,exact
Japan,Keisuke Goto,FW,4,Sint-Truiden,1554.60766602,fuzzy
Mexico,Guillermo Ochoa,GK,152,AEL Limassol,1398.90234375,unmatched
Mexico,Carlos Acevedo,GK,7,Santos Laguna,1398.90234375,unmatched
Mexico,José Rangel,GK,0,,1398.90234375,unmatched
Mexico,Jesús Gallardo,DF,121,Toluca,1590.0,curated
Mexico,César Montes,DF,67,Lokomotiv Moscow,1398.90234375,unmatched
Mexico,Johan Vásquez,DF,46,Genoa,1618.22717285,exact
Mexico,Jorge Sánchez,DF,59,PAOK,1605.57592773,exact
Mexico,Israel Reyes,DF,34,América,1640.0,curated
Mexico,Mateo Chávez,DF,10,AZ,1398.90234375,unmatched
Mexico,Edson Álvarez,MF,98,Fenerbahçe,1655.55847168,exact
Mexico,Orbelín Pineda,MF,92,AEK Athens,1640.65869141,token
Mexico,Luis Chávez,MF,45,Dynamo Moscow,1398.90234375,unmatched
Mexico,Luis Romo,MF,63,Guadalajara,1600.0,curated
Mexico,Erik Lira,MF,25,Cruz Azul,1600.0,curated
Mexico,Álvaro Fidalgo,MF,4,Real Betis,1747.13110352,exact
Mexico,Brian Gutiérrez,MF,7,Guadalajara,1600.0,curated
Mexico,Obed Vargas,MF,6,Atlético Madrid,1827.67541504,exact
Mexico,Gilberto Mora,MF,8,Tijuana,1398.90234375,unmatched
Mexico,Raúl Jiménez,FW,124,Fulham,1813.09570312,exact
Mexico,Julián Quiñones,FW,22,Al-Qadsiah,1398.90234375,unmatched
Mexico,Roberto Alvarado,FW,67,Guadalajara,1600.0,curated
Mexico,Santiago Giménez,FW,47,Milan,1750.04211426,exact
Mexico,Alexis Vega,FW,52,Toluca,1590.0,curated
Mexico,Guillermo Martínez,FW,12,Pumas,1398.90234375,unmatched
Mexico,César Huerta,FW,26,Anderlecht,1523.74475098,exact
Mexico,Armando González,FW,7,Guadalajara,1600.0,curated
England,Jordan Pickford,GK,83,Everton,1803.43078613,exact
England,Dean Henderson,GK,4,Crystal Palace,1803.82470703,exact
England,James Trafford,GK,2,Manchester City,1970.85388184,exact
England,John Stones,DF,88,Manchester City,1970.85388184,exact
England,Dan Burn,DF,7,Newcastle United,1837.53125,exact
England,Ezri Konsa,DF,19,Aston Villa,1920.97021484,exact
England,Reece James,DF,23,Chelsea,1831.1036377,exact
England,Djed Spence,DF,5,Tottenham Hotspur,1777.30895996,exact
England,Marc Guéhi,DF,28,Manchester City,1970.85388184,exact
England,Valentino Livramento,DF,0,,1398.90234375,unmatched
England,Jarell Quansah,DF,2,Bayer Leverkusen,1804.02624512,exact
England,Nico O'Reilly,DF,4,Manchester City,1970.85388184,exact
England,Jordan Henderson,MF,90,Brentford,1836.59033203,exact
England,Eberechi Eze,MF,16,Arsenal,2063.75805664,exact
England,Anthony Gordon,MF,18,Newcastle United,1837.53125,exact
England,Declan Rice,MF,72,Arsenal,2063.75805664,exact
England,Morgan Rogers,MF,14,Aston Villa,1920.97021484,exact
England,Elliot Anderson,MF,8,Nottingham Forest,1822.17028809,exact
England,Jude Bellingham,MF,47,Real Madrid,1922.91210938,exact
England,Kobbie Mainoo,MF,13,Manchester United,1915.31604004,exact
England,Marcus Rashford,FW,71,Barcelona,1951.58874512,exact
England,Ollie Watkins,FW,21,Aston Villa,1920.97021484,exact
England,Ivan Toney,FW,8,Al-Ahli,1640.0,curated
England,Harry Kane,FW,113,Bayern Munich,2000.87023926,exact
England,Bukayo Saka,FW,48,Arsenal,2063.75805664,exact
England,Noni Madueke,FW,10,Arsenal,2063.75805664,exact
United States,Matt Turner,GK,54,New England Revolution,1398.90234375,unmatched
United States,Matt Freese,GK,15,New York City FC,1398.90234375,unmatched
United States,Chris Brady,GK,1,Chicago Fire FC,1398.90234375,unmatched
United States,Antonee Robinson,DF,54,Fulham,1813.09570312,exact
United States,Tim Ream,DF,82,Charlotte FC,1398.90234375,unmatched
United States,Miles Robinson,DF,40,FC Cincinnati,1398.90234375,unmatched
United States,Auston Trusty,DF,8,Celtic,1575.15283203,exact
United States,Mark McKenzie,DF,29,Toulouse,1654.22607422,exact
United States,Joseph Scally,DF,0,,1398.90234375,unmatched
United States,Sergiño Dest,DF,39,PSV Eindhoven,1759.13476562,exact
United States,Chris Richards,DF,36,Crystal Palace,1803.82470703,exact
United States,Alex Freeman,DF,17,Villarreal,1759.34521484,exact
United States,Weston McKennie,MF,66,Juventus,1772.25634766,exact
United States,Alejandro Zendejas,MF,14,América,1640.0,curated
United States,Cristian Roldan,MF,47,Seattle Sounders FC,1520.0,curated
United States,Tyler Adams,MF,54,Bournemouth,1871.97009277,exact
United States,Brenden Aaronson,MF,58,Leeds United,1797.38867188,token
United States,Gio Reyna,MF,0,,1398.90234375,unmatched
United States,Sebastian Berhalter,MF,13,Vancouver Whitecaps FC,1398.90234375,unmatched
United States,Malik Tillman,MF,30,Bayer Leverkusen,1804.02624512,exact
United States,Christian Pulisic,FW,86,Milan,1750.04211426,exact
United States,Tim Weah,FW,0,,1398.90234375,unmatched
United States,Haji Wright,FW,20,Coventry City,1661.4777832,token
United States,Ricardo Pepi,FW,37,PSV Eindhoven,1759.13476562,exact
United States,Folarin Balogun,FW,27,Monaco,1717.51818848,exact
United States,Max Arfsten,FW,20,Columbus Crew,1520.0,curated
South Korea,Seung-Gyu Kim,GK,87,FC Tokyo,1398.90234375,unmatched
South Korea,Bum-keun Song,GK,3,Jeonbuk Hyundai Motors,1550.0,curated
South Korea,Hyeon-woo Jo,GK,48,Ulsan HD,1560.0,curated
South Korea,Min-Jae Kim,DF,79,Bayern Munich,2000.87023926,exact
South Korea,Moon-hwan Kim,DF,35,Daejeon Hana Citizen,1398.90234375,unmatched
South Korea,Han-bum Lee,DF,0,,1398.90234375,unmatched
South Korea,Young-woo Seol,DF,34,Red Star Belgrade,1586.15527344,exact
South Korea,Jin-seob Park,DF,14,Zhejiang,1398.90234375,unmatched
South Korea,Tae-hyeon Kim,DF,7,Kashima Antlers,1398.90234375,unmatched
South Korea,Gi-hyuk Lee,DF,3,Gangwon FC,1398.90234375,unmatched
South Korea,Tae-seok Lee,DF,15,Austria Wien,1398.9432373,exact
South Korea,Cho Wi-Je,DF,1,Jeonbuk Hyundai Motors,1550.0,curated
South Korea,Jens Castrop,MF,7,Borussia Mönchengladbach,1640.84313965,exact
South Korea,In-beom Hwang,MF,73,Feyenoord,1602.56091309,exact
South Korea,Dong-gyeong Lee,MF,18,Ulsan HD,1560.0,curated
South Korea,Jae-sung Lee,MF,105,Mainz 05,1671.92553711,token
South Korea,Jin-Gyu Kim,MF,22,Jeonbuk Hyundai Motors,1550.0,curated
South Korea,Seung-Ho Paik,MF,27,Birmingham City,1507.06591797,token
South Korea,Kang-in Lee,MF,47,Paris Saint-Germain,1629.32714844,token
South Korea,Joon-ho Bae,MF,0,,1398.90234375,unmatched
South Korea,Hwang Heechan,FW,0,,1398.90234375,unmatched
South Korea,Heung-min Son,FW,144,Los Angeles FC,1398.90234375,unmatched
South Korea,Hyun-jun Yang,FW,9,Celtic,1575.15283203,exact
South Korea,Gue-Sung Cho,FW,44,Midtjylland,1687.3840332,exact
South Korea,Hyun-Gyu Oh,FW,0,,1398.90234375,unmatched
South Korea,Ji-sung Eom,FW,9,Swansea City,1536.28552246,token
France,Brice Samba,GK,4,Rennes,1716.11865234,exact
France,Mike Maignan,GK,40,Milan,1750.04211426,exact
France,Robin Risser,GK,0,Lens,1767.04321289,exact
France,Theo Hernández,DF,44,Al-Hilal,1700.0,curated
France,Lucas Digne,DF,58,Aston Villa,1920.97021484,exact
France,Lucas Hernández,DF,42,Paris Saint-Germain,1629.32714844,token
France,Jules Koundé,DF,48,Barcelona,1951.58874512,exact
France,Dayot Upamecano,DF,38,Bayern Munich,2000.87023926,exact
France,Ibrahima Konaté,DF,28,Liverpool,1910.79907227,exact
France,William Saliba,DF,32,Arsenal,2063.75805664,exact
France,Maxence Lacroix,DF,4,Crystal Palace,1803.82470703,exact
France,Malo Gusto,DF,11,Chelsea,1831.1036377,exact
France,N'Golo Kanté,MF,69,Fenerbahçe,1655.55847168,exact
France,Adrien Rabiot,MF,59,Milan,1750.04211426,exact
France,Aurélien Tchouameni,MF,46,Real Madrid,1922.91210938,exact
France,Manu Koné,MF,14,Roma,1793.45080566,exact
France,Rayan Cherki,MF,7,Manchester City,1970.85388184,exact
France,Maghnes Akliouche,MF,9,Monaco,1717.51818848,exact
France,Desire Doue,MF,7,Paris Saint-Germain,1629.32714844,token
France,Warren Zaïre-Emery,MF,11,Paris Saint-Germain,1629.32714844,token
France,Jean-Philippe Mateta,FW,4,Crystal Palace,1803.82470703,exact
France,Ousmane Dembélé,FW,59,Paris Saint-Germain,1629.32714844,token
France,Kylian Mbappé,FW,98,Real Madrid,1922.91210938,exact
France,Marcus Thuram-Ulien,FW,0,,1398.90234375,unmatched
France,Michael Olise,FW,17,Bayern Munich,2000.87023926,exact
France,Bradley Barcola,FW,20,Paris Saint-Germain,1629.32714844,token
South Africa,Ronwen Williams,GK,62,Mamelodi Sundowns,1580.0,curated
South Africa,Sipho Chaine,GK,3,Orlando Pirates,1520.0,curated
South Africa,Ricardo Goss,GK,4,Siwelele,1398.90234375,unmatched
South Africa,Aubrey Modiba,DF,44,Mamelodi Sundowns,1580.0,curated
South Africa,Nkosinathi Sibisi,DF,19,Orlando Pirates,1520.0,curated
South Africa,Khuliso Mudau,DF,32,Mamelodi Sundowns,1580.0,curated
South Africa,Olwethu Makhanya,DF,0,Philadelphia Union,1500.0,curated
South Africa,Bradley Cross,DF,0,Kaizer Chiefs,1480.0,curated
South Africa,Samukelo Kabini,DF,0,,1398.90234375,unmatched
South Africa,Ime Okon,DF,7,Hannover 96,1527.87036133,token
South Africa,Mbekezeli Mbokazi,DF,10,Chicago Fire FC,1398.90234375,unmatched
South Africa,Khulumani Ndamane,DF,5,Mamelodi Sundowns,1580.0,curated
South Africa,Tholo Matuludi,DF,0,,1398.90234375,unmatched
South Africa,Themba Zwane,MF,53,Mamelodi Sundowns,1580.0,curated
South Africa,Teboho Mokoena,MF,51,Mamelodi Sundowns,1580.0,curated
South Africa,Sphephelo Sithole,MF,27,Tondela,1399.9251709,exact
South Africa,Jayden Adams,MF,4,Mamelodi Sundowns,1580.0,curated
South Africa,Thapelo Maseko,MF,9,AEL Limassol,1398.90234375,unmatched
South Africa,Thalente Mbatha,MF,14,Orlando Pirates,1520.0,curated
South Africa,Kamogelo Sebelebele,MF,2,Orlando Pirates,1520.0,curated
South Africa,Lyle Foster,FW,26,Burnley,1666.33679199,exact
South Africa,Oswin Appollis,FW,25,Orlando Pirates,1520.0,curated
South Africa,Iqraam Rayners,FW,13,Mamelodi Sundowns,1580.0,curated
South Africa,Evidence Makgopa,FW,26,Orlando Pirates,1520.0,curated
South Africa,Relebohile Mofokeng,FW,12,Orlando Pirates,1520.0,curated
South Africa,Tshepang Moremi,FW,9,Orlando Pirates,1520.0,curated
Algeria,Luca Zidane,GK,7,Granada,1461.25671387,exact
Algeria,Oussama Benbout,GK,0,,1398.90234375,unmatched
Algeria,Melvin Mastil,GK,1,Stade Nyonnais,1398.90234375,unmatched
Algeria,Aïssa Mandi,DF,117,Lille,1743.7088623,exact
Algeria,Rayan Aït Nouri,DF,28,Manchester City,1970.85388184,exact
Algeria,Ramy Bensebaini,DF,81,Borussia Dortmund,1834.76867676,exact
Algeria,Samir Chergui,DF,4,Paris FC,1629.32714844,exact
Algeria,Jaouen Hadjam,DF,17,Young Boys,1431.359375,exact
Algeria,Rafik Belghali,DF,12,Hellas Verona,1502.5567627,token
Algeria,Zinédine Belaïd,DF,0,,1398.90234375,unmatched
Algeria,Amine Tougai,DF,0,,1398.90234375,unmatched
Algeria,Achref Abada,DF,7,USM Alger,1398.90234375,unmatched
Algeria,Nabil Bentaleb,MF,59,Lille,1743.7088623,exact
Algeria,Houssem Aouar,MF,20,Al-Ittihad,1630.0,curated
Algeria,Hicham Boudaoui,MF,32,Nice,1582.37231445,exact
Algeria,Ramiz Zerrouki,MF,52,Twente,1567.7479248,exact
Algeria,Fares Chaïbi,MF,29,Eintracht Frankfurt,1663.77978516,exact
Algeria,Ibrahim Maza,MF,16,Bayer Leverkusen,1804.02624512,exact
Algeria,Yacine Titraoui,MF,5,Charleroi,1504.99682617,exact
Algeria,Adil Boulbina,MF,11,Al-Duhail,1398.90234375,unmatched
Algeria,Riyad Mahrez,FW,114,Al-Ahli,1640.0,curated
Algeria,Amine Gouiri,FW,22,Marseille,1716.74267578,exact
Algeria,Mohammed Amoura,FW,0,,1398.90234375,unmatched
Algeria,Nadhir Benbouali,FW,3,Győri ETO,1398.90234375,unmatched
Algeria,Anis Moussa,FW,0,,1398.90234375,unmatched
Algeria,Farés Ghedjemis,FW,1,Frosinone,1564.72619629,exact
Australia,Maty Ryan,GK,0,,1398.90234375,unmatched
Australia,Paul Izzo,GK,4,Randers,1432.48901367,exact
Australia,Patrick Beach,GK,2,Melbourne City,1398.90234375,unmatched
Australia,Aziz Behich,DF,84,Melbourne City,1398.90234375,unmatched
Australia,Miloš Degenek,DF,57,APOEL,1398.90234375,unmatched
Australia,Kai Trewin,DF,6,New York City FC,1398.90234375,unmatched
Australia,Jacob Italiano,DF,5,Grazer AK,1398.90234375,unmatched
Australia,Cameron Burgess,DF,27,Swansea City,1536.28552246,token
Australia,Harry Souttar,DF,38,Leicester City,1503.45812988,token
Australia,Jason Geria,DF,14,Albirex Niigata,1398.90234375,unmatched
Australia,Jordan Bos,DF,27,Feyenoord,1602.56091309,exact
Australia,Alessandro Circati,DF,13,Parma,1599.93127441,exact
Australia,Lucas Herrington,DF,4,Colorado Rapids,1398.90234375,unmatched
Australia,Mathew Leckie,MF,80,Melbourne City,1398.90234375,unmatched
Australia,Jackson Irvine,MF,82,FC St. Pauli,1532.94165039,exact
Australia,Connor Metcalfe,MF,36,FC St. Pauli,1532.94165039,exact
Australia,Ajdin Hrustic,MF,37,Heracles Almelo,1280.49194336,token
Australia,Aiden O'Neill,MF,31,New York City FC,1398.90234375,unmatched
Australia,Awer Mabil,MF,38,Castellón,1546.32910156,exact
Australia,Cameron Devlin,MF,0,,1398.90234375,unmatched
Australia,Paul Okon-Engstler,MF,6,Sydney FC,1398.90234375,unmatched
Australia,Mohamed Toure,FW,10,Norwich City,1560.36120605,token
Australia,Nishan Velupillay,FW,7,Melbourne Victory,1398.90234375,unmatched
Australia,Cristian Volpato,FW,1,Sassuolo,1622.01721191,exact
Australia,Nestor Irankunda,FW,0,,1398.90234375,unmatched
Australia,Tete Yengi,FW,1,Machida Zelvia,1398.90234375,unmatched
New Zealand,Max Crocombe,GK,24,Millwall,1604.41845703,exact
New Zealand,Michael Woud,GK,6,Auckland FC,1398.90234375,unmatched
New Zealand,Alex Paulsen,GK,8,Lechia Gdańsk,1396.66125488,token
New Zealand,Liberato Cacace,DF,37,Wrexham,1527.45922852,exact
New Zealand,Tommy Smith,DF,56,Braintree Town,1398.90234375,unmatched
New Zealand,Michael Boxall,DF,63,Minnesota United FC,1398.90234375,unmatched
New Zealand,Francis De Vries,DF,20,Auckland FC,1398.90234375,unmatched
New Zealand,Callan Elliot,DF,11,Auckland FC,1398.90234375,unmatched
New Zealand,Tim Payne,DF,51,Wellington Phoenix,1398.90234375,unmatched
New Zealand,Nando Pijnaker,DF,25,Auckland FC,1398.90234375,unmatched
New Zealand,Finn Surman,DF,19,Portland Timbers,1398.90234375,unmatched
New Zealand,Tyler Bindon,DF,25,Sheffield United,1546.58068848,exact
New Zealand,Alex Rufer,MF,26,Wellington Phoenix,1398.90234375,unmatched
New Zealand,Sarpreet Singh,MF,28,Wellington Phoenix,1398.90234375,unmatched
New Zealand,Ryan Thomas,MF,25,PEC Zwolle,1389.3717041,token
New Zealand,Callum McCowatt,MF,32,Silkeborg,1445.33203125,exact
New Zealand,Joe Bell,MF,32,Viking,1631.9107666,exact
New Zealand,Marko Stamenic,MF,39,Swansea City,1536.28552246,token
New Zealand,Ben Old,MF,24,Saint-Étienne,1507.84033203,exact
New Zealand,Kosta Barbarouses,FW,76,Western Sydney Wanderers,1398.90234375,unmatched
New Zealand,Chris Wood,FW,90,Nottingham Forest,1822.17028809,exact
New Zealand,Ben Waine,FW,31,Port Vale,1398.90234375,unmatched
New Zealand,Elijah Just,FW,44,Motherwell,1389.7043457,exact
New Zealand,Matthew Garbett,FW,37,Peterborough United,1398.90234375,unmatched
New Zealand,Lachlan Bayliss,FW,4,Newcastle Jets,1837.53125,token
New Zealand,Jesse Randall,FW,11,Auckland FC,1398.90234375,unmatched
Switzerland,Gregor Kobel,GK,21,Borussia Dortmund,1834.76867676,exact
Switzerland,Yvon Mvogo,GK,13,Lorient,1639.05737305,exact
Switzerland,Marvin Keller,GK,1,Young Boys,1431.359375,exact
Switzerland,Manuel Akanji,DF,81,Inter Milan,1888.60229492,exact
Switzerland,Ricardo Rodriguez,DF,138,Real Betis,1747.13110352,exact
Switzerland,Silvan Widmer,DF,60,Mainz 05,1671.92553711,token
Switzerland,Nico Elvedi,DF,67,Borussia Mönchengladbach,1640.84313965,exact
Switzerland,Eray Cömert,DF,22,Valencia,1697.41503906,exact
Switzerland,Miro Muheim,DF,10,Hamburger SV,1602.1472168,fuzzy
Switzerland,Aurele Amenda,DF,7,Eintracht Frankfurt,1663.77978516,exact
Switzerland,Luca Jaquez,DF,3,VfB Stuttgart,1763.83459473,exact
Switzerland,Remo Freuler,MF,88,Bologna,1701.2779541,exact
Switzerland,Granit Xhaka,MF,146,Sunderland,1735.93017578,exact
Switzerland,Denis Zakaria,MF,65,Monaco,1717.51818848,exact
Switzerland,Michel Aebischer,MF,40,Pisa,1455.70288086,exact
Switzerland,Djibril Sow,MF,52,Sevilla,1625.92346191,exact
Switzerland,Christian Fassnacht,MF,23,Young Boys,1431.359375,exact
Switzerland,Ruben Vargas,MF,61,Sevilla,1625.92346191,exact
Switzerland,Ardon Jasari,MF,0,,1398.90234375,unmatched
Switzerland,Fabian Rieder,MF,28,FC Augsburg,1636.44641113,exact
Switzerland,Johan Manzambi,MF,12,SC Freiburg,1724.91308594,exact
Switzerland,Breel Embolo,FW,86,Rennes,1716.11865234,exact
Switzerland,Noah Okafor,FW,25,Leeds United,1797.38867188,token
Switzerland,Cédric Itten,FW,15,Fortuna Düsseldorf,1398.90234375,unmatched
Switzerland,Dan Ndoye,FW,31,Nottingham Forest,1822.17028809,exact
Switzerland,Zeki Amdouni,FW,29,Burnley,1666.33679199,exact
Ecuador,Hernán Galíndez,GK,35,Huracán,1398.90234375,unmatched
Ecuador,Gonzalo Valle,GK,4,LDU Quito,1650.0,curated
Ecuador,Moisés Ramírez,GK,7,Kifisia,1289.7779541,fuzzy
Ecuador,Ángelo Preciado,DF,55,Atlético Mineiro,1700.0,curated
Ecuador,Félix Torres,DF,49,Internacional,1670.0,curated
Ecuador,Pervis Estupiñán,DF,54,Milan,1750.04211426,exact
Ecuador,William Pacho,DF,0,,1398.90234375,unmatched
Ecuador,Jackson Porozo,DF,10,Tijuana,1398.90234375,unmatched
Ecuador,Piero Hincapié,DF,52,Arsenal,2063.75805664,exact
Ecuador,Joel Ordoñez,DF,17,Club Brugge,1757.43859863,exact
Ecuador,Yaimar Medina,DF,6,Genk,1581.32556152,exact
Ecuador,Alan Franco,MF,58,Atlético Mineiro,1700.0,curated
Ecuador,Jordy Alcívar,MF,11,Independiente del Valle,1660.0,curated
Ecuador,Gonzalo Plata,MF,50,Flamengo,1800.0,curated
Ecuador,Moisés Caicedo,MF,61,Chelsea,1831.1036377,exact
Ecuador,Pedro Vite,MF,17,UNAM,1398.90234375,unmatched
Ecuador,Alan Minda,MF,20,Atlético Mineiro,1700.0,curated
Ecuador,Ray Paez,MF,0,,1398.90234375,unmatched
Ecuador,Denil Castillo,MF,5,Midtjylland,1687.3840332,exact
Ecuador,Jordy Caicedo,FW,20,Huracán,1398.90234375,unmatched
Ecuador,Enner Valencia,FW,105,Pachuca,1398.90234375,unmatched
Ecuador,John Yeboah,FW,23,Venezia,1598.84899902,exact
Ecuador,Anthony Valencia,FW,3,Antwerp,1480.32495117,exact
Ecuador,Nilson Angulo,FW,14,Sunderland,1735.93017578,exact
Ecuador,Kevin Rodríguez,FW,31,Union Saint-Gilloise,1398.90234375,unmatched
Ecuador,Jeremy,FW,0,,1398.90234375,unmatched
Sweden,Kristoffer Nordfeldt,GK,21,AIK,1381.11547852,exact
Sweden,Viktor Johansson,GK,12,Stoke City,1452.73156738,token
Sweden,Jacob Widell Zetterström,GK,3,Derby County,1539.21337891,token
Sweden,Victor Nilsson-Lindelöf,DF,0,,1398.90234375,unmatched
Sweden,Carl Starfelt,DF,18,Celta Vigo,1700.77734375,token
Sweden,Gabriel Gudmundsson,DF,24,Leeds United,1797.38867188,token
Sweden,Hjalmar Ekdal,DF,13,Burnley,1666.33679199,exact
Sweden,Eric Smith,DF,2,FC St. Pauli,1532.94165039,exact
Sweden,Daniel Svensson,DF,13,Borussia Dortmund,1834.76867676,exact
Sweden,Gustaf Lagerbielke,DF,11,Braga,1698.91113281,exact
Sweden,Isak Hien,DF,29,Atalanta,1763.51843262,exact
Sweden,Herman Johansson,DF,3,FC Dallas,1398.90234375,unmatched
Sweden,Elliot Stroud,DF,1,Mjällby AIF,1398.90234375,unmatched
Sweden,Ken Sema,MF,33,Pafos,1398.90234375,unmatched
Sweden,Mattias Svanberg,MF,41,VfL Wolfsburg,1599.56982422,exact
Sweden,Jesper Karlström,MF,25,Udinese,1645.94152832,exact
Sweden,Yasin Ayari,MF,21,Brighton & Hove Albion,1842.01049805,token
Sweden,Besfort Zeneli,MF,8,Union Saint-Gilloise,1398.90234375,unmatched
Sweden,Taha Ali,MF,2,Malmö FF,1398.90234375,unmatched
Sweden,Lucas Bergvall,MF,10,Tottenham Hotspur,1777.30895996,exact
Sweden,Alexander Isak,FW,58,Liverpool,1910.79907227,exact
Sweden,Viktor Gyökeres,FW,33,Arsenal,2063.75805664,exact
Sweden,Gustaf Nilsson,FW,10,Club Brugge,1757.43859863,exact
Sweden,Benjamin Nygren,FW,11,Celtic,1575.15283203,exact
Sweden,Alexander Bernhardsson,FW,11,Holstein Kiel,1462.63525391,token
Sweden,Anthony Elanga,FW,30,Newcastle United,1837.53125,exact
Czech Republic,Jindřich Staněk,GK,14,Slavia Prague,1654.11645508,exact
Czech Republic,Matej Kovar,GK,20,PSV Eindhoven,1759.13476562,exact
Czech Republic,Lukáš Horníček,GK,1,Braga,1698.91113281,exact
Czech Republic,Jaroslav Zelený,DF,23,Sparta Prague,1547.84729004,exact
Czech Republic,Vladimir Coufal,DF,62,TSG Hoffenheim,1700.35375977,exact
Czech Republic,Tomáš Holeš,DF,41,Slavia Prague,1654.11645508,exact
Czech Republic,David Zima,DF,25,Slavia Prague,1654.11645508,exact
Czech Republic,David Jurásek,DF,18,Slavia Prague,1654.11645508,exact
Czech Republic,Robin Hranac,DF,14,TSG Hoffenheim,1700.35375977,exact
Czech Republic,Štěpán Chaloupek,DF,5,Slavia Prague,1654.11645508,exact
Czech Republic,Ladislav Krejčí,MF,27,Wolverhampton Wanderers,1679.69335938,exact
Czech Republic,Vladimír Darida,MF,79,Hradec Králové,1445.51159668,exact
Czech Republic,Tomáš Souček,MF,90,West Ham United,1768.80200195,exact
Czech Republic,David Douděra,MF,17,Slavia Prague,1654.11645508,exact
Czech Republic,Michal Sadílek,MF,35,Slavia Prague,1654.11645508,exact
Czech Republic,Lukáš Provod,MF,38,Slavia Prague,1654.11645508,exact
Czech Republic,Pavel Šulc,MF,21,Lyon,1731.61779785,exact
Czech Republic,Lukáš Červ,MF,17,Viktoria Plzeň,1556.39904785,token
Czech Republic,Denis Višinský,MF,2,Viktoria Plzeň,1556.39904785,token
Czech Republic,Alexandr Sojka,MF,2,Viktoria Plzeň,1556.39904785,token
Czech Republic,Hugo Sochůrek,MF,1,Sparta Prague,1547.84729004,exact
Czech Republic,Patrik Schick,FW,53,Bayer Leverkusen,1804.02624512,exact
Czech Republic,Tomáš Chorý,FW,22,Slavia Prague,1654.11645508,exact
Czech Republic,Jan Kuchta,FW,31,Sparta Prague,1547.84729004,exact
Czech Republic,Adam Hložek,FW,43,TSG Hoffenheim,1700.35375977,exact
Czech Republic,Mojmír Chytil,FW,22,Slavia Prague,1654.11645508,exact
Croatia,Dominik Livaković,GK,75,Dinamo Zagreb,1577.11853027,exact
Croatia,Ivor Pandur,GK,0,Hull City,1532.88049316,token
Croatia,Dominik Kotarski,GK,4,Copenhagen,1398.90234375,unmatched
Croatia,Duje Ćaleta-Car,DF,38,Real Sociedad,1669.46557617,exact
Croatia,Marin Pongračić,DF,20,Fiorentina,1670.17321777,exact
Croatia,Martin Erlic,DF,13,Midtjylland,1687.3840332,exact
Croatia,Josip Stanišić,DF,31,Bayern Munich,2000.87023926,exact
Croatia,Joško Gvardiol,DF,48,Manchester City,1970.85388184,exact
Croatia,Josip Šutalo,DF,33,Ajax,1578.02783203,exact
Croatia,Luka Vušković,DF,5,Hamburger SV,1602.1472168,fuzzy
Croatia,Luka Modrić,MF,198,Milan,1750.04211426,exact
Croatia,Mateo Kovačić,MF,113,Manchester City,1970.85388184,exact
Croatia,Mario Pašalić,MF,85,Atalanta,1763.51843262,exact
Croatia,Nikola Vlašić,MF,63,Torino,1624.05883789,exact
Croatia,Nikola Moro,MF,10,Bologna,1701.2779541,exact
Croatia,Kristijan Jakić,MF,17,FC Augsburg,1636.44641113,exact
Croatia,Luka Sučić,MF,21,Real Sociedad,1669.46557617,exact
Croatia,Petar Sucic,MF,17,Inter Milan,1888.60229492,exact
Croatia,Martin Baturina,MF,19,Como,1760.02868652,exact
Croatia,Toni Fruk,MF,7,Rijeka,1387.4979248,exact
Croatia,Andrej Kramarić,FW,116,TSG Hoffenheim,1700.35375977,exact
Croatia,Ivan Perišić,FW,154,PSV Eindhoven,1759.13476562,exact
Croatia,Ante Budimir,FW,38,Osasuna,1650.25817871,exact
Croatia,Petar Musa,FW,11,FC Dallas,1398.90234375,unmatched
Croatia,Marco Pašalić,FW,15,Orlando City SC,1398.90234375,unmatched
Croatia,Igor Matanovic,FW,9,SC Freiburg,1724.91308594,exact
Saudi Arabia,Mohammed Al Owais,GK,63,Al-Ula,1398.90234375,unmatched
Saudi Arabia,Nawaf Al Aqidi,GK,22,Al-Nassr,1640.0,curated
Saudi Arabia,Ahmed Al Kassar,GK,9,Al-Qadsiah,1398.90234375,unmatched
Saudi Arabia,Abdulelah Al Amri,DF,42,Al-Nassr,1640.0,curated
Saudi Arabia,Saud Abdulhamid,DF,54,Lens,1767.04321289,exact
Saudi Arabia,Ali Lajami,DF,21,Al-Hilal,1700.0,curated
Saudi Arabia,Hassan Al Tambakti,DF,51,Al-Hilal,1700.0,curated
Saudi Arabia,Hassan Kadesh,DF,20,Al-Ittihad,1630.0,curated
Saudi Arabia,Moteb Al Harbi,DF,12,Al-Hilal,1700.0,curated
Saudi Arabia,Ali Majrashi,DF,21,Al-Ahli,1640.0,curated
Saudi Arabia,Jehad Thakri,DF,7,Al-Qadsiah,1398.90234375,unmatched
Saudi Arabia,Nawaf Boushal,DF,24,Al-Nassr,1640.0,curated
Saudi Arabia,Salem Al Dawsari,MF,109,Al-Hilal,1700.0,curated
Saudi Arabia,Abdullah Al Khaibari,MF,39,Al-Nassr,1640.0,curated
Saudi Arabia,Nasser Al Dawsari,MF,43,Al-Hilal,1700.0,curated
Saudi Arabia,Ayman Yahya,MF,26,Al-Nassr,1640.0,curated
Saudi Arabia,Musab Al Juwayr,MF,34,Al-Qadsiah,1398.90234375,unmatched
Saudi Arabia,Mohammed Kanno,MF,0,,1398.90234375,unmatched
Saudi Arabia,Ziyad Al-Johani,MF,12,Al-Ahli,1640.0,curated
Saudi Arabia,Mohammed Abu Al Shamat,MF,6,Al-Qadsiah,1398.90234375,unmatched
Saudi Arabia,Alaa Al Hejji,MF,2,Neom,1398.90234375,unmatched
Saudi Arabia,Sultan Mandash,FW,6,Al-Hilal,1700.0,curated
Saudi Arabia,Saleh Al Shehri,FW,55,Al-Ittihad,1630.0,curated
Saudi Arabia,Abdullah Al-Hamdan,FW,49,Al-Nassr,1640.0,curated
Saudi Arabia,Khalid Al Ghannam,FW,6,Al-Ettifaq,1398.90234375,unmatched
Saudi Arabia,Firas Al Brikan,FW,0,,1398.90234375,unmatched
Tunisia,Aymen Dahmen,GK,37,CS Sfaxien,1398.90234375,unmatched
Tunisia,Sabri Ben Hessen,GK,2,Étoile du Sahel,1398.90234375,unmatched
Tunisia,Abdelmouhib Chamakh,GK,0,,1398.90234375,unmatched
Tunisia,Dylan Bronn,DF,52,Servette,1417.44897461,exact
Tunisia,Ali El Abdi,DF,0,,1398.90234375,unmatched
Tunisia,Yan Valery,DF,22,Young Boys,1431.359375,exact
Tunisia,Mortadha Ben Ouanes,DF,18,Kasımpaşa,1383.04516602,fuzzy
Tunisia,Omar Rekik,DF,6,Maribor,1334.22265625,exact
Tunisia,Yassine Chikhaoui,DF,0,,1398.90234375,unmatched
Tunisia,Montassar Talbi,DF,64,Lorient,1639.05737305,exact
Tunisia,Moutaz Neffati,DF,5,IFK Norrköping,1398.90234375,unmatched
Tunisia,Mohamed Amine Ben Hamida,DF,13,Espérance de Tunis,1398.90234375,unmatched
Tunisia,Adem Arous,DF,2,Kasımpaşa,1383.04516602,fuzzy
Tunisia,Ellyes Skhiri,MF,83,Eintracht Frankfurt,1663.77978516,exact
Tunisia,Rani Khedira,MF,3,Union Berlin,1619.43054199,exact
Tunisia,Anis Ben Slimane,MF,41,Norwich City,1560.36120605,token
Tunisia,Ismaël Gharbi,MF,17,FC Augsburg,1636.44641113,exact
Tunisia,Hannibal Mejbri,MF,45,Burnley,1666.33679199,exact
Tunisia,Elias Achouri,MF,30,Copenhagen,1398.90234375,unmatched
Tunisia,Hadj Mahmoud,MF,9,Lugano,1450.05969238,exact
Tunisia,Sebastian Tounekti,FW,12,Celtic,1575.15283203,exact
Tunisia,Firas Chaouat,FW,30,Club Africain,1398.90234375,unmatched
Tunisia,Elias Saad,FW,15,Hannover 96,1527.87036133,token
Tunisia,Hazem Mastouri,FW,19,Dynamo Makhachkala,1339.20922852,exact
Tunisia,Rayan Elloumi,FW,4,Vancouver Whitecaps FC,1398.90234375,unmatched
Tunisia,Khalil Ayari,FW,4,Paris Saint-Germain,1629.32714844,token
Turkey,Mert Günok,GK,37,Fenerbahçe,1655.55847168,exact
Turkey,Altay Bayındır,GK,12,Manchester United,1915.31604004,exact
Turkey,Uğurcan Çakır,GK,39,Galatasaray,1684.27075195,exact
Turkey,Çağlar Söyüncü,DF,60,Fenerbahçe,1655.55847168,exact
Turkey,Kaan Ayhan,DF,73,Galatasaray,1684.27075195,exact
Turkey,Ferdi Kadıoğlu,DF,30,Brighton & Hove Albion,1842.01049805,token
Turkey,Mert Müldür,DF,45,Fenerbahçe,1655.55847168,exact
Turkey,Zeki Çelik,DF,61,Roma,1793.45080566,exact
Turkey,Abdülkerim Bardakcı,DF,27,Galatasaray,1684.27075195,exact
Turkey,Ozan Kabak,DF,30,TSG Hoffenheim,1700.35375977,exact
Turkey,Merih Demiral,DF,62,Al-Ahli,1640.0,curated
Turkey,Samet Akaydın,DF,0,,1398.90234375,unmatched
Turkey,Evren Eren Elmalı,DF,0,,1398.90234375,unmatched
Turkey,Salih Özcan,MF,30,Borussia Dortmund,1834.76867676,exact
Turkey,Hakan Çalhanoğlu,MF,105,Inter Milan,1888.60229492,exact
Turkey,Orkun Kökçü,MF,50,Beşiktaş,1516.34155273,exact
Turkey,İsmail Yüksek,MF,32,Fenerbahçe,1655.55847168,exact
Turkey,Arda Guler,MF,29,Real Madrid,1922.91210938,exact
Turkey,Oguz Aydin,MF,0,,1398.90234375,unmatched
Turkey,Baris Yilmaz,MF,0,,1398.90234375,unmatched
Turkey,İrfan Kahveci,MF,0,,1398.90234375,unmatched
Turkey,Yunus Akgün,FW,19,Galatasaray,1684.27075195,exact
Turkey,Muhammed Kerem Aktürkoğlu,FW,0,,1398.90234375,unmatched
Turkey,Deniz Gul,FW,8,Porto,1805.9453125,exact
Turkey,Kenan Yıldız,FW,28,Juventus,1772.25634766,exact
Turkey,Can Uzun,FW,6,Eintracht Frankfurt,1663.77978516,exact
Senegal,Edouard Mendy,GK,56,Al-Ahli,1640.0,curated
Senegal,Yehvann Diouf,GK,2,Nice,1582.37231445,exact
Senegal,Mory Diaw,GK,5,Le Havre,1580.06860352,exact
Senegal,Ismail Jakobs,DF,29,Galatasaray,1684.27075195,exact
Senegal,Kalidou Koulibaly,DF,102,Al-Hilal,1700.0,curated
Senegal,Moussa Niakhaté,DF,30,Lyon,1731.61779785,exact
Senegal,Abdoulaye Seck,DF,22,Maccabi Haifa,1347.22485352,exact
Senegal,Antoine Mendy,DF,6,Nice,1582.37231445,exact
Senegal,Mamadou Sarr,DF,7,Chelsea,1831.1036377,exact
Senegal,El Hadji Diouf,DF,0,,1398.90234375,unmatched
Senegal,Pape Gueye,MF,41,Villarreal,1759.34521484,exact
Senegal,Idrissa Gana Guèye,MF,0,,1398.90234375,unmatched
Senegal,Ismaïla Sarr,MF,82,Crystal Palace,1803.82470703,exact
Senegal,Krépin Diatta,MF,60,Monaco,1717.51818848,exact
Senegal,Pathé Ciss,MF,29,Rayo Vallecano,1707.34008789,exact
Senegal,Iliman Ndiaye,MF,39,Everton,1803.43078613,exact
Senegal,Pape Sarr,MF,0,,1398.90234375,unmatched
Senegal,Habib Diarra,MF,20,Sunderland,1735.93017578,exact
Senegal,Lamine Camara,MF,32,Monaco,1717.51818848,exact
Senegal,Bara Ndiaye,MF,0,,1398.90234375,unmatched
Senegal,Sadio Mané,FW,127,Al-Nassr,1640.0,curated
Senegal,Cherif Ndiaye,FW,18,Samsunspor,1461.5769043,exact
Senegal,Nicolas Jackson,FW,32,Bayern Munich,2000.87023926,exact
Senegal,Ahmadou Bamba Dieng,FW,0,,1398.90234375,unmatched
Senegal,Assane Diao,FW,5,Como,1760.02868652,exact
Senegal,Ibrahim M'Baye,FW,0,,1398.90234375,unmatched
Senegal,Pape Thiaw,Coach,0,,1398.90234375,unmatched
Belgium,Thibaut Courtois,GK,109,Real Madrid,1922.91210938,exact
Belgium,Senne Lammens,GK,2,Manchester United,1915.31604004,exact
Belgium,Mike Penders,GK,0,Strasbourg,1710.80419922,exact
Belgium,Timothy Castagne,DF,63,Fulham,1813.09570312,exact
Belgium,Thomas Meunier,DF,80,Lille,1743.7088623,exact
Belgium,Brandon Mechele,DF,9,Club Brugge,1757.43859863,exact
Belgium,Maxim De Cuyper,DF,19,Brighton & Hove Albion,1842.01049805,token
Belgium,Arthur Theate,DF,33,Eintracht Frankfurt,1663.77978516,exact
Belgium,Koni De Winter,DF,8,Milan,1750.04211426,exact
Belgium,Zeno Debast,DF,26,Sporting CP,1847.92749023,exact
Belgium,Nathan Ngoy,DF,4,Lille,1743.7088623,exact
Belgium,Joaquin Seys,DF,5,Club Brugge,1757.43859863,exact
Belgium,Kevin De Bruyne,MF,119,Napoli,1780.29589844,exact
Belgium,Axel Witsel,MF,138,Girona,1635.80603027,exact
Belgium,Youri Tielemans,MF,85,Aston Villa,1920.97021484,exact
Belgium,Dodi Lukebakio,MF,30,Benfica,1823.50866699,exact
Belgium,Alexis Saelemaekers,MF,24,Milan,1750.04211426,exact
Belgium,Hans Vanaken,MF,34,Club Brugge,1757.43859863,exact
Belgium,Nicolas Raskin,MF,13,Rangers,1517.05712891,exact
Belgium,Jeremy Doku,MF,43,Manchester City,1970.85388184,exact
Belgium,Amadou Onana,MF,29,Aston Villa,1920.97021484,exact
Belgium,Diego Moreira,MF,3,Strasbourg,1710.80419922,exact
Belgium,Romelu Lukaku,FW,126,Napoli,1780.29589844,exact
Belgium,Leandro Trossard,FW,51,Arsenal,2063.75805664,exact
Belgium,Charles De Ketelaere,FW,30,Atalanta,1763.51843262,exact
Belgium,Matias Fernandez-Pardo,FW,2,Lille,1743.7088623,exact
Morocco,Munir Mohamedi,GK,53,RS Berkane,1398.90234375,unmatched
Morocco,Yassine Bounou,GK,90,Al-Hilal,1700.0,curated
Morocco,Ahmed Reda Tagnaouti,GK,3,AS FAR,1398.90234375,unmatched
Morocco,Achraf Hakimi,DF,96,Paris Saint-Germain,1629.32714844,token
Morocco,Noussair Mazraoui,DF,45,Manchester United,1915.31604004,exact
Morocco,Issa Diop,DF,4,Fulham,1813.09570312,exact
Morocco,Nayef Aguerd,DF,64,Marseille,1716.74267578,exact
Morocco,Anass Salah-Eddine,DF,9,PSV Eindhoven,1759.13476562,exact
Morocco,Chadi Riad,DF,6,Crystal Palace,1803.82470703,exact
Morocco,Redouane Halhal,DF,3,Mechelen,1478.85217285,exact
Morocco,Zakaria El Ouahdi,DF,3,Genk,1581.32556152,exact
Morocco,Youssef Belammari,DF,19,Al Ahly,1600.0,curated
Morocco,Sofyan Amrabat,MF,75,Real Betis,1747.13110352,exact
Morocco,Brahim Diaz,MF,26,Real Madrid,1922.91210938,exact
Morocco,Azzedine Ounahi,MF,49,Girona,1635.80603027,exact
Morocco,Ismael Saibari,MF,31,PSV Eindhoven,1759.13476562,exact
Morocco,Neil El Aynaoui,MF,16,Roma,1793.45080566,exact
Morocco,Bilal El Khannouss,MF,37,VfB Stuttgart,1763.83459473,exact
Morocco,Chemsdine Talbi,MF,5,Sunderland,1735.93017578,exact
Morocco,Ayyoub Bouaddi,MF,3,Lille,1743.7088623,exact
Morocco,Samir El Mourabet,MF,4,Strasbourg,1710.80419922,exact
Morocco,Soufiane Rahimi,FW,37,Al Ain,1398.90234375,unmatched
Morocco,Ayoub El Kaabi,FW,71,Olympiacos,1663.37609863,fuzzy
Morocco,Abdessamad Ezzalzouli,FW,0,,1398.90234375,unmatched
Morocco,Gessime Yassine,FW,5,Strasbourg,1710.80419922,exact
Morocco,Ayoube Amaimouni-Echghouyab,FW,0,,1398.90234375,unmatched
Austria,Alexander Schlager,GK,26,Red Bull Salzburg,1482.40698242,token
Austria,Patrick Pentz,GK,18,Brøndby,1529.92541504,fuzzy
Austria,Florian Wiegele,GK,1,Viktoria Plzeň,1556.39904785,token
Austria,David Alaba,DF,113,Real Madrid,1922.91210938,exact
Austria,Stefan Posch,DF,52,Mainz 05,1671.92553711,token
Austria,Philipp Mwene,DF,0,,1398.90234375,unmatched
Austria,Kevin Danso,DF,32,Tottenham Hotspur,1777.30895996,exact
Austria,Marco Friedl,DF,11,Werder Bremen,1606.01928711,token
Austria,Philipp Lienhart,DF,41,SC Freiburg,1724.91308594,exact
Austria,Michael Svoboda,DF,4,Venezia,1598.84899902,exact
Austria,Alexander Prass,DF,19,TSG Hoffenheim,1700.35375977,exact
Austria,David Affengruber,DF,1,Elche,1623.40356445,exact
Austria,Florian Grillitsch,MF,58,Braga,1698.91113281,exact
Austria,Alessandro Schöpf,MF,35,Wolfsberger AC,1333.65039062,fuzzy
Austria,Konrad Laimer,MF,57,Bayern Munich,2000.87023926,exact
Austria,Marcel Sabitzer,MF,98,Borussia Dortmund,1834.76867676,exact
Austria,Xaver Schlager,MF,51,RB Leipzig,1761.90344238,token
Austria,Romano Schmid,MF,34,Werder Bremen,1606.01928711,token
Austria,Christoph Baumgartner,MF,0,,1398.90234375,unmatched
Austria,Nicolas  Seiwald,MF,47,RB Leipzig,1761.90344238,token
Austria,Patrick Wimmer,MF,30,VfL Wolfsburg,1599.56982422,exact
Austria,Carney Chukwuemeka,MF,3,Borussia Dortmund,1834.76867676,exact
Austria,Paul Wanner,MF,3,PSV Eindhoven,1759.13476562,exact
Austria,Michael Gregoritsch,FW,75,FC Augsburg,1636.44641113,exact
Austria,Marko Arnautovic,FW,133,Red Star Belgrade,1586.15527344,exact
Austria,Saša Kalajdžić,FW,22,LASK,1452.54577637,exact
Colombia,Camilo Vargas,GK,42,Atlas,1398.90234375,unmatched
Colombia,David Ospina,GK,130,Atlético Nacional,1620.0,curated
Colombia,Álvaro Montero,GK,12,Vélez Sarsfield,1398.90234375,unmatched
Colombia,Santiago Arias,DF,68,Independiente,1398.90234375,unmatched
Colombia,Johan Mojica,DF,45,Mallorca,1642.77307129,exact
Colombia,Yerry Mina,DF,54,Cagliari,1594.3046875,exact
Colombia,Davinson Sánchez,DF,79,Galatasaray,1684.27075195,exact
Colombia,Deiver Machado,DF,15,Nantes,1542.51904297,exact
Colombia,Daniel Muñoz,DF,46,Crystal Palace,1803.82470703,exact
Colombia,Jhon Lucumí,DF,37,Bologna,1701.2779541,exact
Colombia,Willer Ditta,DF,5,Cruz Azul,1600.0,curated
Colombia,James Rodríguez,MF,126,Minnesota United FC,1398.90234375,unmatched
Colombia,Jefferson Lerma,MF,65,Crystal Palace,1803.82470703,exact
Colombia,Jhon Arias,MF,38,Palmeiras,1790.0,curated
Colombia,Jorge Carrascal,MF,24,Flamengo,1800.0,curated
Colombia,Kevin Castaño,MF,25,River Plate,1740.0,curated
Colombia,Juan Quintero,MF,0,,1398.90234375,unmatched
Colombia,Jaminton Campaz,MF,10,Rosario Central,1398.90234375,unmatched
Colombia,Richard Rios,MF,32,Benfica,1823.50866699,exact
Colombia,Juan Portilla,MF,10,Athletico Paranaense,1398.90234375,unmatched
Colombia,Gustavo Puerta,MF,6,Racing Santander,1581.93249512,token
Colombia,Jhon Córdoba,FW,21,Krasnodar,1632.22900391,exact
Colombia,Luis Díaz,FW,74,Bayern Munich,2000.87023926,exact
Colombia,Luis Suárez,FW,12,Sporting CP,1847.92749023,exact
Colombia,Cucho Hernández,FW,9,Real Betis,1747.13110352,exact
Colombia,Carlos Gómez,FW,0,,1398.90234375,unmatched
Egypt,Mohamed El Shenawy,GK,76,Al Ahly,1600.0,curated
Egypt,Mohamed Alaa,GK,0,El Gouna,1398.90234375,unmatched
Egypt,Oufa Shobeir,GK,0,,1398.90234375,unmatched
Egypt,El Mahdi Soliman,GK,0,,1398.90234375,unmatched
Egypt,Karim Hafez,DF,9,Pyramids,1560.0,curated
Egypt,Mohamed Hany,DF,42,Al Ahly,1600.0,curated
Egypt,Yasser Ibrahim,DF,17,Al Ahly,1600.0,curated
Egypt,Ahmed El Fotouh,DF,0,,1398.90234375,unmatched
Egypt,Mohamed Abdelmonem,DF,36,Nice,1582.37231445,exact
Egypt,Rami Rabia,DF,0,,1398.90234375,unmatched
Egypt,Hossam Abdelmaguid,DF,13,Zamalek,1540.0,curated
Egypt,Tarek Alaa,DF,3,ZED,1398.90234375,unmatched
Egypt,Zizo,MF,63,Al Ahly,1600.0,curated
Egypt,Nabil Dunga,MF,0,,1398.90234375,unmatched
Egypt,Hamdy Fathy,MF,63,Al-Wakrah,1398.90234375,unmatched
Egypt,Trezeguet,MF,96,Al Ahly,1600.0,curated
Egypt,Emam Ashour,MF,29,Al Ahly,1600.0,curated
Egypt,Mohanad Lashin,MF,0,,1398.90234375,unmatched
Egypt,Marwan Attia,MF,34,Al Ahly,1600.0,curated
Egypt,Mahmoud Saber,MF,15,ZED,1398.90234375,unmatched
Egypt,Mostafa Ziko,MF,2,Pyramids,1560.0,curated
Egypt,Mohamed Salah,FW,116,Liverpool,1910.79907227,exact
Egypt,Omar Marmoush,FW,49,Manchester City,1970.85388184,exact
Egypt,Haissem Hassan,FW,4,Oviedo,1557.96911621,exact
Egypt,Ibrahim Adel,FW,24,Nordsjælland,1541.78027344,fuzzy
Egypt,Hamza Abdelkarim,FW,2,Barcelona B,1951.58874512,fuzzy
Canada,Maxime Crépeau,GK,32,Orlando City SC,1398.90234375,unmatched
Canada,Dayne St. Clair,GK,20,Inter Miami CF,1560.0,curated
Canada,Owen Goodman,GK,0,Barnsley,1398.90234375,unmatched
Canada,Alphonso Davies,DF,58,Bayern Munich,2000.87023926,exact
Canada,Richie Laryea,DF,75,Toronto FC,1398.90234375,unmatched
Canada,Alfie Jones,DF,2,Middlesbrough,1588.94519043,exact
Canada,Joel Waterman,DF,17,Chicago Fire FC,1398.90234375,unmatched
Canada,Derek Cornelius,DF,44,Rangers,1517.05712891,exact
Canada,Alistair Johnston,DF,58,Celtic,1575.15283203,exact
Canada,Moise Bombito,DF,20,Nice,1582.37231445,exact
Canada,Luc De Fougerolles,DF,13,Dender,1344.01013184,exact
Canada,Jonathan Osorio,MF,90,Toronto FC,1398.90234375,unmatched
Canada,Stephen Eustáquio,MF,56,Los Angeles FC,1398.90234375,unmatched
Canada,Mathieu Choinière,MF,23,Los Angeles FC,1398.90234375,unmatched
Canada,Tajon Buchanan,MF,60,Villarreal,1759.34521484,exact
Canada,Marcelo Flores,MF,0,,1398.90234375,unmatched
Canada,Nathan-Dylan Saliba,MF,0,,1398.90234375,unmatched
Canada,Ismael Kone,MF,40,Sassuolo,1622.01721191,exact
Canada,Ali Ahmed,MF,24,Norwich City,1560.36120605,token
Canada,Niko Sigur,MF,19,Hajduk Split,1426.87268066,token
Canada,Jonathan David,FW,77,Juventus,1772.25634766,exact
Canada,Cyle Larin,FW,90,Southampton,1636.34643555,exact
Canada,Liam Millar,FW,41,Hull City,1532.88049316,token
Canada,Jacob Shaffelburg,FW,31,Los Angeles FC,1398.90234375,unmatched
Canada,Tani Oluwaseyi,FW,24,Villarreal,1759.34521484,exact
Canada,Promise Akinpelu,FW,0,,1398.90234375,unmatched
Haiti,Alexandre Pierre,GK,15,Sochaux,1398.90234375,unmatched
Haiti,Johny Placide,GK,81,Bastia,1382.39282227,exact
Haiti,Josué Duverger,GK,6,Cosmos Koblenz,1398.90234375,unmatched
Haiti,Carlens Arcus,DF,53,Angers,1547.54577637,exact
Haiti,Jean-Kevin Duverne,DF,17,Gent,1497.22473145,exact
Haiti,Hannes Delcroix,DF,7,Lugano,1450.05969238,exact
Haiti,Martin Expérience,DF,21,Nancy,1359.40527344,exact
Haiti,Ricardo Adé,DF,59,LDU Quito,1650.0,curated
Haiti,Duke LaCroix,DF,16,Colorado Springs Switchbacks FC,1398.90234375,unmatched
Haiti,Garven-Michee Metusala,DF,0,,1398.90234375,unmatched
Haiti,Keeto Thermoncy,DF,1,Young Boys,1431.359375,exact
Haiti,Wilguens Paugain,DF,8,Zulte Waregem,1430.47912598,exact
Haiti,Jean-Ricner Bellegarde,MF,10,Wolverhampton Wanderers,1679.69335938,exact
Haiti,Derrick Etienne,MF,0,,1398.90234375,unmatched
Haiti,Danley Jean Jacques,MF,30,Philadelphia Union,1500.0,curated
Haiti,Dominique Simon,MF,2,Tatran Prešov,1398.90234375,unmatched
Haiti,Carl Sainté,MF,26,El Paso Locomotive FC,1398.90234375,unmatched
Haiti,Woodensky Pierre,MF,1,Violette,1398.90234375,unmatched
Haiti,Duckens Nazon,FW,78,Esteghlal,1520.0,curated
Haiti,Frantzdy Pierrot,FW,51,Çaykur Rizespor,1402.17834473,token
Haiti,Yassin Fortune,FW,4,Vizela,1398.90234375,unmatched
Haiti,Wilson Isidor,FW,4,Sunderland,1735.93017578,exact
Haiti,Lenny Joseph,FW,2,Ferencváros,1520.0501709,exact
Haiti,Louicius Don Deedson,FW,0,,1398.90234375,unmatched
Haiti,Josué Casimir,FW,7,Auxerre,1624.1114502,exact
Haiti,Ruben Providence,FW,15,Almere City,1398.90234375,unmatched
Iran,Hossein Hosseini,GK,13,Sepahan,1490.0,curated
Iran,Payam Niazmand,GK,15,Persepolis,1530.0,curated
Iran,Alireza Beiranvand,GK,86,Tractor,1490.0,curated
Iran,Ehsan Hajsafi,DF,146,Sepahan,1490.0,curated
Iran,Ramin Rezaeian,DF,74,Foolad,1398.90234375,unmatched
Iran,Milad Mohammadi,DF,76,Persepolis,1530.0,curated
Iran,Hossein Kanaanizadegan,DF,65,Persepolis,1530.0,curated
Iran,Shojae Khalilzadeh,DF,58,Tractor,1490.0,curated
Iran,Rouzbeh Cheshmi,DF,40,Esteghlal,1520.0,curated
Iran,Saleh Hardani,DF,18,Esteghlal,1520.0,curated
Iran,Ali Nemati,DF,17,Foolad,1398.90234375,unmatched
Iran,Danial Eiri,DF,0,Malavan,1398.90234375,unmatched
Iran,Saeid Ezatolahi,MF,83,Shabab Al Ahli,1398.90234375,unmatched
Iran,Mehdi Torabi,MF,52,Tractor,1490.0,curated
Iran,Mohammad Ghorbani,MF,16,Al Wahda,1398.90234375,unmatched
Iran,Ariya Yousefi,MF,0,,1398.90234375,unmatched
Iran,Medhi Ghayedi,MF,0,,1398.90234375,unmatched
Iran,Amir Razzaghinia,MF,0,,1398.90234375,unmatched
Iran,Alireza Jahanbakhsh,FW,98,Dender,1344.01013184,exact
Iran,Mehdi Taremi,FW,105,Olympiacos,1663.37609863,fuzzy
Iran,Dennis Eckert,FW,0,Standard Liège,1502.06091309,token
Iran,Ali Alipour,FW,14,Persepolis,1530.0,curated
Iran,Shahriar Moghanlou,FW,0,,1398.90234375,unmatched
Iran,Mohammad Mohebi,FW,36,Rostov,1424.74609375,exact
Iran,Saman Ghoddos,FW,68,Kalba,1398.90234375,unmatched
Iran,Amir Hosseinzadeh,FW,0,,1398.90234375,unmatched
Bosnia and Herzegovina,Martin Zlomislić,GK,3,Rijeka,1387.4979248,exact
Bosnia and Herzegovina,Nikola Vasilj,GK,26,FC St. Pauli,1532.94165039,exact
Bosnia and Herzegovina,Mladen Jurkas,GK,0,Borac Banja Luka,1210.83227539,exact
Bosnia and Herzegovina,Sead Kolašinac,DF,65,Atalanta,1763.51843262,exact
Bosnia and Herzegovina,Dennis Hadžikadunić,DF,32,Sampdoria,1390.78149414,exact
Bosnia and Herzegovina,Nihad Mujakić,DF,12,Gaziantep,1354.34484863,fuzzy
Bosnia and Herzegovina,Nikola Katić,DF,17,Schalke 04,1519.7421875,token
Bosnia and Herzegovina,Stjepan Radeljić,DF,5,Rijeka,1387.4979248,exact
Bosnia and Herzegovina,Amar Dedić,DF,28,Benfica,1823.50866699,exact
Bosnia and Herzegovina,Tarik Muharemović,DF,14,Sassuolo,1622.01721191,exact
Bosnia and Herzegovina,Nidal Čelik,DF,2,Lens,1767.04321289,exact
Bosnia and Herzegovina,Dženis Burnić,MF,20,Karlsruher SC,1435.78088379,fuzzy
Bosnia and Herzegovina,Ivan Šunjić,MF,11,Pafos,1398.90234375,unmatched
Bosnia and Herzegovina,Amir Hadžiahmetović,MF,36,Hull City,1532.88049316,token
Bosnia and Herzegovina,Armin Gigovic,MF,20,Young Boys,1431.359375,exact
Bosnia and Herzegovina,Ivan Bašić,MF,17,Astana,1351.59240723,token
Bosnia and Herzegovina,Benjamin Tahirovic,MF,28,Brøndby,1529.92541504,fuzzy
Bosnia and Herzegovina,Ermin Mahmic,MF,2,Slovan Liberec,1431.40258789,exact
Bosnia and Herzegovina,Amar Memić,MF,13,Viktoria Plzeň,1556.39904785,token
Bosnia and Herzegovina,Edin Džeko,FW,148,Schalke 04,1519.7421875,token
Bosnia and Herzegovina,Jovo Lukić,FW,3,Universitatea Cluj,1433.61633301,exact
Bosnia and Herzegovina,Ermedin Demirovic,FW,40,VfB Stuttgart,1763.83459473,exact
Bosnia and Herzegovina,Haris Tabaković,FW,10,Borussia Mönchengladbach,1640.84313965,exact
Bosnia and Herzegovina,Samed Bazdar,FW,13,Jagiellonia Białystok,1466.60546875,token
Bosnia and Herzegovina,Esmir Bajraktarevic,FW,16,PSV Eindhoven,1759.13476562,exact
Bosnia and Herzegovina,Kerim Alajbegović,FW,10,Red Bull Salzburg,1482.40698242,token
Panama,Luis Mejía,GK,56,Nacional,1451.03393555,exact
Panama,Orlando Mosquera,GK,48,Al-Fayha,1398.90234375,unmatched
Panama,Cesar Samudio,GK,5,Marathón,1398.90234375,unmatched
Panama,Roderick Miller,DF,50,Turan Tovuz,1398.90234375,unmatched
Panama,Fidel Escobar,DF,99,Saprissa,1398.90234375,unmatched
Panama,Éric Davis,DF,107,Plaza Amador,1398.90234375,unmatched
Panama,Andrés Andrade,DF,50,LASK,1452.54577637,exact
Panama,César Blackman,DF,40,Slovan Bratislava,1366.51843262,exact
Panama,Jiovany Ramos,DF,23,Puerto Cabello,1398.90234375,unmatched
Panama,José Cordoba,DF,32,Norwich City,1560.36120605,token
Panama,Michael Murillo,DF,0,,1398.90234375,unmatched
Panama,Edgardo Fariña,DF,18,Pari Nizhny Novgorod,1337.80126953,fuzzy
Panama,Jorge Gutiérrez,DF,18,Deportivo La Guaira,1398.90234375,unmatched
Panama,Adalberto Carrasquilla,MF,73,UNAM,1398.90234375,unmatched
Panama,José Luis Rodríguez,MF,70,Juárez,1398.90234375,unmatched
Panama,Cecilio Waterman,MF,55,Universidad de Concepción,1398.90234375,unmatched
Panama,Édgar Bárcenas,MF,0,,1398.90234375,unmatched
Panama,Aníbal Godoy,MF,159,San Diego FC,1398.90234375,unmatched
Panama,Alberto Quintero,MF,141,Plaza Amador,1398.90234375,unmatched
Panama,Carlos Harvey,MF,28,Minnesota United FC,1398.90234375,unmatched
Panama,César Yanis,MF,56,Cobresal,1398.90234375,unmatched
Panama,Christian Martinez,MF,0,,1398.90234375,unmatched
Panama,José Fajardo,FW,68,Universidad Católica,1398.90234375,unmatched
Panama,Ismael Díaz,FW,57,León,1398.90234375,unmatched
Panama,Tomas Rodriguez,FW,13,Saprissa,1398.90234375,unmatched
Panama,Azarias Londoño,FW,11,Universidad Católica,1398.90234375,unmatched
Cape Verde,Márcio Rosa,GK,11,Montana,1042.7578125,token
Cape Verde,Vózinha,GK,86,Chaves,1398.90234375,unmatched
Cape Verde,C.J. dos Santos,GK,0,,1398.90234375,unmatched
Cape Verde,Steven Moreira,DF,20,Columbus Crew,1520.0,curated
Cape Verde,Logan Costa,DF,28,Villarreal,1759.34521484,exact
Cape Verde,Roberto Lopes,DF,45,Shamrock Rovers,1313.01416016,token
Cape Verde,Diney Borges,DF,0,,1398.90234375,unmatched
Cape Verde,Stopira,DF,62,Torreense,1398.90234375,unmatched
Cape Verde,Sidny Lopes Cabral,DF,9,Benfica,1823.50866699,exact
Cape Verde,Wagner Pina,DF,13,Trabzonspor,1526.23779297,exact
Cape Verde,Kelvin Pires,DF,5,SJK,1398.90234375,unmatched
Cape Verde,Deroy Duarte,MF,30,Ludogorets Razgrad,1431.40698242,token
Cape Verde,Garry Rodrigues,MF,60,Apollon Limassol,1398.90234375,unmatched
Cape Verde,Kevin Pina,MF,31,Krasnodar,1632.22900391,exact
Cape Verde,Laros Duarte,MF,13,Puskás Akadémia,1363.62231445,exact
Cape Verde,Yannick Semedo,MF,10,Farense,1398.90234375,unmatched
Cape Verde,Telmo Arcanjo,MF,16,Vitória de Guimarães,1515.55175781,token
Cape Verde,Jamiro Monteiro,MF,55,PEC Zwolle,1389.3717041,token
Cape Verde,João Paulo,MF,42,FCSB,1398.90234375,unmatched
Cape Verde,Willy Semedo,FW,38,Omonia,1456.90454102,exact
Cape Verde,Ryan Mendes,FW,98,Iğdır,1398.90234375,unmatched
Cape Verde,Jovane Cabral,FW,27,Estrela Amadora,1403.16491699,exact
Cape Verde,Gilson Tavares,FW,0,,1398.90234375,unmatched
Cape Verde,Nuno Da Costa,FW,9,İstanbul Başakşehir,1398.90234375,unmatched
Cape Verde,Dailon Rocha Livramento,FW,0,,1398.90234375,unmatched
Cape Verde,Hélio Varela,FW,20,Maccabi Tel Aviv,1398.90234375,unmatched
DR Congo,Timothy Fayulu,GK,3,Noah,1294.14257812,exact
DR Congo,Lionel Mpasi,GK,28,Le Havre,1580.06860352,exact
DR Congo,Matthieu Epolo,GK,1,Standard Liège,1502.06091309,token
DR Congo,Axel Tuanzebe,DF,13,Burnley,1666.33679199,exact
DR Congo,Chancel Mbemba,DF,108,Lille,1743.7088623,exact
DR Congo,Aaron Wan-Bissaka,DF,11,West Ham United,1768.80200195,exact
DR Congo,Arthur Masuaku,DF,45,Lens,1767.04321289,exact
DR Congo,Joris Kayembe,DF,25,Genk,1581.32556152,exact
DR Congo,Dylan Batubinsika,DF,14,AEL,1398.90234375,unmatched
DR Congo,Gédéon Kalulu,DF,28,Aris Limassol,1478.18310547,exact
DR Congo,Steve Kapuadi,DF,4,Widzew Łódź,1371.26403809,token
DR Congo,Gaël Kakuta,MF,30,AEL,1398.90234375,unmatched
DR Congo,Samuel Moutoussamy,MF,57,Atromitos,1372.44262695,exact
DR Congo,Edo Kayembe,MF,42,Watford,1458.1619873,exact
DR Congo,Aaron Tshibola,MF,16,Kilmarnock,1297.11791992,exact
DR Congo,Charles Pickel,MF,34,Espanyol,1629.45593262,exact
DR Congo,Noah Sadiki,MF,19,Sunderland,1735.93017578,exact
DR Congo,Ngal'ayel Mukau,MF,13,Lille,1743.7088623,exact
DR Congo,Yoane Wissa,FW,37,Newcastle United,1837.53125,exact
DR Congo,Theo Bongonda,FW,37,Spartak Moscow,1398.90234375,unmatched
DR Congo,Cédric Bakambu,FW,69,Real Betis,1747.13110352,exact
DR Congo,Simon Banza,FW,15,Al Jazira,1398.90234375,unmatched
DR Congo,Nathanael Mbuku,FW,18,Montpellier,1477.11657715,exact
DR Congo,Meschack Elia,FW,0,,1398.90234375,unmatched
DR Congo,Brian Cipenga,FW,7,Castellón,1546.32910156,exact
DR Congo,Fiston Mayele,FW,37,Pyramids,1560.0,curated
Ivory Coast,Yahia Fofana,GK,35,Çaykur Rizespor,1402.17834473,token
Ivory Coast,Alban Lafont,GK,4,Panathinaikos,1546.63842773,exact
Ivory Coast,Mohamed Kone,GK,0,Charleroi,1504.99682617,exact
Ivory Coast,Evan N'Dicka,DF,0,,1398.90234375,unmatched
Ivory Coast,Christopher Operi,DF,12,İstanbul Başakşehir,1398.90234375,unmatched
Ivory Coast,Ghislain Konan,DF,54,Gil Vicente,1507.84570312,exact
Ivory Coast,Wilfried Singo,DF,34,Galatasaray,1684.27075195,exact
Ivory Coast,Guela Doué,DF,20,Strasbourg,1710.80419922,exact
Ivory Coast,Emmanuel Agbadou,DF,20,Beşiktaş,1516.34155273,exact
Ivory Coast,Odilon Kossounou,DF,35,Atalanta,1763.51843262,exact
Ivory Coast,Ousmane Diomande,DF,15,Sporting CP,1847.92749023,exact
Ivory Coast,Franck Kessié,MF,103,Al-Ahli,1640.0,curated
Ivory Coast,Seko Fofana,MF,32,Porto,1805.9453125,exact
Ivory Coast,Ibrahim Sangaré,MF,58,Nottingham Forest,1822.17028809,exact
Ivory Coast,Jean Michaël Seri,MF,65,Maribor,1334.22265625,exact
Ivory Coast,Amad Diallo,MF,19,Manchester United,1915.31604004,exact
Ivory Coast,Parfait Guiagon,MF,5,Charleroi,1504.99682617,exact
Ivory Coast,Christ Ravynel Inao Oulaï,MF,0,,1398.90234375,unmatched
Ivory Coast,Nicolas Pépé,FW,55,Villarreal,1759.34521484,exact
Ivory Coast,Evann Guessand,FW,21,Crystal Palace,1803.82470703,exact
Ivory Coast,Ange-Yoan Bonny,FW,1,Inter Milan,1888.60229492,exact
Ivory Coast,Sepe Elye Wahi,FW,0,,1398.90234375,unmatched
Ivory Coast,Simon Adingra,FW,29,Monaco,1717.51818848,exact
Ivory Coast,Oumar Diakite,FW,29,Cercle Brugge,1445.62512207,exact
Ivory Coast,Bazoumana Touré,FW,6,TSG Hoffenheim,1700.35375977,exact
Ivory Coast,Yan Diomandé,FW,10,RB Leipzig,1761.90344238,token
Qatar,Salah Zakaria,GK,8,Al-Duhail,1398.90234375,unmatched
Qatar,Meshaal Barsham,GK,52,Al-Sadd,1398.90234375,unmatched
Qatar,Mahmoud Abunada,GK,0,,1398.90234375,unmatched
Qatar,Boualem Khoukhi,DF,116,Al-Sadd,1398.90234375,unmatched
Qatar,Jassem Gaber Abdulsallam,DF,0,,1398.90234375,unmatched
Qatar,Homam Ahmed,DF,68,Cultural Leonesa,1367.80847168,token
Qatar,Ró-Ró,DF,0,,1398.90234375,unmatched
Qatar,Lucas Mendes,DF,25,Al-Wakrah,1398.90234375,unmatched
Qatar,Sultan Al Brake,DF,17,Al-Duhail,1398.90234375,unmatched
Qatar,Hashemi Al Hussain,DF,0,,1398.90234375,unmatched
Qatar,Issa Laye,DF,4,Al-Arabi,1398.90234375,unmatched
Qatar,Ayoub Al-Oui,DF,6,Al-Gharafa,1398.90234375,unmatched
Qatar,Assim Madibo,MF,51,Al-Wakrah,1398.90234375,unmatched
Qatar,Abdulaziz Hatem,MF,117,Al-Rayyan,1398.90234375,unmatched
Qatar,Karim Boudiaf,MF,118,Al-Duhail,1398.90234375,unmatched
Qatar,Ahmed Fathy,MF,48,Al-Arabi,1398.90234375,unmatched
Qatar,Yusuf Abdurisag,MF,39,Al-Wakrah,1398.90234375,unmatched
Qatar,Ahmed Al Ganehi,MF,13,Al-Gharafa,1398.90234375,unmatched
Qatar,Tahsin Jamshid,MF,3,Al-Duhail,1398.90234375,unmatched
Qatar,Mohamed Al-Mannai,MF,0,,1398.90234375,unmatched
Qatar,Akram Afif,FW,125,Al-Sadd,1398.90234375,unmatched
Qatar,Almoez Ali,FW,115,Al-Duhail,1398.90234375,unmatched
Qatar,Mohammed Muntari,FW,67,Al-Gharafa,1398.90234375,unmatched
Qatar,Hassan Al Haydos,FW,186,Al-Sadd,1398.90234375,unmatched
Qatar,Ahmed Alaa Eldin,FW,0,,1398.90234375,unmatched
Qatar,Edmílson,FW,0,,1398.90234375,unmatched
Jordan,Yazeed Abu Layla,GK,0,,1398.90234375,unmatched
Jordan,Abdallah Al Fakhouri,GK,11,Al-Wehdat,1398.90234375,unmatched
Jordan,Noureddin Bani Ateyah,GK,0,,1398.90234375,unmatched
Jordan,Ehsan Haddad,DF,0,,1398.90234375,unmatched
Jordan,Saleem Obaid,DF,0,,1398.90234375,unmatched
Jordan,Yazan Al Arab,DF,80,FC Seoul,1398.90234375,unmatched
Jordan,Mohammad Abualnadi,DF,0,,1398.90234375,unmatched
Jordan,Abdallah Naseeb,DF,0,,1398.90234375,unmatched
Jordan,Saed Al Rosan,DF,21,Al-Hussein,1398.90234375,unmatched
Jordan,Husam Abu Dahab,DF,18,Al-Faisaly,1398.90234375,unmatched
Jordan,Anas Badawi,DF,1,Al-Faisaly,1398.90234375,unmatched
Jordan,Nizar Al Rashdan,MF,47,Qatar SC,1398.90234375,unmatched
Jordan,Rajaei Ayed,MF,72,Al-Hussein,1398.90234375,unmatched
Jordan,Noor Al Rawabdeh,MF,68,Selangor,1398.90234375,unmatched
Jordan,Mohammad Abu Hasheesh,MF,0,,1398.90234375,unmatched
Jordan,Ibrahim Saadeh,MF,0,,1398.90234375,unmatched
Jordan,Mohammad Al-Dawoud,MF,13,Al-Wehdat,1398.90234375,unmatched
Jordan,Amer Jamous,MF,19,Al-Zawraa,1398.90234375,unmatched
Jordan,Musa Al Taamari,FW,92,Rennes,1716.11865234,exact
Jordan,Mahmoud Al Mardi,FW,89,Al-Hussein,1398.90234375,unmatched
Jordan,Ali Olwan,FW,66,Al-Sailiya,1398.90234375,unmatched
Jordan,Mohannad Abu Taha,FW,29,Al-Quwa Al-Jawiya,1398.90234375,unmatched
Jordan,Mohammad Abu Zrayq,FW,41,Raja Casablanca,1398.90234375,unmatched
Jordan,Ibrahim Sabra,FW,0,,1398.90234375,unmatched
Jordan,Odeh Fakhoury,FW,0,,1398.90234375,unmatched
Jordan,Ali Azaizeh,FW,4,Al-Shabab,1398.90234375,unmatched
Iraq,Jalal Hassan,GK,101,Al-Zawraa,1398.90234375,unmatched
Iraq,Fahad Talib,GK,21,Al-Talaba,1398.90234375,unmatched
Iraq,Ahmed Basil,GK,15,Al-Shorta,1398.90234375,unmatched
Iraq,Hussein Ali,DF,26,Pogoń Szczecin,1424.82580566,token
Iraq,Merchas Doski,DF,31,Viktoria Plzeň,1556.39904785,token
Iraq,Rebin Sulaka,DF,55,Port,1805.9453125,fuzzy
Iraq,Mustafa Saadoun,DF,0,,1398.90234375,unmatched
Iraq,Ahmed Yahya,DF,0,,1398.90234375,unmatched
Iraq,Frans Putros,DF,27,Persib,1398.90234375,unmatched
Iraq,Zaid Tahseen,DF,27,Pakhtakor,1460.0,curated
Iraq,Manaf Younis,DF,33,Al-Shorta,1398.90234375,unmatched
Iraq,Akam Hashem,DF,0,,1398.90234375,unmatched
Iraq,Amir Al Ammari,MF,50,Cracovia,1394.18823242,exact
Iraq,Kevin Yakob,MF,8,AGF,1398.90234375,unmatched
Iraq,Aimar Sher,MF,6,Sarpsborg 08,1403.36462402,fuzzy
Iraq,Ibrahim Bayesh,MF,75,Al Dhafra,1398.90234375,unmatched
Iraq,Youssef Amyn,MF,26,AEK Larnaca,1640.65869141,token
Iraq,Ahmed Qasem,MF,2,Nashville SC,1398.90234375,unmatched
Iraq,Zidane Iqbal,MF,24,Utrecht,1520.30163574,exact
Iraq,Zaid Ismail,MF,6,Al-Talaba,1398.90234375,unmatched
Iraq,Aymen Hussein,FW,94,Al-Karma,1398.90234375,unmatched
Iraq,Ali Al-Hamadi,FW,19,Luton Town,1398.90234375,unmatched
Iraq,Marko Farji,FW,11,Venezia,1598.84899902,exact
Iraq,Ali Jassim El-Aibi,FW,0,,1398.90234375,unmatched
Iraq,Mohanad Ali,FW,71,Dibba,1398.90234375,unmatched
Iraq,Ali Yousif,FW,6,Al-Talaba,1398.90234375,unmatched
Uzbekistan,Abduvakhid Nematov,GK,0,,1398.90234375,unmatched
Uzbekistan,Botir Ergashev,GK,0,,1398.90234375,unmatched
Uzbekistan,Utkir Yusupov,GK,40,Navbahor Namangan,1398.90234375,unmatched
Uzbekistan,Rustam Ashurmatov,DF,49,Esteghlal,1520.0,curated
Uzbekistan,Umar Eshmurodov,DF,29,Nasaf,1450.0,curated
Uzbekistan,Abdukodir Khusanov,DF,27,Manchester City,1970.85388184,exact
Uzbekistan,Jakhongir O'rozov,DF,0,,1398.90234375,unmatched
Uzbekistan,Farrukh Sayfiyev,DF,0,,1398.90234375,unmatched
Uzbekistan,Khodjiakbar Alijonov,DF,0,,1398.90234375,unmatched
Uzbekistan,Sherzod Nasrullayev,DF,0,,1398.90234375,unmatched
Uzbekistan,Abdulla Abdullayev,DF,0,,1398.90234375,unmatched
Uzbekistan,Bekhruz Karimov,DF,2,Surkhon Termiz,1398.90234375,unmatched
Uzbekistan,Avazbek Ulmasaliev,DF,0,AGMK,1398.90234375,unmatched
Uzbekistan,Dostonbek Xamdamov,MF,0,,1398.90234375,unmatched
Uzbekistan,Otabek Shukurov,MF,84,Baniyas,1398.90234375,unmatched
Uzbekistan,Oston Urunov,MF,42,Persepolis,1530.0,curated
Uzbekistan,Jamshid Iskanderov,MF,38,Neftchi Fergana,1398.90234375,unmatched
Uzbekistan,Akmal Mozgovoy,MF,25,Pakhtakor,1460.0,curated
Uzbekistan,Abbosbek Fayzullaev,MF,32,İstanbul Başakşehir,1398.90234375,unmatched
Uzbekistan,Azizjon Ganiev,MF,19,Al Bataeh,1398.90234375,unmatched
Uzbekistan,Odiljon Hamrobekov,MF,72,Tractor,1490.0,curated
Uzbekistan,Sherzod Esanov,MF,1,Bukhara,1398.90234375,unmatched
Uzbekistan,Eldor Shomurodov,FW,92,İstanbul Başakşehir,1398.90234375,unmatched
Uzbekistan,Jaloliddin Masharipov,FW,74,Esteghlal,1520.0,curated
Uzbekistan,Igor Sergeev,FW,83,Persepolis,1530.0,curated
Uzbekistan,Azizbek Amonov,FW,12,Dinamo Samarqand,1398.90234375,unmatched
Netherlands,Mark Flekken,GK,12,Bayer Leverkusen,1804.02624512,exact
Netherlands,Bart Verbruggen,GK,29,Brighton & Hove Albion,1842.01049805,token
Netherlands,Robin Roefs,GK,1,Sunderland,1735.93017578,exact
Netherlands,Denzel Dumfries,DF,72,Inter Milan,1888.60229492,exact
Netherlands,Virgil van Dijk,DF,92,Liverpool,1910.79907227,exact
Netherlands,Nathan Aké,DF,59,Manchester City,1970.85388184,exact
Netherlands,Jan Paul van Hecke,DF,12,Brighton & Hove Albion,1842.01049805,token
Netherlands,Jurrien Timber,DF,0,,1398.90234375,unmatched
Netherlands,Mickey van de Ven,DF,0,,1398.90234375,unmatched
Netherlands,Jorrel Hato,DF,8,Chelsea,1831.1036377,exact
Netherlands,Marten de Roon,MF,43,Atalanta,1763.51843262,exact
Netherlands,Donyell Malen,MF,53,Roma,1793.45080566,exact
Netherlands,Frenkie de Jong,MF,66,Barcelona,1951.58874512,exact
Netherlands,Noa Lang,MF,15,Galatasaray,1684.27075195,exact
Netherlands,Guus Til,MF,7,PSV Eindhoven,1759.13476562,exact
Netherlands,Teun Koopmeiners,MF,28,Juventus,1772.25634766,exact
Netherlands,Tijjani Reijnders,MF,32,Manchester City,1970.85388184,exact
Netherlands,Ryan Gravenberch,MF,27,Liverpool,1910.79907227,exact
Netherlands,Mats Wieffer,MF,15,Brighton & Hove Albion,1842.01049805,token
Netherlands,Quinten Timber,MF,11,Marseille,1716.74267578,exact
Netherlands,Crysencio Summerville,MF,2,West Ham United,1768.80200195,exact
Netherlands,Cody Gakpo,FW,50,Liverpool,1910.79907227,exact
Netherlands,Justin Kluivert,FW,12,Bournemouth,1871.97009277,exact
Netherlands,Wout Weghorst,FW,52,Ajax,1578.02783203,exact
Netherlands,Memphis Depay,FW,109,Corinthians,1680.0,curated
Netherlands,Brian Brobbey,FW,12,Sunderland,1735.93017578,exact
Norway,Ørjan Nyland,GK,71,Sevilla,1625.92346191,exact
Norway,Egil Selvik,GK,7,Watford,1458.1619873,exact
Norway,Sander Tangvik,GK,0,Hamburger SV,1602.1472168,fuzzy
Norway,Kristoffer Ajer,DF,52,Brentford,1836.59033203,exact
Norway,Torbjørn Heggem,DF,15,Bologna,1701.2779541,exact
Norway,Fredrik Bjørkan,DF,0,,1398.90234375,unmatched
Norway,Marcus Pedersen,DF,0,,1398.90234375,unmatched
Norway,Julian Ryerson,DF,43,Borussia Dortmund,1834.76867676,exact
Norway,Leo Østigård,DF,38,Genoa,1618.22717285,exact
Norway,Henrik Falchener,DF,1,Viking,1631.9107666,exact
Norway,Sondre Langås,DF,3,Derby County,1539.21337891,token
Norway,David Wolfe,DF,0,,1398.90234375,unmatched
Norway,Morten Thorsby,MF,31,Cremonese,1531.55664062,exact
Norway,Martin Ødegaard,MF,68,Arsenal,2063.75805664,exact
Norway,Sander Berge,MF,66,Fulham,1813.09570312,exact
Norway,Patrick Berg,MF,43,Bodø/Glimt,1708.89233398,fuzzy
Norway,Fredrik Aursnes,MF,22,Benfica,1823.50866699,exact
Norway,Kristian Thorstvedt,MF,37,Sassuolo,1622.01721191,exact
Norway,Thelo Aasgaard,MF,8,Rangers,1517.05712891,exact
Norway,Antonio Nusa,MF,24,RB Leipzig,1761.90344238,token
Norway,Oscar Bobb,MF,20,Fulham,1813.09570312,exact
Norway,Alexander Sørloth,FW,72,Atlético Madrid,1827.67541504,exact
Norway,Jens Hauge,FW,0,,1398.90234375,unmatched
Norway,Erling Haaland,FW,50,Manchester City,1970.85388184,exact
Norway,Andreas Schjelderup,FW,12,Benfica,1823.50866699,exact
Norway,Jørgen Strand Larsen,FW,28,Crystal Palace,1803.82470703,exact
Scotland,Angus Gunn,GK,22,Nottingham Forest,1822.17028809,exact
Scotland,Craig Gordon,GK,84,Heart of Midlothian,1398.90234375,unmatched
Scotland,Liam Kelly,GK,3,Rangers,1517.05712891,exact
Scotland,Grant Hanley,DF,68,Hibernian,1398.91027832,exact
Scotland,Dominic Hyam,DF,4,Wrexham,1527.45922852,exact
Scotland,Andrew Robertson,DF,0,,1398.90234375,unmatched
Scotland,Kieran Tierney,DF,56,Celtic,1575.15283203,exact
Scotland,Jack Hendry,DF,38,Al-Ettifaq,1398.90234375,unmatched
Scotland,Anthony Ralston,DF,27,Celtic,1575.15283203,exact
Scotland,John Souttar,DF,24,Rangers,1517.05712891,exact
Scotland,Scott McKenna,DF,50,Dinamo Zagreb,1577.11853027,exact
Scotland,Aaron Hickey,DF,21,Brentford,1836.59033203,exact
Scotland,Nathan Patterson,DF,26,Everton,1803.43078613,exact
Scotland,Scott McTominay,MF,70,Napoli,1780.29589844,exact
Scotland,Kenny McLean,MF,58,Norwich City,1560.36120605,token
Scotland,Ryan Christie,MF,68,Bournemouth,1871.97009277,exact
Scotland,Lewis Ferguson,MF,24,Bologna,1701.2779541,exact
Scotland,John McGinn,MF,86,Aston Villa,1920.97021484,exact
Scotland,Ben Doak,MF,0,,1398.90234375,unmatched
Scotland,Findlay Curtis,MF,3,Kilmarnock,1297.11791992,exact
Scotland,Tyler Fletcher,MF,2,Manchester United,1915.31604004,exact
Scotland,Che Adams,FW,47,Torino,1624.05883789,exact
Scotland,George Hirst,FW,10,Ipswich Town,1639.99816895,token
Scotland,Ross Stewart,FW,3,Southampton,1636.34643555,exact
Scotland,Lyndon Dykes,FW,51,Charlton Athletic,1452.98535156,token
Scotland,Lawrence Shankland,FW,20,Heart of Midlothian,1398.90234375,unmatched
Curaçao,Trevor Doornbusch,GK,8,VVV-Venlo,1398.90234375,unmatched
Curaçao,Eloy Room,GK,71,Miami FC,1398.90234375,unmatched
Curaçao,Tyrick Bodak,GK,4,Telstar,1394.69750977,exact
Curaçao,Roshon van Eijma,DF,28,RKC Waalwijk,1398.90234375,unmatched
Curaçao,Joshua Brenet,DF,18,Kayserispor,1398.90234375,unmatched
Curaçao,Armando Obispo,DF,6,PSV Eindhoven,1759.13476562,exact
Curaçao,Sheral Floranus,DF,0,,1398.90234375,unmatched
Curaçao,Riechedly Bazoer,DF,5,Konyaspor,1398.39013672,exact
Curaçao,Juriën Gaari,DF,60,Abha,1398.90234375,unmatched
Curaçao,Shurandy Sambo,DF,8,Sparta Rotterdam,1411.77038574,exact
Curaçao,Ar'jany Martha,DF,9,Rotherham United,1398.90234375,unmatched
Curaçao,Livano Comenencia,DF,20,Zürich,1307.39770508,fuzzy
Curaçao,Deveron Fonville,DF,2,NEC,1398.90234375,unmatched
Curaçao,Tyrese Noslin,DF,7,Telstar,1394.69750977,exact
Curaçao,Leandro Bacuna,MF,72,Iğdır,1398.90234375,unmatched
Curaçao,Godfried Roemeratoe,MF,28,RKC Waalwijk,1398.90234375,unmatched
Curaçao,Juninho Bacuna,MF,49,Volendam,1335.65087891,exact
Curaçao,Kevin Felida,MF,19,Den Bosch,1398.90234375,unmatched
Curaçao,Gervane Kastaneer,FW,29,Terengganu,1398.90234375,unmatched
Curaçao,Kenji Gorré,FW,38,Maccabi Haifa,1347.22485352,exact
Curaçao,Jürgen Locadia,FW,13,Miami FC,1398.90234375,unmatched
Curaçao,Tahith Chong,FW,6,Sheffield United,1546.58068848,exact
Curaçao,Sontje Hansen,FW,6,Middlesbrough,1588.94519043,exact
Curaçao,Jearl Margaritha,FW,22,Beveren,1398.90234375,unmatched
Curaçao,Jeremy Antonisse,FW,27,Kifisia,1289.7779541,fuzzy
Curaçao,Brandley Kuwas,FW,35,Volendam,1335.65087891,exact
