team,player,position,caps,club
Uruguay,Fernando Muslera,GK,134,Estudiantes
Uruguay,Santiago Mele,GK,8,Monterrey
Uruguay,Sergio Rochet,GK,35,Internacional
Uruguay,Guillermo Varela,DF,28,Flamengo
Uruguay,Ronald Araújo,DF,27,Barcelona
Uruguay,Sebastían Cáceres,DF,24,América
Uruguay,Matías Viña,DF,43,River Plate
Uruguay,Joaquín Piquerez,DF,19,Palmeiras
Uruguay,Maximiliano Araújo,DF,28,Sporting CP
Uruguay,Mathías Olivera,DF,35,Napoli
Uruguay,Santiago Bueno,DF,8,Wolverhampton Wanderers
Uruguay,José Giménez,DF,99,Atlético Madrid
Uruguay,Federico Valverde,MF,73,Real Madrid
Uruguay,Giorgian De Arrascaeta,MF,60,Flamengo
Uruguay,Rodrigo Bentancur,MF,74,Tottenham Hotspur
Uruguay,Manuel Ugarte,MF,36,Manchester United
Uruguay,Brian Rodríguez,MF,32,América
Uruguay,Rodrigo Zalazar,MF,8,Braga
Uruguay,Facundo Pellistri,MF,39,Panathinaikos
Uruguay,Emiliano Martínez,MF,10,Palmeiras
Uruguay,Juan Sanabria,MF,0,
Uruguay,Nicolas de la Cruz,MF,34,Flamengo
Uruguay,Rodrigo Aguirre,FW,10,UANL
Uruguay,Darwin Núñez,FW,38,Al-Hilal
Uruguay,Agustín Canobbio,FW,15,Fluminense
Uruguay,Federico Viñas,FW,11,Oviedo
Germany,Oliver Baumann,GK,13,TSG Hoffenheim
Germany,Manuel Neuer,GK,124,Bayern Munich
Germany,Alexander Nübel,GK,3,VfB Stuttgart
Germany,Jonathan Tah,DF,47,Bayern Munich
Germany,Waldemar Anton,DF,13,Borussia Dortmund
Germany,Antonio Rüdiger,DF,82,Real Madrid
Germany,David Raum,DF,37,RB Leipzig
Germany,Nico Schlotterbeck,DF,27,Borussia Dortmund
Germany,Malick Thiaw,DF,5,Newcastle United
Germany,Nathaniel Brown,DF,5,Eintracht Frankfurt
Germany,Nadiem Amiri,MF,11,Mainz 05
Germany,Joshua Kimmich,MF,110,Bayern Munich
Germany,Leon Goretzka,MF,70,Bayern Munich
Germany,Pascal Groß,MF,18,Brighton & Hove Albion
Germany,Florian Wirtz,MF,41,Liverpool
Germany,Felix Kalu Nmecha,MF,0,
Germany,Angelo Stiller,MF,8,VfB Stuttgart
Germany,Jamal Musiala,MF,42,Bayern Munich
Germany,Aleksandar Pavlović,MF,11,Bayern Munich
Germany,Assan Ouédraogo,MF,1,RB Leipzig
Germany,Kai Havertz,FW,58,Arsenal
Germany,Leroy Sané,FW,76,Galatasaray
Germany,Deniz Undav,FW,9,VfB Stuttgart
Germany,Jamie Leweling,FW,5,VfB Stuttgart
Germany,Nick Woltemade,FW,11,Newcastle United
Germany,Maximilian Beier,FW,9,Borussia Dortmund
Spain,David Raya,GK,13,Arsenal
Spain,Unai Simón,GK,58,Athletic Bilbao
Spain,Joan García,GK,2,Barcelona
Spain,Aymeric Laporte,DF,46,Athletic Bilbao
Spain,Cucurella,DF,0,
Spain,Alejandro Grimaldo,DF,0,
Spain,Pedro Porro,DF,18,Tottenham Hotspur
Spain,Eric García,DF,21,Barcelona
Spain,Marc Pubill,DF,2,Atlético Madrid
Spain,Pau Cubarsí,DF,12,Barcelona
Spain,Fabián Ruiz,MF,42,Paris Saint-Germain
Spain,Marcos Llorente,MF,24,Atlético Madrid
Spain,Rodri,MF,62,Manchester City
Spain,Mikel Merino,MF,43,Arsenal
Spain,Dani Olmo,MF,50,Barcelona
Spain,Ferrán Torres,MF,57,Barcelona
Spain,Martín Zubimendi,MF,26,Arsenal
Spain,Pedri,MF,41,Barcelona
Spain,Pablo Gavira,MF,0,
Spain,Mikel Oyarzabal,MF,53,Real Sociedad
Spain,Álex Baena,MF,17,Atlético Madrid
Spain,Borja Iglesias,FW,8,Celta Vigo
Spain,Yeremi Pino,FW,0,
Spain,Nico Williams,FW,30,Athletic Bilbao
Spain,Lamine Yamal,FW,25,Barcelona
Spain,Víctor Muñoz,FW,2,Osasuna
Paraguay,Gastón Olveira,GK,1,Olimpia
Paraguay,Roberto Fernández,GK,0,
Paraguay,Orlando Gill,GK,6,San Lorenzo
Paraguay,Fabián Balbuena,DF,48,Grêmio
Paraguay,Gustavo Gómez,DF,89,Palmeiras
Paraguay,Júnior Alonso,DF,71,Atlético Mineiro
Paraguay,Omar Alderete,DF,36,Sunderland
Paraguay,Juan Cáceres,DF,0,
Paraguay,Gustavo Velázquez,DF,13,Cerro Porteño
Paraguay,José Canale,DF,2,Lanús
Paraguay,Alexandro Maidana,DF,2,Talleres
Paraguay,Andrés Cubas,MF,33,Vancouver Whitecaps FC
Paraguay,Kaku,MF,33,Al Ain
Paraguay,Miguel Almirón,MF,76,Atlanta United FC
Paraguay,Mauricio,MF,3,Palmeiras
Paraguay,Braian Ojeda,MF,17,Orlando City SC
Paraguay,Matías Galarza,MF,15,Atlanta United FC
Paraguay,Damian Bobadilla,MF,19,São Paulo
Paraguay,Diego Gómez,MF,24,Brighton & Hove Albion
Paraguay,Antonio Sanabria,FW,48,Cremonese
Paraguay,Gabriel Ávalos,FW,23,Independiente
Paraguay,Isidro Pitta,FW,5,Red Bull Bragantino
Paraguay,Ramón Sosa,FW,29,Palmeiras
Paraguay,Julio Enciso,FW,32,Strasbourg
Paraguay,Gustavo Caballero,FW,2,Portsmouth
Paraguay,Alex Arce,FW,15,Independiente Rivadavia
Argentina,Géronimo Rulli,GK,7,Marseille
Argentina,Emiliano Martínez,GK,59,Aston Villa
Argentina,Juan Musso,GK,4,Atlético Madrid
Argentina,Nicolás Otamendi,DF,131,Benfica
Argentina,Nicolás Tagliafico,DF,76,Lyon
Argentina,Gonzalo Montiel,DF,38,River Plate
Argentina,Christian Romero,DF,0,
Argentina,Facundo Medina,DF,8,Marseille
Argentina,Lisandro Martínez,DF,27,Manchester United
Argentina,Nahuel Molina,DF,58,Atlético Madrid
Argentina,Leonardo Balerdi,DF,0,
Argentina,Valentin Barco,DF,3,Strasbourg
Argentina,Rodrigo de Paul,MF,86,Inter Miami CF
Argentina,Leandro Paredes,MF,77,Boca Juniors
Argentina,Giovani Lo Celso,MF,66,Real Betis
Argentina,Exequiel Palacios,MF,39,Bayer Leverkusen
Argentina,Alexis Mac Allister,MF,45,Liverpool
Argentina,Thiago Almada,MF,15,Atlético Madrid
Argentina,Enzo Fernández,MF,41,Chelsea
Argentina,Nico Paz,MF,8,Como
Argentina,Lionel Messi,FW,198,Inter Miami CF
Argentina,Lautaro Martínez,FW,76,Inter Milan
Argentina,Nicolás González,FW,50,Atlético Madrid
Argentina,Julián Álvarez,FW,51,Atlético Madrid
Argentina,José Manuel López,FW,4,Palmeiras
Argentina,Giuliano Simeone,FW,12,Atlético Madrid
Ghana,Lawrence Ati-Zigi,GK,29,St. Gallen
Ghana,Joseph Anang,GK,1,St Patrick's Athletic
Ghana,Benjamin Asare,GK,11,Hearts of Oak
Ghana,Abdul Rahman Baba,DF,51,PAOK
Ghana,Derrick Luckassen,DF,1,Pafos
Ghana,Gideon Mensah,DF,40,Auxerre
Ghana,Abdul Mumin,DF,5,Rayo Vallecano
Ghana,Jerome Opoku,DF,11,İstanbul Başakşehir
Ghana,Alidu Seidu,DF,24,Rennes
Ghana,Marvin Senaya,DF,2,Auxerre
Ghana,Jonas Adjei Adjetey,DF,0,
Ghana,Kojo Peprah Oppong,DF,4,Nice
Ghana,Thomas Partey,MF,57,Villarreal
Ghana,Elisha Owusu,MF,20,Auxerre
Ghana,Kwasi Sibo,MF,8,Oviedo
Ghana,Augustine Boakye,MF,0,Saint-Étienne
Ghana,Caleb Yirenkyi,MF,11,Nordsjælland
Ghana,Antoine Semenyo,FW,34,Manchester City
Ghana,Brandon Thomas-Asante,FW,8,Coventry City
Ghana,Jordan Ayew,FW,120,Leicester City
Ghana,Iñaki Williams,FW,26,Athletic Bilbao
Ghana,Kamal Deen Sulemana,FW,0,
Ghana,Ernest Nuamah,FW,18,Lyon
Ghana,Abdul Issahaku,FW,0,
Ghana,Christopher Bonsu Baah,FW,9,Al-Qadsiah
Ghana,Prince Adu,FW,0,
Brazil,Weverton,GK,11,Grêmio
Brazil,Alisson Becker,GK,0,
Brazil,Ederson,GK,0,
Brazil,Roger Ibañez,DF,7,Al-Ahli
Brazil,Bremer,DF,8,Juventus
Brazil,Alex Sandro,DF,45,Flamengo
Brazil,Marquinhos,DF,105,Paris Saint-Germain
Brazil,Douglas Santos,DF,7,Zenit Saint Petersburg
Brazil,Danilo Luiz da Silva,DF,0,
Brazil,Léo Pereira,DF,4,Flamengo
Brazil,Gabriel Magalhães,DF,17,Arsenal
Brazil,Wesley,DF,0,
Brazil,Lucas Paquetá,MF,63,Flamengo
Brazil,Bruno Guimarães,MF,43,Newcastle United
Brazil,Casemiro,MF,86,Manchester United
Brazil,Fabinho,MF,33,Al-Ittihad
Brazil,Danilo dos Santos de Oliveira,MF,0,
Brazil,Vinicius Junior,FW,49,Real Madrid
Brazil,Neymar,FW,128,Santos
Brazil,Matheus Cunha,FW,23,Manchester United
Brazil,Raphinha,FW,39,Barcelona
Brazil,Martinelli,FW,0,
Brazil,Thiago,FW,0,
Brazil,Luiz Henrique,FW,15,Zenit Saint Petersburg
Brazil,Endrick,FW,17,Lyon
Brazil,Rayan,FW,2,Bournemouth
Portugal,José Sá,GK,5,Wolverhampton Wanderers
Portugal,Rui Silva,GK,3,Sporting CP
Portugal,Diogo Costa,GK,42,Porto
Portugal,João Cancelo,DF,67,Barcelona
Portugal,Rúben Dias,DF,75,Manchester City
Portugal,Nélson Semedo,DF,49,Fenerbahçe
Portugal,Diogo Dalot,DF,34,Manchester United
Portugal,Matheus Nunes,DF,19,Manchester City
Portugal,Nuno Mendes,DF,43,Paris Saint-Germain
Portugal,Gonçalo Inácio,DF,21,Sporting CP
Portugal,Tomas Araujo,DF,4,Benfica
Portugal,Renato Veiga,DF,12,Villarreal
Portugal,Bernardo Silva,MF,108,Manchester City
Portugal,Rúben Neves,MF,66,Al-Hilal
Portugal,Bruno Fernandes,MF,88,Manchester United
Portugal,Gonçalo Guedes,MF,34,Real Sociedad
Portugal,Samuel Almeida Costa,MF,0,
Portugal,Vitinha,MF,37,Paris Saint-Germain
Portugal,Joao Neves,MF,21,Paris Saint-Germain
Portugal,Cristiano Ronaldo,FW,227,Al-Nassr
Portugal,Pedro Neto,FW,24,Chelsea
Portugal,Rafael Leão,FW,44,Milan
Portugal,Trincão,FW,0,
Portugal,João Félix,FW,53,Al-Nassr
Portugal,Gonçalo Ramos,FW,24,Paris Saint-Germain
Portugal,Francisco Conceição,FW,16,Juventus
Japan,Keisuke Ōsako,GK,11,Sanfrecce Hiroshima
Japan,Zion Suzuki,GK,24,Parma
Japan,Tomoki Hayakawa,GK,4,Kashima Antlers
Japan,Yūto Nagatomo,DF,145,FC Tokyo
Japan,Takehiro Tomiyasu,DF,43,Ajax
Japan,Hiroki Ito,DF,24,Bayern Munich
Japan,Yukinari Sugawara,DF,21,Werder Bremen
Japan,Ko Itakura,DF,40,Ajax
Japan,Shogo Taniguchi,DF,38,Sint-Truiden
Japan,Ayumu Seko,DF,14,Le Havre
Japan,Tsuyoshi Watanabe,DF,11,Feyenoord
Japan,Junnosuke Suzuki,DF,6,Copenhagen
Japan,Wataru Endō,MF,73,Liverpool
Japan,Daichi Kamada,MF,49,Crystal Palace
Japan,Takefusa Kubo,MF,49,Real Sociedad
Japan,Keito Nakamura,MF,25,Reims
Japan,Ao Tanaka,MF,38,Leeds United
Japan,Kaishu Sano,MF,13,Mainz 05
Japan,Yuito Suzuki,MF,6,SC Freiburg
Japan,Ritsu Doan,FW,65,Eintracht Frankfurt
Japan,Daizen Maeda,FW,27,Celtic
Japan,Koki Ogawa,FW,15,NEC
Japan,Junya Ito,FW,69,Genk
Japan,Ayase Ueda,FW,39,Feyenoord
Japan,Kento Shiogai,FW,2,VfL Wolfsburg
Japan,Keisuke Goto,FW,4,Sint-Truiden
Mexico,Guillermo Ochoa,GK,152,AEL Limassol
Mexico,Carlos Acevedo,GK,7,Santos Laguna
Mexico,José Rangel,GK,0,
Mexico,Jesús Gallardo,DF,121,Toluca
Mexico,César Montes,DF,67,Lokomotiv Moscow
Mexico,Johan Vásquez,DF,46,Genoa
Mexico,Jorge Sánchez,DF,59,PAOK
Mexico,Israel Reyes,DF,34,América
Mexico,Mateo Chávez,DF,10,AZ
Mexico,Edson Álvarez,MF,98,Fenerbahçe
Mexico,Orbelín Pineda,MF,92,AEK Athens
Mexico,Luis Chávez,MF,45,Dynamo Moscow
Mexico,Luis Romo,MF,63,Guadalajara
Mexico,Erik Lira,MF,25,Cruz Azul
Mexico,Álvaro Fidalgo,MF,4,Real Betis
Mexico,Brian Gutiérrez,MF,7,Guadalajara
Mexico,Obed Vargas,MF,6,Atlético Madrid
Mexico,Gilberto Mora,MF,8,Tijuana
Mexico,Raúl Jiménez,FW,124,Fulham
Mexico,Julián Quiñones,FW,22,Al-Qadsiah
Mexico,Roberto Alvarado,FW,67,Guadalajara
Mexico,Santiago Giménez,FW,47,Milan
Mexico,Alexis Vega,FW,52,Toluca
Mexico,Guillermo Martínez,FW,12,Pumas
Mexico,César Huerta,FW,26,Anderlecht
Mexico,Armando González,FW,7,Guadalajara
England,Jordan Pickford,GK,83,Everton
England,Dean Henderson,GK,4,Crystal Palace
England,James Trafford,GK,2,Manchester City
England,John Stones,DF,88,Manchester City
England,Dan Burn,DF,7,Newcastle United
England,Ezri Konsa,DF,19,Aston Villa
England,Trevoh Chalobah,DF,0,
England,Reece James,DF,23,Chelsea
England,Djed Spence,DF,5,Tottenham Hotspur
England,Marc Guéhi,DF,28,Manchester City
England,Jarell Quansah,DF,2,Bayer Leverkusen
England,Nico O'Reilly,DF,4,Manchester City
England,Jordan Henderson,MF,90,Brentford
England,Eberechi Eze,MF,16,Arsenal
England,Anthony Gordon,MF,18,Newcastle United
England,Declan Rice,MF,72,Arsenal
England,Morgan Rogers,MF,14,Aston Villa
England,Elliot Anderson,MF,8,Nottingham Forest
England,Jude Bellingham,MF,47,Real Madrid
England,Kobbie Mainoo,MF,13,Manchester United
England,Marcus Rashford,FW,71,Barcelona
England,Ollie Watkins,FW,21,Aston Villa
England,Ivan Toney,FW,8,Al-Ahli
England,Harry Kane,FW,113,Bayern Munich
England,Bukayo Saka,FW,48,Arsenal
England,Noni Madueke,FW,10,Arsenal
United States,Matt Turner,GK,54,New England Revolution
United States,Matt Freese,GK,15,New York City FC
United States,Chris Brady,GK,1,Chicago Fire FC
United States,Antonee Robinson,DF,54,Fulham
United States,Tim Ream,DF,82,Charlotte FC
United States,Miles Robinson,DF,40,FC Cincinnati
United States,Auston Trusty,DF,8,Celtic
United States,Mark McKenzie,DF,29,Toulouse
United States,Joseph Scally,DF,0,
United States,Sergiño Dest,DF,39,PSV Eindhoven
United States,Chris Richards,DF,36,Crystal Palace
United States,Alex Freeman,DF,17,Villarreal
United States,Weston McKennie,MF,66,Juventus
United States,Alejandro Zendejas,MF,14,América
United States,Cristian Roldan,MF,47,Seattle Sounders FC
United States,Tyler Adams,MF,54,Bournemouth
United States,Brenden Aaronson,MF,58,Leeds United
United States,Gio Reyna,MF,0,
United States,Sebastian Berhalter,MF,13,Vancouver Whitecaps FC
United States,Malik Tillman,MF,30,Bayer Leverkusen
United States,Christian Pulisic,FW,86,Milan
United States,Tim Weah,FW,0,
United States,Haji Wright,FW,20,Coventry City
United States,Ricardo Pepi,FW,37,PSV Eindhoven
United States,Folarin Balogun,FW,27,Monaco
United States,Max Arfsten,FW,20,Columbus Crew
South Korea,Seung-Gyu Kim,GK,87,FC Tokyo
South Korea,Bum-keun Song,GK,3,Jeonbuk Hyundai Motors
South Korea,Hyeon-woo Jo,GK,48,Ulsan HD
South Korea,Min-Jae Kim,DF,79,Bayern Munich
South Korea,Moon-hwan Kim,DF,35,Daejeon Hana Citizen
South Korea,Han-bum Lee,DF,0,
South Korea,Young-woo Seol,DF,34,Red Star Belgrade
South Korea,Jin-seob Park,DF,14,Zhejiang
South Korea,Tae-hyeon Kim,DF,7,Kashima Antlers
South Korea,Gi-hyuk Lee,DF,3,Gangwon FC
South Korea,Tae-seok Lee,DF,15,Austria Wien
South Korea,Cho Wi-Je,DF,1,Jeonbuk Hyundai Motors
South Korea,Jens Castrop,MF,7,Borussia Mönchengladbach
South Korea,In-beom Hwang,MF,73,Feyenoord
South Korea,Dong-gyeong Lee,MF,18,Ulsan HD
South Korea,Jae-sung Lee,MF,105,Mainz 05
South Korea,Jin-Gyu Kim,MF,22,Jeonbuk Hyundai Motors
South Korea,Seung-Ho Paik,MF,27,Birmingham City
South Korea,Kang-in Lee,MF,47,Paris Saint-Germain
South Korea,Joon-ho Bae,MF,0,
South Korea,Hwang Heechan,FW,0,
South Korea,Heung-min Son,FW,144,Los Angeles FC
South Korea,Hyun-jun Yang,FW,9,Celtic
South Korea,Gue-Sung Cho,FW,44,Midtjylland
South Korea,Hyun-Gyu Oh,FW,0,
South Korea,Ji-sung Eom,FW,9,Swansea City
France,Brice Samba,GK,4,Rennes
France,Mike Maignan,GK,40,Milan
France,Robin Risser,GK,0,Lens
France,Theo Hernández,DF,44,Al-Hilal
France,Lucas Digne,DF,58,Aston Villa
France,Lucas Hernández,DF,42,Paris Saint-Germain
France,Jules Koundé,DF,48,Barcelona
France,Dayot Upamecano,DF,38,Bayern Munich
France,Ibrahima Konaté,DF,28,Liverpool
France,William Saliba,DF,32,Arsenal
France,Maxence Lacroix,DF,4,Crystal Palace
France,Malo Gusto,DF,11,Chelsea
France,N'Golo Kanté,MF,69,Fenerbahçe
France,Adrien Rabiot,MF,59,Milan
France,Aurélien Tchouameni,MF,46,Real Madrid
France,Manu Koné,MF,14,Roma
France,Rayan Cherki,MF,7,Manchester City
France,Maghnes Akliouche,MF,9,Monaco
France,Desire Doue,MF,7,Paris Saint-Germain
France,Warren Zaïre-Emery,MF,11,Paris Saint-Germain
France,Jean-Philippe Mateta,FW,4,Crystal Palace
France,Ousmane Dembélé,FW,59,Paris Saint-Germain
France,Kylian Mbappé,FW,98,Real Madrid
France,Marcus Thuram-Ulien,FW,0,
France,Michael Olise,FW,17,Bayern Munich
France,Bradley Barcola,FW,20,Paris Saint-Germain
South Africa,Ronwen Williams,GK,62,Mamelodi Sundowns
South Africa,Sipho Chaine,GK,3,Orlando Pirates
South Africa,Ricardo Goss,GK,4,Siwelele
South Africa,Aubrey Modiba,DF,44,Mamelodi Sundowns
South Africa,Nkosinathi Sibisi,DF,19,Orlando Pirates
South Africa,Khuliso Mudau,DF,32,Mamelodi Sundowns
South Africa,Olwethu Makhanya,DF,0,Philadelphia Union
South Africa,Bradley Cross,DF,0,Kaizer Chiefs
South Africa,Samukelo Kabini,DF,0,
South Africa,Ime Okon,DF,7,Hannover 96
South Africa,Mbekezeli Mbokazi,DF,10,Chicago Fire FC
South Africa,Khulumani Ndamane,DF,5,Mamelodi Sundowns
South Africa,Tholo Matuludi,DF,0,
South Africa,Themba Zwane,MF,53,Mamelodi Sundowns
South Africa,Teboho Mokoena,MF,51,Mamelodi Sundowns
South Africa,Sphephelo Sithole,MF,27,Tondela
South Africa,Jayden Adams,MF,4,Mamelodi Sundowns
South Africa,Thapelo Maseko,MF,9,AEL Limassol
South Africa,Thalente Mbatha,MF,14,Orlando Pirates
South Africa,Kamogelo Sebelebele,MF,2,Orlando Pirates
South Africa,Lyle Foster,FW,26,Burnley
South Africa,Oswin Appollis,FW,25,Orlando Pirates
South Africa,Iqraam Rayners,FW,13,Mamelodi Sundowns
South Africa,Evidence Makgopa,FW,26,Orlando Pirates
South Africa,Relebohile Mofokeng,FW,12,Orlando Pirates
South Africa,Tshepang Moremi,FW,9,Orlando Pirates
Algeria,Luca Zidane,GK,7,Granada
Algeria,Oussama Benbout,GK,0,
Algeria,Melvin Mastil,GK,1,Stade Nyonnais
Algeria,Aïssa Mandi,DF,117,Lille
Algeria,Rayan Aït Nouri,DF,28,Manchester City
Algeria,Ramy Bensebaini,DF,81,Borussia Dortmund
Algeria,Samir Chergui,DF,4,Paris FC
Algeria,Jaouen Hadjam,DF,17,Young Boys
Algeria,Rafik Belghali,DF,12,Hellas Verona
Algeria,Zinédine Belaïd,DF,0,
Algeria,Amine Tougai,DF,0,
Algeria,Achref Abada,DF,7,USM Alger
Algeria,Nabil Bentaleb,MF,59,Lille
Algeria,Houssem Aouar,MF,20,Al-Ittihad
Algeria,Hicham Boudaoui,MF,32,Nice
Algeria,Ramiz Zerrouki,MF,52,Twente
Algeria,Fares Chaïbi,MF,29,Eintracht Frankfurt
Algeria,Ibrahim Maza,MF,16,Bayer Leverkusen
Algeria,Yacine Titraoui,MF,5,Charleroi
Algeria,Adil Boulbina,MF,11,Al-Duhail
Algeria,Riyad Mahrez,FW,114,Al-Ahli
Algeria,Amine Gouiri,FW,22,Marseille
Algeria,Mohammed Amoura,FW,0,
Algeria,Nadhir Benbouali,FW,3,Győri ETO
Algeria,Anis Moussa,FW,0,
Algeria,Farés Ghedjemis,FW,1,Frosinone
Australia,Maty Ryan,GK,0,
Australia,Paul Izzo,GK,4,Randers
Australia,Patrick Beach,GK,2,Melbourne City
Australia,Aziz Behich,DF,84,Melbourne City
Australia,Miloš Degenek,DF,57,APOEL
Australia,Kai Trewin,DF,6,New York City FC
Australia,Jacob Italiano,DF,5,Grazer AK
Australia,Cameron Burgess,DF,27,Swansea City
Australia,Harry Souttar,DF,38,Leicester City
Australia,Jason Geria,DF,14,Albirex Niigata
Australia,Jordan Bos,DF,27,Feyenoord
Australia,Alessandro Circati,DF,13,Parma
Australia,Lucas Herrington,DF,4,Colorado Rapids
Australia,Mathew Leckie,MF,80,Melbourne City
Australia,Jackson Irvine,MF,82,FC St. Pauli
Australia,Connor Metcalfe,MF,36,FC St. Pauli
Australia,Ajdin Hrustic,MF,37,Heracles Almelo
Australia,Aiden O'Neill,MF,31,New York City FC
Australia,Awer Mabil,MF,38,Castellón
Australia,Cameron Devlin,MF,0,
Australia,Paul Okon-Engstler,MF,6,Sydney FC
Australia,Mohamed Toure,FW,10,Norwich City
Australia,Nishan Velupillay,FW,7,Melbourne Victory
Australia,Cristian Volpato,FW,1,Sassuolo
Australia,Nestor Irankunda,FW,0,
Australia,Tete Yengi,FW,1,Machida Zelvia
New Zealand,Max Crocombe,GK,24,Millwall
New Zealand,Michael Woud,GK,6,Auckland FC
New Zealand,Alex Paulsen,GK,8,Lechia Gdańsk
New Zealand,Liberato Cacace,DF,37,Wrexham
New Zealand,Tommy Smith,DF,56,Braintree Town
New Zealand,Michael Boxall,DF,63,Minnesota United FC
New Zealand,Francis De Vries,DF,20,Auckland FC
New Zealand,Callan Elliot,DF,11,Auckland FC
New Zealand,Tim Payne,DF,51,Wellington Phoenix
New Zealand,Nando Pijnaker,DF,25,Auckland FC
New Zealand,Finn Surman,DF,19,Portland Timbers
New Zealand,Tyler Bindon,DF,25,Sheffield United
New Zealand,Alex Rufer,MF,26,Wellington Phoenix
New Zealand,Sarpreet Singh,MF,28,Wellington Phoenix
New Zealand,Ryan Thomas,MF,25,PEC Zwolle
New Zealand,Callum McCowatt,MF,32,Silkeborg
New Zealand,Joe Bell,MF,32,Viking
New Zealand,Marko Stamenic,MF,39,Swansea City
New Zealand,Ben Old,MF,24,Saint-Étienne
New Zealand,Kosta Barbarouses,FW,76,Western Sydney Wanderers
New Zealand,Logan Rogerson,FW,0,
New Zealand,Chris Wood,FW,90,Nottingham Forest
New Zealand,Ben Waine,FW,31,Port Vale
New Zealand,Elijah Just,FW,44,Motherwell
New Zealand,Lachlan Bayliss,FW,4,Newcastle Jets
New Zealand,Jesse Randall,FW,11,Auckland FC
Switzerland,Gregor Kobel,GK,21,Borussia Dortmund
Switzerland,Yvon Mvogo,GK,13,Lorient
Switzerland,Marvin Keller,GK,1,Young Boys
Switzerland,Manuel Akanji,DF,81,Inter Milan
Switzerland,Ricardo Rodriguez,DF,138,Real Betis
Switzerland,Silvan Widmer,DF,60,Mainz 05
Switzerland,Nico Elvedi,DF,67,Borussia Mönchengladbach
Switzerland,Eray Cömert,DF,22,Valencia
Switzerland,Miro Muheim,DF,10,Hamburger SV
Switzerland,Aurele Amenda,DF,7,Eintracht Frankfurt
Switzerland,Luca Jaquez,DF,3,VfB Stuttgart
Switzerland,Remo Freuler,MF,88,Bologna
Switzerland,Granit Xhaka,MF,146,Sunderland
Switzerland,Denis Zakaria,MF,65,Monaco
Switzerland,Michel Aebischer,MF,40,Pisa
Switzerland,Djibril Sow,MF,52,Sevilla
Switzerland,Christian Fassnacht,MF,23,Young Boys
Switzerland,Ruben Vargas,MF,61,Sevilla
Switzerland,Ardon Jasari,MF,0,
Switzerland,Fabian Rieder,MF,28,FC Augsburg
Switzerland,Johan Manzambi,MF,12,SC Freiburg
Switzerland,Breel Embolo,FW,86,Rennes
Switzerland,Noah Okafor,FW,25,Leeds United
Switzerland,Cédric Itten,FW,15,Fortuna Düsseldorf
Switzerland,Dan Ndoye,FW,31,Nottingham Forest
Switzerland,Zeki Amdouni,FW,29,Burnley
Ecuador,Hernán Galíndez,GK,35,Huracán
Ecuador,Gonzalo Valle,GK,4,LDU Quito
Ecuador,Moisés Ramírez,GK,7,Kifisia
Ecuador,Ángelo Preciado,DF,55,Atlético Mineiro
Ecuador,Félix Torres,DF,49,Internacional
Ecuador,Pervis Estupiñán,DF,54,Milan
Ecuador,William Pacho,DF,0,
Ecuador,Jackson Porozo,DF,10,Tijuana
Ecuador,Piero Hincapié,DF,52,Arsenal
Ecuador,Joel Ordoñez,DF,17,Club Brugge
Ecuador,Yaimar Medina,DF,6,Genk
Ecuador,Alan Franco,MF,58,Atlético Mineiro
Ecuador,Jordy Alcívar,MF,11,Independiente del Valle
Ecuador,Gonzalo Plata,MF,50,Flamengo
Ecuador,Moisés Caicedo,MF,61,Chelsea
Ecuador,Pedro Vite,MF,17,UNAM
Ecuador,Alan Minda,MF,20,Atlético Mineiro
Ecuador,Ray Paez,MF,0,
Ecuador,Denil Castillo,MF,5,Midtjylland
Ecuador,Jordy Caicedo,FW,20,Huracán
Ecuador,Enner Valencia,FW,105,Pachuca
Ecuador,John Yeboah,FW,23,Venezia
Ecuador,Anthony Valencia,FW,3,Antwerp
Ecuador,Nilson Angulo,FW,14,Sunderland
Ecuador,Kevin Rodríguez,FW,31,Union Saint-Gilloise
Ecuador,Jeremy,FW,0,
Sweden,Kristoffer Nordfeldt,GK,21,AIK
Sweden,Viktor Johansson,GK,12,Stoke City
Sweden,Jacob Widell Zetterström,GK,3,Derby County
Sweden,Victor Nilsson-Lindelöf,DF,0,
Sweden,Carl Starfelt,DF,18,Celta Vigo
Sweden,Gabriel Gudmundsson,DF,24,Leeds United
Sweden,Hjalmar Ekdal,DF,13,Burnley
Sweden,Eric Smith,DF,2,FC St. Pauli
Sweden,Daniel Svensson,DF,13,Borussia Dortmund
Sweden,Gustaf Lagerbielke,DF,11,Braga
Sweden,Isak Hien,DF,29,Atalanta
Sweden,Herman Johansson,DF,3,FC Dallas
Sweden,Elliot Stroud,DF,1,Mjällby AIF
Sweden,Ken Sema,MF,33,Pafos
Sweden,Mattias Svanberg,MF,41,VfL Wolfsburg
Sweden,Jesper Karlström,MF,25,Udinese
Sweden,Yasin Ayari,MF,21,Brighton & Hove Albion
Sweden,Besfort Zeneli,MF,8,Union Saint-Gilloise
Sweden,Taha Ali,MF,2,Malmö FF
Sweden,Lucas Bergvall,MF,10,Tottenham Hotspur
Sweden,Alexander Isak,FW,58,Liverpool
Sweden,Viktor Gyökeres,FW,33,Arsenal
Sweden,Gustaf Nilsson,FW,10,Club Brugge
Sweden,Benjamin Nygren,FW,11,Celtic
Sweden,Alexander Bernhardsson,FW,11,Holstein Kiel
Sweden,Anthony Elanga,FW,30,Newcastle United
Czech Republic,Jindřich Staněk,GK,14,Slavia Prague
Czech Republic,Matej Kovar,GK,20,PSV Eindhoven
Czech Republic,Lukáš Horníček,GK,1,Braga
Czech Republic,Jaroslav Zelený,DF,23,Sparta Prague
Czech Republic,Vladimir Coufal,DF,62,TSG Hoffenheim
Czech Republic,Tomáš Holeš,DF,41,Slavia Prague
Czech Republic,David Zima,DF,25,Slavia Prague
Czech Republic,David Jurásek,DF,18,Slavia Prague
Czech Republic,Robin Hranac,DF,14,TSG Hoffenheim
Czech Republic,Štěpán Chaloupek,DF,5,Slavia Prague
Czech Republic,Ladislav Krejčí,MF,27,Wolverhampton Wanderers
Czech Republic,Vladimír Darida,MF,79,Hradec Králové
Czech Republic,Tomáš Souček,MF,90,West Ham United
Czech Republic,David Douděra,MF,17,Slavia Prague
Czech Republic,Michal Sadílek,MF,35,Slavia Prague
Czech Republic,Lukáš Provod,MF,38,Slavia Prague
Czech Republic,Pavel Šulc,MF,21,Lyon
Czech Republic,Lukáš Červ,MF,17,Viktoria Plzeň
Czech Republic,Denis Višinský,MF,2,Viktoria Plzeň
Czech Republic,Alexandr Sojka,MF,2,Viktoria Plzeň
Czech Republic,Hugo Sochůrek,MF,1,Sparta Prague
Czech Republic,Patrik Schick,FW,53,Bayer Leverkusen
Czech Republic,Tomáš Chorý,FW,22,Slavia Prague
Czech Republic,Jan Kuchta,FW,31,Sparta Prague
Czech Republic,Adam Hložek,FW,43,TSG Hoffenheim
Czech Republic,Mojmír Chytil,FW,22,Slavia Prague
Croatia,Dominik Livaković,GK,75,Dinamo Zagreb
Croatia,Ivor Pandur,GK,0,Hull City
Croatia,Dominik Kotarski,GK,4,Copenhagen
Croatia,Duje Ćaleta-Car,DF,38,Real Sociedad
Croatia,Marin Pongračić,DF,20,Fiorentina
Croatia,Martin Erlic,DF,13,Midtjylland
Croatia,Josip Stanišić,DF,31,Bayern Munich
Croatia,Joško Gvardiol,DF,48,Manchester City
Croatia,Josip Šutalo,DF,33,Ajax
Croatia,Luka Vušković,DF,5,Hamburger SV
Croatia,Luka Modrić,MF,198,Milan
Croatia,Mateo Kovačić,MF,113,Manchester City
Croatia,Mario Pašalić,MF,85,Atalanta
Croatia,Nikola Vlašić,MF,63,Torino
Croatia,Nikola Moro,MF,10,Bologna
Croatia,Kristijan Jakić,MF,17,FC Augsburg
Croatia,Luka Sučić,MF,21,Real Sociedad
Croatia,Petar Sucic,MF,17,Inter Milan
Croatia,Martin Baturina,MF,19,Como
Croatia,Toni Fruk,MF,7,Rijeka
Croatia,Andrej Kramarić,FW,116,TSG Hoffenheim
Croatia,Ivan Perišić,FW,154,PSV Eindhoven
Croatia,Ante Budimir,FW,38,Osasuna
Croatia,Petar Musa,FW,11,FC Dallas
Croatia,Marco Pašalić,FW,15,Orlando City SC
Croatia,Igor Matanovic,FW,9,SC Freiburg
Saudi Arabia,Mohammed Al Owais,GK,63,Al-Ula
Saudi Arabia,Nawaf Al Aqidi,GK,22,Al-Nassr
Saudi Arabia,Ahmed Al Kassar,GK,9,Al-Qadsiah
Saudi Arabia,Abdulelah Al Amri,DF,42,Al-Nassr
Saudi Arabia,Saud Abdulhamid,DF,54,Lens
Saudi Arabia,Ali Lajami,DF,21,Al-Hilal
Saudi Arabia,Hassan Al Tambakti,DF,51,Al-Hilal
Saudi Arabia,Hassan Kadesh,DF,20,Al-Ittihad
Saudi Arabia,Moteb Al Harbi,DF,12,Al-Hilal
Saudi Arabia,Ali Majrashi,DF,21,Al-Ahli
Saudi Arabia,Jehad Thakri,DF,7,Al-Qadsiah
Saudi Arabia,Nawaf Boushal,DF,24,Al-Nassr
Saudi Arabia,Salem Al Dawsari,MF,109,Al-Hilal
Saudi Arabia,Abdullah Al Khaibari,MF,39,Al-Nassr
Saudi Arabia,Nasser Al Dawsari,MF,43,Al-Hilal
Saudi Arabia,Ayman Yahya,MF,26,Al-Nassr
Saudi Arabia,Musab Al Juwayr,MF,34,Al-Qadsiah
Saudi Arabia,Mohammed Kanno,MF,0,
Saudi Arabia,Ziyad Al-Johani,MF,12,Al-Ahli
Saudi Arabia,Mohammed Abu Al Shamat,MF,6,Al-Qadsiah
Saudi Arabia,Alaa Al Hejji,MF,2,Neom
Saudi Arabia,Sultan Mandash,FW,6,Al-Hilal
Saudi Arabia,Saleh Al Shehri,FW,55,Al-Ittihad
Saudi Arabia,Abdullah Al-Hamdan,FW,49,Al-Nassr
Saudi Arabia,Khalid Al Ghannam,FW,6,Al-Ettifaq
Saudi Arabia,Firas Al Brikan,FW,0,
Tunisia,Aymen Dahmen,GK,37,CS Sfaxien
Tunisia,Sabri Ben Hessen,GK,2,Étoile du Sahel
Tunisia,Abdelmouhib Chamakh,GK,0,
Tunisia,Dylan Bronn,DF,52,Servette
Tunisia,Ali El Abdi,DF,0,
Tunisia,Yan Valery,DF,22,Young Boys
Tunisia,Mortadha Ben Ouanes,DF,18,Kasımpaşa
Tunisia,Omar Rekik,DF,6,Maribor
Tunisia,Yassine Chikhaoui,DF,0,
Tunisia,Montassar Talbi,DF,64,Lorient
Tunisia,Moutaz Neffati,DF,5,IFK Norrköping
Tunisia,Mohamed Amine Ben Hamida,DF,13,Espérance de Tunis
Tunisia,Adem Arous,DF,2,Kasımpaşa
Tunisia,Ellyes Skhiri,MF,83,Eintracht Frankfurt
Tunisia,Rani Khedira,MF,3,Union Berlin
Tunisia,Anis Ben Slimane,MF,41,Norwich City
Tunisia,Ismaël Gharbi,MF,17,FC Augsburg
Tunisia,Hannibal Mejbri,MF,45,Burnley
Tunisia,Elias Achouri,MF,30,Copenhagen
Tunisia,Hadj Mahmoud,MF,9,Lugano
Tunisia,Sebastian Tounekti,FW,12,Celtic
Tunisia,Firas Chaouat,FW,30,Club Africain
Tunisia,Elias Saad,FW,15,Hannover 96
Tunisia,Hazem Mastouri,FW,19,Dynamo Makhachkala
Tunisia,Rayan Elloumi,FW,4,Vancouver Whitecaps FC
Tunisia,Khalil Ayari,FW,4,Paris Saint-Germain
Turkey,Mert Günok,GK,37,Fenerbahçe
Turkey,Altay Bayındır,GK,12,Manchester United
Turkey,Uğurcan Çakır,GK,39,Galatasaray
Turkey,Çağlar Söyüncü,DF,60,Fenerbahçe
Turkey,Kaan Ayhan,DF,73,Galatasaray
Turkey,Ferdi Kadıoğlu,DF,30,Brighton & Hove Albion
Turkey,Mert Müldür,DF,45,Fenerbahçe
Turkey,Zeki Çelik,DF,61,Roma
Turkey,Abdülkerim Bardakcı,DF,27,Galatasaray
Turkey,Ozan Kabak,DF,30,TSG Hoffenheim
Turkey,Merih Demiral,DF,62,Al-Ahli
Turkey,Samet Akaydın,DF,0,
Turkey,Evren Eren Elmalı,DF,0,
Turkey,Salih Özcan,MF,30,Borussia Dortmund
Turkey,Hakan Çalhanoğlu,MF,105,Inter Milan
Turkey,Orkun Kökçü,MF,50,Beşiktaş
Turkey,İsmail Yüksek,MF,32,Fenerbahçe
Turkey,Arda Guler,MF,29,Real Madrid
Turkey,Oguz Aydin,MF,0,
Turkey,Baris Yilmaz,MF,0,
Turkey,İrfan Kahveci,MF,0,
Turkey,Yunus Akgün,FW,19,Galatasaray
Turkey,Muhammed Kerem Aktürkoğlu,FW,0,
Turkey,Deniz Gul,FW,8,Porto
Turkey,Kenan Yıldız,FW,28,Juventus
Turkey,Can Uzun,FW,6,Eintracht Frankfurt
Senegal,Edouard Mendy,GK,56,Al-Ahli
Senegal,Yehvann Diouf,GK,2,Nice
Senegal,Mory Diaw,GK,5,Le Havre
Senegal,Ismail Jakobs,DF,29,Galatasaray
Senegal,Kalidou Koulibaly,DF,102,Al-Hilal
Senegal,Moussa Niakhaté,DF,30,Lyon
Senegal,Abdoulaye Seck,DF,22,Maccabi Haifa
Senegal,Antoine Mendy,DF,6,Nice
Senegal,Mamadou Sarr,DF,7,Chelsea
Senegal,El Hadji Diouf,DF,0,
Senegal,Pape Gueye,MF,41,Villarreal
Senegal,Idrissa Gana Guèye,MF,0,
Senegal,Ismaïla Sarr,MF,82,Crystal Palace
Senegal,Krépin Diatta,MF,60,Monaco
Senegal,Pathé Ciss,MF,29,Rayo Vallecano
Senegal,Iliman Ndiaye,MF,39,Everton
Senegal,Pape Sarr,MF,0,
Senegal,Habib Diarra,MF,20,Sunderland
Senegal,Lamine Camara,MF,32,Monaco
Senegal,Bara Ndiaye,MF,0,
Senegal,Sadio Mané,FW,127,Al-Nassr
Senegal,Cherif Ndiaye,FW,18,Samsunspor
Senegal,Nicolas Jackson,FW,32,Bayern Munich
Senegal,Ahmadou Bamba Dieng,FW,0,
Senegal,Assane Diao,FW,5,Como
Senegal,Ibrahim M'Baye,FW,0,
Senegal,Pape Thiaw,Coach,0,
Belgium,Thibaut Courtois,GK,109,Real Madrid
Belgium,Senne Lammens,GK,2,Manchester United
Belgium,Mike Penders,GK,0,Strasbourg
Belgium,Timothy Castagne,DF,63,Fulham
Belgium,Thomas Meunier,DF,80,Lille
Belgium,Brandon Mechele,DF,9,Club Brugge
Belgium,Maxim De Cuyper,DF,19,Brighton & Hove Albion
Belgium,Arthur Theate,DF,33,Eintracht Frankfurt
Belgium,Koni De Winter,DF,8,Milan
Belgium,Zeno Debast,DF,26,Sporting CP
Belgium,Nathan Ngoy,DF,4,Lille
Belgium,Joaquin Seys,DF,5,Club Brugge
Belgium,Kevin De Bruyne,MF,119,Napoli
Belgium,Axel Witsel,MF,138,Girona
Belgium,Youri Tielemans,MF,85,Aston Villa
Belgium,Dodi Lukebakio,MF,30,Benfica
Belgium,Alexis Saelemaekers,MF,24,Milan
Belgium,Hans Vanaken,MF,34,Club Brugge
Belgium,Nicolas Raskin,MF,13,Rangers
Belgium,Jeremy Doku,MF,43,Manchester City
Belgium,Amadou Onana,MF,29,Aston Villa
Belgium,Diego Moreira,MF,3,Strasbourg
Belgium,Romelu Lukaku,FW,126,Napoli
Belgium,Leandro Trossard,FW,51,Arsenal
Belgium,Charles De Ketelaere,FW,30,Atalanta
Belgium,Matias Fernandez-Pardo,FW,2,Lille
Morocco,Munir Mohamedi,GK,53,RS Berkane
Morocco,Yassine Bounou,GK,90,Al-Hilal
Morocco,Ahmed Reda Tagnaouti,GK,3,AS FAR
Morocco,Achraf Hakimi,DF,96,Paris Saint-Germain
Morocco,Noussair Mazraoui,DF,45,Manchester United
Morocco,Issa Diop,DF,4,Fulham
Morocco,Nayef Aguerd,DF,64,Marseille
Morocco,Anass Salah-Eddine,DF,9,PSV Eindhoven
Morocco,Chadi Riad,DF,6,Crystal Palace
Morocco,Redouane Halhal,DF,3,Mechelen
Morocco,Zakaria El Ouahdi,DF,3,Genk
Morocco,Youssef Belammari,DF,19,Al Ahly
Morocco,Sofyan Amrabat,MF,75,Real Betis
Morocco,Brahim Diaz,MF,26,Real Madrid
Morocco,Azzedine Ounahi,MF,49,Girona
Morocco,Ismael Saibari,MF,31,PSV Eindhoven
Morocco,Neil El Aynaoui,MF,16,Roma
Morocco,Bilal El Khannouss,MF,37,VfB Stuttgart
Morocco,Chemsdine Talbi,MF,5,Sunderland
Morocco,Ayyoub Bouaddi,MF,3,Lille
Morocco,Samir El Mourabet,MF,4,Strasbourg
Morocco,Soufiane Rahimi,FW,37,Al Ain
Morocco,Ayoub El Kaabi,FW,71,Olympiacos
Morocco,Abdessamad Ezzalzouli,FW,0,
Morocco,Gessime Yassine,FW,5,Strasbourg
Morocco,Ayoube Amaimouni-Echghouyab,FW,0,
Austria,Alexander Schlager,GK,26,Red Bull Salzburg
Austria,Patrick Pentz,GK,18,Brøndby
Austria,Florian Wiegele,GK,1,Viktoria Plzeň
Austria,David Alaba,DF,113,Real Madrid
Austria,Stefan Posch,DF,52,Mainz 05
Austria,Philipp Mwene,DF,0,
Austria,Kevin Danso,DF,32,Tottenham Hotspur
Austria,Marco Friedl,DF,11,Werder Bremen
Austria,Philipp Lienhart,DF,41,SC Freiburg
Austria,Michael Svoboda,DF,4,Venezia
Austria,Alexander Prass,DF,19,TSG Hoffenheim
Austria,David Affengruber,DF,1,Elche
Austria,Florian Grillitsch,MF,58,Braga
Austria,Alessandro Schöpf,MF,35,Wolfsberger AC
Austria,Konrad Laimer,MF,57,Bayern Munich
Austria,Marcel Sabitzer,MF,98,Borussia Dortmund
Austria,Xaver Schlager,MF,51,RB Leipzig
Austria,Romano Schmid,MF,34,Werder Bremen
Austria,Christoph Baumgartner,MF,0,
Austria,Nicolas  Seiwald,MF,47,RB Leipzig
Austria,Patrick Wimmer,MF,30,VfL Wolfsburg
Austria,Carney Chukwuemeka,MF,3,Borussia Dortmund
Austria,Paul Wanner,MF,3,PSV Eindhoven
Austria,Michael Gregoritsch,FW,75,FC Augsburg
Austria,Marko Arnautovic,FW,133,Red Star Belgrade
Austria,Saša Kalajdžić,FW,22,LASK
Colombia,Camilo Vargas,GK,42,Atlas
Colombia,David Ospina,GK,130,Atlético Nacional
Colombia,Álvaro Montero,GK,12,Vélez Sarsfield
Colombia,Santiago Arias,DF,68,Independiente
Colombia,Johan Mojica,DF,45,Mallorca
Colombia,Yerry Mina,DF,54,Cagliari
Colombia,Davinson Sánchez,DF,79,Galatasaray
Colombia,Deiver Machado,DF,15,Nantes
Colombia,Daniel Muñoz,DF,46,Crystal Palace
Colombia,Jhon Lucumí,DF,37,Bologna
Colombia,Willer Ditta,DF,5,Cruz Azul
Colombia,James Rodríguez,MF,126,Minnesota United FC
Colombia,Juan Fernando Quintero,MF,49,River Plate
Colombia,Jefferson Lerma,MF,65,Crystal Palace
Colombia,Jhon Arias,MF,38,Palmeiras
Colombia,Jorge Carrascal,MF,24,Flamengo
Colombia,Kevin Castaño,MF,25,River Plate
Colombia,Jaminton Campaz,MF,10,Rosario Central
Colombia,Richard Rios,MF,32,Benfica
Colombia,Juan Portilla,MF,10,Athletico Paranaense
Colombia,Gustavo Puerta,MF,6,Racing Santander
Colombia,Jhon Córdoba,FW,21,Krasnodar
Colombia,Luis Díaz,FW,74,Bayern Munich
Colombia,Luis Suárez,FW,12,Sporting CP
Colombia,Cucho Hernández,FW,9,Real Betis
Colombia,Carlos Gómez,FW,0,
Egypt,Mohamed El Shenawy,GK,76,Al Ahly
Egypt,Mohamed Alaa,GK,0,El Gouna
Egypt,Oufa Shobeir,GK,0,
Egypt,El Mahdi Soliman,GK,0,
Egypt,Karim Hafez,DF,9,Pyramids
Egypt,Mohamed Hany,DF,42,Al Ahly
Egypt,Yasser Ibrahim,DF,17,Al Ahly
Egypt,Ahmed El Fotouh,DF,0,
Egypt,Mohamed Abdelmonem,DF,36,Nice
Egypt,Rami Rabia,DF,0,
Egypt,Hossam Abdelmaguid,DF,13,Zamalek
Egypt,Tarek Alaa,DF,3,ZED
Egypt,Zizo,MF,63,Al Ahly
Egypt,Nabil Dunga,MF,0,
Egypt,Hamdy Fathy,MF,63,Al-Wakrah
Egypt,Trezeguet,MF,96,Al Ahly
Egypt,Emam Ashour,MF,29,Al Ahly
Egypt,Mohanad Lashin,MF,0,
Egypt,Marwan Attia,MF,34,Al Ahly
Egypt,Mahmoud Saber,MF,15,ZED
Egypt,Mostafa Ziko,MF,2,Pyramids
Egypt,Mohamed Salah,FW,116,Liverpool
Egypt,Omar Marmoush,FW,49,Manchester City
Egypt,Haissem Hassan,FW,4,Oviedo
Egypt,Ibrahim Adel,FW,24,Nordsjælland
Egypt,Hamza Abdelkarim,FW,2,Barcelona B
Canada,Maxime Crépeau,GK,32,Orlando City SC
Canada,Dayne St. Clair,GK,20,Inter Miami CF
Canada,Owen Goodman,GK,0,Barnsley
Canada,Alphonso Davies,DF,58,Bayern Munich
Canada,Richie Laryea,DF,75,Toronto FC
Canada,Alfie Jones,DF,2,Middlesbrough
Canada,Joel Waterman,DF,17,Chicago Fire FC
Canada,Derek Cornelius,DF,44,Rangers
Canada,Alistair Johnston,DF,58,Celtic
Canada,Moise Bombito,DF,20,Nice
Canada,Luc De Fougerolles,DF,13,Dender
Canada,Jonathan Osorio,MF,90,Toronto FC
Canada,Stephen Eustáquio,MF,56,Los Angeles FC
Canada,Mathieu Choinière,MF,23,Los Angeles FC
Canada,Tajon Buchanan,MF,60,Villarreal
Canada,Marcelo Flores,MF,0,
Canada,Nathan-Dylan Saliba,MF,0,
Canada,Ismael Kone,MF,40,Sassuolo
Canada,Ali Ahmed,MF,24,Norwich City
Canada,Niko Sigur,MF,19,Hajduk Split
Canada,Jonathan David,FW,77,Juventus
Canada,Cyle Larin,FW,90,Southampton
Canada,Liam Millar,FW,41,Hull City
Canada,Jacob Shaffelburg,FW,31,Los Angeles FC
Canada,Tani Oluwaseyi,FW,24,Villarreal
Canada,Promise Akinpelu,FW,0,
Haiti,Alexandre Pierre,GK,15,Sochaux
Haiti,Johny Placide,GK,81,Bastia
Haiti,Josué Duverger,GK,6,Cosmos Koblenz
Haiti,Carlens Arcus,DF,53,Angers
Haiti,Jean-Kevin Duverne,DF,17,Gent
Haiti,Hannes Delcroix,DF,7,Lugano
Haiti,Martin Expérience,DF,21,Nancy
Haiti,Ricardo Adé,DF,59,LDU Quito
Haiti,Duke LaCroix,DF,16,Colorado Springs Switchbacks FC
Haiti,Garven-Michee Metusala,DF,0,
Haiti,Keeto Thermoncy,DF,1,Young Boys
Haiti,Wilguens Paugain,DF,8,Zulte Waregem
Haiti,Jean-Ricner Bellegarde,MF,10,Wolverhampton Wanderers
Haiti,Derrick Etienne,MF,0,
Haiti,Danley Jean Jacques,MF,30,Philadelphia Union
Haiti,Dominique Simon,MF,2,Tatran Prešov
Haiti,Carl Sainté,MF,26,El Paso Locomotive FC
Haiti,Woodensky Pierre,MF,1,Violette
Haiti,Duckens Nazon,FW,78,Esteghlal
Haiti,Frantzdy Pierrot,FW,51,Çaykur Rizespor
Haiti,Yassin Fortune,FW,4,Vizela
Haiti,Wilson Isidor,FW,4,Sunderland
Haiti,Lenny Joseph,FW,2,Ferencváros
Haiti,Louicius Don Deedson,FW,0,
Haiti,Josué Casimir,FW,7,Auxerre
Haiti,Ruben Providence,FW,15,Almere City
Iran,Hossein Hosseini,GK,13,Sepahan
Iran,Payam Niazmand,GK,15,Persepolis
Iran,Alireza Beiranvand,GK,86,Tractor
Iran,Ehsan Hajsafi,DF,146,Sepahan
Iran,Ramin Rezaeian,DF,74,Foolad
Iran,Milad Mohammadi,DF,76,Persepolis
Iran,Hossein Kanaanizadegan,DF,65,Persepolis
Iran,Shojae Khalilzadeh,DF,58,Tractor
Iran,Rouzbeh Cheshmi,DF,40,Esteghlal
Iran,Saleh Hardani,DF,18,Esteghlal
Iran,Ali Nemati,DF,17,Foolad
Iran,Danial Eiri,DF,0,Malavan
Iran,Saeid Ezatolahi,MF,83,Shabab Al Ahli
Iran,Mehdi Torabi,MF,52,Tractor
Iran,Mohammad Ghorbani,MF,16,Al Wahda
Iran,Ariya Yousefi,MF,0,
Iran,Medhi Ghayedi,MF,0,
Iran,Amir Razzaghinia,MF,0,
Iran,Alireza Jahanbakhsh,FW,98,Dender
Iran,Mehdi Taremi,FW,105,Olympiacos
Iran,Dennis Eckert,FW,0,Standard Liège
Iran,Ali Alipour,FW,14,Persepolis
Iran,Shahriar Moghanlou,FW,0,
Iran,Mohammad Mohebi,FW,36,Rostov
Iran,Saman Ghoddos,FW,68,Kalba
Iran,Amir Hosseinzadeh,FW,0,
Bosnia and Herzegovina,Martin Zlomislić,GK,3,Rijeka
Bosnia and Herzegovina,Nikola Vasilj,GK,26,FC St. Pauli
Bosnia and Herzegovina,Mladen Jurkas,GK,0,Borac Banja Luka
Bosnia and Herzegovina,Sead Kolašinac,DF,65,Atalanta
Bosnia and Herzegovina,Dennis Hadžikadunić,DF,32,Sampdoria
Bosnia and Herzegovina,Nihad Mujakić,DF,12,Gaziantep
Bosnia and Herzegovina,Nikola Katić,DF,17,Schalke 04
Bosnia and Herzegovina,Stjepan Radeljić,DF,5,Rijeka
Bosnia and Herzegovina,Amar Dedić,DF,28,Benfica
Bosnia and Herzegovina,Tarik Muharemović,DF,14,Sassuolo
Bosnia and Herzegovina,Arjan Malic,DF,0,
Bosnia and Herzegovina,Dženis Burnić,MF,20,Karlsruher SC
Bosnia and Herzegovina,Ivan Šunjić,MF,11,Pafos
Bosnia and Herzegovina,Amir Hadžiahmetović,MF,36,Hull City
Bosnia and Herzegovina,Armin Gigovic,MF,20,Young Boys
Bosnia and Herzegovina,Ivan Bašić,MF,17,Astana
Bosnia and Herzegovina,Benjamin Tahirovic,MF,28,Brøndby
Bosnia and Herzegovina,Ermin Mahmic,MF,2,Slovan Liberec
Bosnia and Herzegovina,Amar Memić,MF,13,Viktoria Plzeň
Bosnia and Herzegovina,Edin Džeko,FW,148,Schalke 04
Bosnia and Herzegovina,Jovo Lukić,FW,3,Universitatea Cluj
Bosnia and Herzegovina,Ermedin Demirovic,FW,40,VfB Stuttgart
Bosnia and Herzegovina,Haris Tabaković,FW,10,Borussia Mönchengladbach
Bosnia and Herzegovina,Samed Bazdar,FW,13,Jagiellonia Białystok
Bosnia and Herzegovina,Esmir Bajraktarevic,FW,16,PSV Eindhoven
Bosnia and Herzegovina,Kerim Alajbegović,FW,10,Red Bull Salzburg
Panama,Luis Mejía,GK,56,Nacional
Panama,Orlando Mosquera,GK,48,Al-Fayha
Panama,Cesar Samudio,GK,5,Marathón
Panama,Roderick Miller,DF,50,Turan Tovuz
Panama,Fidel Escobar,DF,99,Saprissa
Panama,Éric Davis,DF,107,Plaza Amador
Panama,Andrés Andrade,DF,50,LASK
Panama,César Blackman,DF,40,Slovan Bratislava
Panama,Jiovany Ramos,DF,23,Puerto Cabello
Panama,José Cordoba,DF,32,Norwich City
Panama,Michael Murillo,DF,0,
Panama,Edgardo Fariña,DF,18,Pari Nizhny Novgorod
Panama,Jorge Gutiérrez,DF,18,Deportivo La Guaira
Panama,Adalberto Carrasquilla,MF,73,UNAM
Panama,José Luis Rodríguez,MF,70,Juárez
Panama,Cecilio Waterman,MF,55,Universidad de Concepción
Panama,Édgar Bárcenas,MF,0,
Panama,Aníbal Godoy,MF,159,San Diego FC
Panama,Alberto Quintero,MF,141,Plaza Amador
Panama,Carlos Harvey,MF,28,Minnesota United FC
Panama,César Yanis,MF,56,Cobresal
Panama,Christian Martinez,MF,0,
Panama,José Fajardo,FW,68,Universidad Católica
Panama,Ismael Díaz,FW,57,León
Panama,Tomas Rodriguez,FW,13,Saprissa
Panama,Azarias Londoño,FW,11,Universidad Católica
Cape Verde,Márcio Rosa,GK,11,Montana
Cape Verde,Vózinha,GK,86,Chaves
Cape Verde,C.J. dos Santos,GK,0,
Cape Verde,Steven Moreira,DF,20,Columbus Crew
Cape Verde,Logan Costa,DF,28,Villarreal
Cape Verde,Roberto Lopes,DF,45,Shamrock Rovers
Cape Verde,Diney Borges,DF,0,
Cape Verde,Stopira,DF,62,Torreense
Cape Verde,Sidny Lopes Cabral,DF,9,Benfica
Cape Verde,Wagner Pina,DF,13,Trabzonspor
Cape Verde,Kelvin Pires,DF,5,SJK
Cape Verde,Deroy Duarte,MF,30,Ludogorets Razgrad
Cape Verde,Garry Rodrigues,MF,60,Apollon Limassol
Cape Verde,Kevin Pina,MF,31,Krasnodar
Cape Verde,Laros Duarte,MF,13,Puskás Akadémia
Cape Verde,Yannick Semedo,MF,10,Farense
Cape Verde,Telmo Arcanjo,MF,16,Vitória de Guimarães
Cape Verde,Jamiro Monteiro,MF,55,PEC Zwolle
Cape Verde,João Paulo,MF,42,FCSB
Cape Verde,Willy Semedo,FW,38,Omonia
Cape Verde,Ryan Mendes,FW,98,Iğdır
Cape Verde,Jovane Cabral,FW,27,Estrela Amadora
Cape Verde,Gilson Tavares,FW,0,
Cape Verde,Nuno Da Costa,FW,9,İstanbul Başakşehir
Cape Verde,Dailon Rocha Livramento,FW,0,
Cape Verde,Hélio Varela,FW,20,Maccabi Tel Aviv
DR Congo,Timothy Fayulu,GK,3,Noah
DR Congo,Lionel Mpasi,GK,28,Le Havre
DR Congo,Matthieu Epolo,GK,1,Standard Liège
DR Congo,Axel Tuanzebe,DF,13,Burnley
DR Congo,Chancel Mbemba,DF,108,Lille
DR Congo,Aaron Wan-Bissaka,DF,11,West Ham United
DR Congo,Arthur Masuaku,DF,45,Lens
DR Congo,Joris Kayembe,DF,25,Genk
DR Congo,Dylan Batubinsika,DF,14,AEL
DR Congo,Gédéon Kalulu,DF,28,Aris Limassol
DR Congo,Steve Kapuadi,DF,4,Widzew Łódź
DR Congo,Gaël Kakuta,MF,30,AEL
DR Congo,Samuel Moutoussamy,MF,57,Atromitos
DR Congo,Edo Kayembe,MF,42,Watford
DR Congo,Aaron Tshibola,MF,16,Kilmarnock
DR Congo,Charles Pickel,MF,34,Espanyol
DR Congo,Noah Sadiki,MF,19,Sunderland
DR Congo,Ngal'ayel Mukau,MF,13,Lille
DR Congo,Yoane Wissa,FW,37,Newcastle United
DR Congo,Theo Bongonda,FW,37,Spartak Moscow
DR Congo,Cédric Bakambu,FW,69,Real Betis
DR Congo,Simon Banza,FW,15,Al Jazira
DR Congo,Nathanael Mbuku,FW,18,Montpellier
DR Congo,Meschack Elia,FW,0,
DR Congo,Brian Cipenga,FW,7,Castellón
DR Congo,Fiston Mayele,FW,37,Pyramids
Ivory Coast,Yahia Fofana,GK,35,Çaykur Rizespor
Ivory Coast,Alban Lafont,GK,4,Panathinaikos
Ivory Coast,Mohamed Kone,GK,0,Charleroi
Ivory Coast,Evan N'Dicka,DF,0,
Ivory Coast,Christopher Operi,DF,12,İstanbul Başakşehir
Ivory Coast,Ghislain Konan,DF,54,Gil Vicente
Ivory Coast,Wilfried Singo,DF,34,Galatasaray
Ivory Coast,Guela Doué,DF,20,Strasbourg
Ivory Coast,Emmanuel Agbadou,DF,20,Beşiktaş
Ivory Coast,Odilon Kossounou,DF,35,Atalanta
Ivory Coast,Ousmane Diomande,DF,15,Sporting CP
Ivory Coast,Franck Kessié,MF,103,Al-Ahli
Ivory Coast,Seko Fofana,MF,32,Porto
Ivory Coast,Ibrahim Sangaré,MF,58,Nottingham Forest
Ivory Coast,Jean Michaël Seri,MF,65,Maribor
Ivory Coast,Amad Diallo,MF,19,Manchester United
Ivory Coast,Parfait Guiagon,MF,5,Charleroi
Ivory Coast,Christ Ravynel Inao Oulaï,MF,0,
Ivory Coast,Nicolas Pépé,FW,55,Villarreal
Ivory Coast,Evann Guessand,FW,21,Crystal Palace
Ivory Coast,Ange-Yoan Bonny,FW,1,Inter Milan
Ivory Coast,Sepe Elye Wahi,FW,0,
Ivory Coast,Simon Adingra,FW,29,Monaco
Ivory Coast,Oumar Diakite,FW,29,Cercle Brugge
Ivory Coast,Bazoumana Touré,FW,6,TSG Hoffenheim
Ivory Coast,Yan Diomandé,FW,10,RB Leipzig
Qatar,Salah Zakaria,GK,8,Al-Duhail
Qatar,Meshaal Barsham,GK,52,Al-Sadd
Qatar,Mahmoud Abunada,GK,0,
Qatar,Boualem Khoukhi,DF,116,Al-Sadd
Qatar,Jassem Gaber Abdulsallam,DF,0,
Qatar,Homam Ahmed,DF,68,Cultural Leonesa
Qatar,Ró-Ró,DF,0,
Qatar,Lucas Mendes,DF,25,Al-Wakrah
Qatar,Sultan Al Brake,DF,17,Al-Duhail
Qatar,Hashemi Al Hussain,DF,0,
Qatar,Issa Laye,DF,4,Al-Arabi
Qatar,Ayoub Al-Oui,DF,6,Al-Gharafa
Qatar,Assim Madibo,MF,51,Al-Wakrah
Qatar,Abdulaziz Hatem,MF,117,Al-Rayyan
Qatar,Karim Boudiaf,MF,118,Al-Duhail
Qatar,Ahmed Fathy,MF,48,Al-Arabi
Qatar,Yusuf Abdurisag,MF,39,Al-Wakrah
Qatar,Ahmed Al Ganehi,MF,13,Al-Gharafa
Qatar,Tahsin Jamshid,MF,3,Al-Duhail
Qatar,Mohamed Al-Mannai,MF,0,
Qatar,Akram Afif,FW,125,Al-Sadd
Qatar,Almoez Ali,FW,115,Al-Duhail
Qatar,Mohammed Muntari,FW,67,Al-Gharafa
Qatar,Hassan Al Haydos,FW,186,Al-Sadd
Qatar,Ahmed Alaa Eldin,FW,0,
Qatar,Edmílson,FW,0,
Jordan,Yazeed Abu Layla,GK,0,
Jordan,Abdallah Al Fakhouri,GK,11,Al-Wehdat
Jordan,Noureddin Bani Ateyah,GK,0,
Jordan,Ehsan Haddad,DF,0,
Jordan,Saleem Obaid,DF,0,
Jordan,Yazan Al Arab,DF,80,FC Seoul
Jordan,Mohammad Abualnadi,DF,0,
Jordan,Abdallah Naseeb,DF,0,
Jordan,Saed Al Rosan,DF,21,Al-Hussein
Jordan,Husam Abu Dahab,DF,18,Al-Faisaly
Jordan,Anas Badawi,DF,1,Al-Faisaly
Jordan,Nizar Al Rashdan,MF,47,Qatar SC
Jordan,Rajaei Ayed,MF,72,Al-Hussein
Jordan,Noor Al Rawabdeh,MF,68,Selangor
Jordan,Mohammad Abu Hasheesh,MF,0,
Jordan,Ibrahim Saadeh,MF,0,
Jordan,Mohammad Al-Dawoud,MF,13,Al-Wehdat
Jordan,Amer Jamous,MF,19,Al-Zawraa
Jordan,Musa Al Taamari,FW,92,Rennes
Jordan,Mahmoud Al Mardi,FW,89,Al-Hussein
Jordan,Ali Olwan,FW,66,Al-Sailiya
Jordan,Mohannad Abu Taha,FW,29,Al-Quwa Al-Jawiya
Jordan,Mohammad Abu Zrayq,FW,41,Raja Casablanca
Jordan,Ibrahim Sabra,FW,0,
Jordan,Odeh Fakhoury,FW,0,
Jordan,Ali Azaizeh,FW,4,Al-Shabab
Iraq,Jalal Hassan,GK,101,Al-Zawraa
Iraq,Fahad Talib,GK,21,Al-Talaba
Iraq,Ahmed Basil,GK,15,Al-Shorta
Iraq,Hussein Ali,DF,26,Pogoń Szczecin
Iraq,Merchas Doski,DF,31,Viktoria Plzeň
Iraq,Rebin Sulaka,DF,55,Port
Iraq,Mustafa Saadoun,DF,0,
Iraq,Ahmed Yahya,DF,0,
Iraq,Frans Putros,DF,27,Persib
Iraq,Zaid Tahseen,DF,27,Pakhtakor
Iraq,Manaf Younis,DF,33,Al-Shorta
Iraq,Akam Hashem,DF,0,
Iraq,Amir Al Ammari,MF,50,Cracovia
Iraq,Kevin Yakob,MF,8,AGF
Iraq,Aimar Sher,MF,6,Sarpsborg 08
Iraq,Ibrahim Bayesh,MF,75,Al Dhafra
Iraq,Youssef Amyn,MF,26,AEK Larnaca
Iraq,Ahmed Qasem,MF,2,Nashville SC
Iraq,Zidane Iqbal,MF,24,Utrecht
Iraq,Zaid Ismail,MF,6,Al-Talaba
Iraq,Aymen Hussein,FW,94,Al-Karma
Iraq,Ali Al-Hamadi,FW,19,Luton Town
Iraq,Marko Farji,FW,11,Venezia
Iraq,Ali Jassim El-Aibi,FW,0,
Iraq,Mohanad Ali,FW,71,Dibba
Iraq,Ali Yousif,FW,6,Al-Talaba
Uzbekistan,Abduvakhid Nematov,GK,0,
Uzbekistan,Botir Ergashev,GK,0,
Uzbekistan,Utkir Yusupov,GK,40,Navbahor Namangan
Uzbekistan,Rustam Ashurmatov,DF,49,Esteghlal
Uzbekistan,Umar Eshmurodov,DF,29,Nasaf
Uzbekistan,Abdukodir Khusanov,DF,27,Manchester City
Uzbekistan,Jakhongir O'rozov,DF,0,
Uzbekistan,Farrukh Sayfiyev,DF,0,
Uzbekistan,Khodjiakbar Alijonov,DF,0,
Uzbekistan,Sherzod Nasrullayev,DF,0,
Uzbekistan,Abdulla Abdullayev,DF,0,
Uzbekistan,Bekhruz Karimov,DF,2,Surkhon Termiz
Uzbekistan,Avazbek Ulmasaliev,DF,0,AGMK
Uzbekistan,Dostonbek Xamdamov,MF,0,
Uzbekistan,Otabek Shukurov,MF,84,Baniyas
Uzbekistan,Oston Urunov,MF,42,Persepolis
Uzbekistan,Jamshid Iskanderov,MF,38,Neftchi Fergana
Uzbekistan,Akmal Mozgovoy,MF,25,Pakhtakor
Uzbekistan,Abbosbek Fayzullaev,MF,32,İstanbul Başakşehir
Uzbekistan,Azizjon Ganiev,MF,19,Al Bataeh
Uzbekistan,Odiljon Hamrobekov,MF,72,Tractor
Uzbekistan,Sherzod Esanov,MF,1,Bukhara
Uzbekistan,Eldor Shomurodov,FW,92,İstanbul Başakşehir
Uzbekistan,Igor Sergeev,FW,83,Persepolis
Uzbekistan,Ruslanbek Jiyanov,FW,0,
Uzbekistan,Azizbek Amonov,FW,12,Dinamo Samarqand
Netherlands,Mark Flekken,GK,12,Bayer Leverkusen
Netherlands,Bart Verbruggen,GK,29,Brighton & Hove Albion
Netherlands,Robin Roefs,GK,1,Sunderland
Netherlands,Denzel Dumfries,DF,72,Inter Milan
Netherlands,Virgil van Dijk,DF,92,Liverpool
Netherlands,Nathan Aké,DF,59,Manchester City
Netherlands,Jan Paul van Hecke,DF,12,Brighton & Hove Albion
Netherlands,Jurrien Timber,DF,0,
Netherlands,Mickey van de Ven,DF,0,
Netherlands,Jorrel Hato,DF,8,Chelsea
Netherlands,Marten de Roon,MF,43,Atalanta
Netherlands,Donyell Malen,MF,53,Roma
Netherlands,Frenkie de Jong,MF,66,Barcelona
Netherlands,Noa Lang,MF,15,Galatasaray
Netherlands,Guus Til,MF,7,PSV Eindhoven
Netherlands,Teun Koopmeiners,MF,28,Juventus
Netherlands,Tijjani Reijnders,MF,32,Manchester City
Netherlands,Ryan Gravenberch,MF,27,Liverpool
Netherlands,Mats Wieffer,MF,15,Brighton & Hove Albion
Netherlands,Quinten Timber,MF,11,Marseille
Netherlands,Crysencio Summerville,MF,2,West Ham United
Netherlands,Cody Gakpo,FW,50,Liverpool
Netherlands,Justin Kluivert,FW,12,Bournemouth
Netherlands,Wout Weghorst,FW,52,Ajax
Netherlands,Memphis Depay,FW,109,Corinthians
Netherlands,Brian Brobbey,FW,12,Sunderland
Norway,Ørjan Nyland,GK,71,Sevilla
Norway,Egil Selvik,GK,7,Watford
Norway,Sander Tangvik,GK,0,Hamburger SV
Norway,Kristoffer Ajer,DF,52,Brentford
Norway,Torbjørn Heggem,DF,15,Bologna
Norway,Fredrik Bjørkan,DF,0,
Norway,Marcus Pedersen,DF,0,
Norway,Julian Ryerson,DF,43,Borussia Dortmund
Norway,Leo Østigård,DF,38,Genoa
Norway,Henrik Falchener,DF,1,Viking
Norway,Sondre Langås,DF,3,Derby County
Norway,David Wolfe,DF,0,
Norway,Morten Thorsby,MF,31,Cremonese
Norway,Martin Ødegaard,MF,68,Arsenal
Norway,Sander Berge,MF,66,Fulham
Norway,Patrick Berg,MF,43,Bodø/Glimt
Norway,Fredrik Aursnes,MF,22,Benfica
Norway,Kristian Thorstvedt,MF,37,Sassuolo
Norway,Thelo Aasgaard,MF,8,Rangers
Norway,Antonio Nusa,MF,24,RB Leipzig
Norway,Oscar Bobb,MF,20,Fulham
Norway,Alexander Sørloth,FW,72,Atlético Madrid
Norway,Jens Hauge,FW,0,
Norway,Erling Haaland,FW,50,Manchester City
Norway,Andreas Schjelderup,FW,12,Benfica
Norway,Jørgen Strand Larsen,FW,28,Crystal Palace
Scotland,Angus Gunn,GK,22,Nottingham Forest
Scotland,Craig Gordon,GK,84,Heart of Midlothian
Scotland,Liam Kelly,GK,3,Rangers
Scotland,Grant Hanley,DF,68,Hibernian
Scotland,Dominic Hyam,DF,4,Wrexham
Scotland,Andrew Robertson,DF,0,
Scotland,Kieran Tierney,DF,56,Celtic
Scotland,Jack Hendry,DF,38,Al-Ettifaq
Scotland,Anthony Ralston,DF,27,Celtic
Scotland,John Souttar,DF,24,Rangers
Scotland,Scott McKenna,DF,50,Dinamo Zagreb
Scotland,Aaron Hickey,DF,21,Brentford
Scotland,Nathan Patterson,DF,26,Everton
Scotland,Scott McTominay,MF,70,Napoli
Scotland,Kenny McLean,MF,58,Norwich City
Scotland,Ryan Christie,MF,68,Bournemouth
Scotland,Lewis Ferguson,MF,24,Bologna
Scotland,John McGinn,MF,86,Aston Villa
Scotland,Ben Doak,MF,0,
Scotland,Findlay Curtis,MF,3,Kilmarnock
Scotland,Tyler Fletcher,MF,2,Manchester United
Scotland,Che Adams,FW,47,Torino
Scotland,George Hirst,FW,10,Ipswich Town
Scotland,Ross Stewart,FW,3,Southampton
Scotland,Lyndon Dykes,FW,51,Charlton Athletic
Scotland,Lawrence Shankland,FW,20,Heart of Midlothian
Curaçao,Trevor Doornbusch,GK,8,VVV-Venlo
Curaçao,Eloy Room,GK,71,Miami FC
Curaçao,Tyrick Bodak,GK,4,Telstar
Curaçao,Roshon van Eijma,DF,28,RKC Waalwijk
Curaçao,Joshua Brenet,DF,18,Kayserispor
Curaçao,Armando Obispo,DF,6,PSV Eindhoven
Curaçao,Sheral Floranus,DF,0,
Curaçao,Riechedly Bazoer,DF,5,Konyaspor
Curaçao,Juriën Gaari,DF,60,Abha
Curaçao,Shurandy Sambo,DF,8,Sparta Rotterdam
Curaçao,Ar'jany Martha,DF,9,Rotherham United
Curaçao,Livano Comenencia,DF,20,Zürich
Curaçao,Deveron Fonville,DF,2,NEC
Curaçao,Tyrese Noslin,DF,7,Telstar
Curaçao,Leandro Bacuna,MF,72,Iğdır
Curaçao,Godfried Roemeratoe,MF,28,RKC Waalwijk
Curaçao,Juninho Bacuna,MF,49,Volendam
Curaçao,Kevin Felida,MF,19,Den Bosch
Curaçao,Gervane Kastaneer,FW,29,Terengganu
Curaçao,Kenji Gorré,FW,38,Maccabi Haifa
Curaçao,Jürgen Locadia,FW,13,Miami FC
Curaçao,Tahith Chong,FW,6,Sheffield United
Curaçao,Sontje Hansen,FW,6,Middlesbrough
Curaçao,Jearl Margaritha,FW,22,Beveren
Curaçao,Jeremy Antonisse,FW,27,Kifisia
Curaçao,Brandley Kuwas,FW,35,Volendam
